Date,Open,High,Low,Close,Volume
2015-06-26,6.4977,6.7845,6.1464,6.5269,12372500.0
2015-06-29,6.5562,6.5562,6.1757,6.4567,2099000.0
2015-06-30,6.5562,6.5562,6.4391,6.445,1207000.0
2015-07-01,6.4625,6.4684,6.4333,6.4391,13148500.0
2015-07-02,6.4508,6.4684,6.4333,6.4391,1994500.0
2015-07-03,6.4625,6.4684,6.322,6.3923,2715000.0
2015-07-06,6.3513,6.3747,6.2811,6.2928,492000.0
2015-07-07,6.2928,6.3513,6.1464,6.1698,649500.0
2015-07-08,6.1581,6.1581,5.8889,6.0235,467500.0
2015-07-09,6.0001,6.1464,6.0001,6.0586,328000.0
2015-07-10,6.0001,6.1581,6.0001,6.122999999999999,534500.0
2015-07-13,6.1055,6.3806,6.1055,6.1523,325000.0
2015-07-14,6.1406,6.2635,6.1172,6.2577,247500.0
2015-07-15,6.3045,6.322,6.1933,6.2811,147500.0
2015-07-16,6.2928,6.5855,6.205,6.4977,1571000.0
2015-07-17,6.2928,6.5855,6.205,6.4977,1571000.0
2015-07-20,6.2928,6.5855,6.205,6.4977,1571000.0
2015-07-21,6.2928,6.5855,6.205,6.4977,1571000.0
2015-07-22,6.4391,6.4918,6.3806,6.4157,606000.0
2015-07-23,6.3103,6.4684,6.3103,6.3629999999999995,437000.0
2015-07-24,6.3396,6.4684,6.2928,6.3162,338500.0
2015-07-27,6.2752,6.3455,6.1523,6.2342,318000.0
2015-07-28,6.1523,6.3279,6.1523,6.205,97000.0
2015-07-29,6.2635,6.2635,6.122999999999999,6.1523,202000.0
2015-07-30,6.2342,6.3162,6.1464,6.1581,153500.0
2015-07-31,6.1581,6.4684,6.1581,6.445,1276000.0
2015-08-03,6.4274,6.4274,6.2342,6.3103,62000.0
2015-08-04,6.2694,6.322,6.1698,6.2167,511000.0
2015-08-05,6.1757,6.2752,6.1757,6.205,366500.0
2015-08-06,6.2342,6.4391,6.2167,6.2928,1283500.0
2015-08-07,6.3162,6.3513,6.2635,6.2986,49500.0
2015-08-10,6.2752,6.3162,6.205,6.2869,73000.0
2015-08-11,6.3103,6.4098,6.205,6.2284,628000.0
2015-08-12,6.2635,6.2811,6.1874,6.2167,182500.0
2015-08-13,6.1874,6.2928,6.1874,6.2459,77000.0
2015-08-14,6.1874,6.2928,6.1874,6.2459,77000.0
2015-08-17,6.2108,6.2928,6.205,6.2459,291500.0
2015-08-18,6.2342,6.3513,6.2342,6.2986,385500.0
2015-08-19,6.322,6.3689,6.2108,6.2577,862500.0
2015-08-20,6.1757,6.2518,6.1464,6.164,279500.0
2015-08-21,6.1523,6.1523,6.0118,6.1172,246500.0
2015-08-24,5.9884,6.1113,5.6196,5.8128,470500.0
2015-08-25,5.8128,6.1055,5.7367,6.0001,285000.0
2015-08-26,5.9415,6.1464,5.9123,5.965,299000.0
2015-08-27,6.0703,6.082000000000001,5.9708,5.9767,22500.0
2015-08-28,5.9708,6.205,5.9474,6.164,197500.0
2015-08-31,5.9884,6.1347,5.9708,6.0469,97000.0
2015-09-01,6.2342,6.2342,5.9767,6.0235,137500.0
2015-09-02,5.9708,6.0703,5.9708,6.0176,228000.0
2015-09-03,6.0059,6.0879,6.0001,6.0059,77500.0
2015-09-04,5.9767,6.0118,5.8537,5.9825,55000.0
2015-09-07,5.9357,5.9415,5.8479,5.9123,637500.0
2015-09-08,5.8420000000000005,5.9825,5.8420000000000005,5.9181,190000.0
2015-09-09,5.8654,6.0059,5.8654,6.0059,52000.0
2015-09-10,5.8713,6.0001,5.8713,5.9298,26000.0
2015-09-11,5.8772,5.9474,5.8596,5.9357,21500.0
2015-09-14,5.9357,6.0879,5.8537,5.9767,447500.0
2015-09-15,5.9708,6.0294,5.9123,5.9942,46000.0
2015-09-16,5.9591,6.0528,5.9123,5.9474,24000.0
2015-09-17,5.9239999999999995,6.0235,5.9123,6.0059,45000.0
2015-09-18,6.0001,6.0294,5.9415,6.0059,122000.0
2015-09-21,5.9708,6.1464,5.9123,5.9181,357500.0
2015-09-22,5.9239999999999995,5.9415,5.8596,5.882999999999999,151500.0
2015-09-23,5.9123,6.0294,5.8654,5.9942,132500.0
2015-09-24,5.9123,6.0294,5.8654,5.9942,132500.0
2015-09-25,5.9123,6.0294,5.8654,5.9942,132500.0
2015-09-28,6.082000000000001,6.082000000000001,5.9123,5.9415,24500.0
2015-09-29,5.8654,5.9298,5.8537,5.9123,201000.0
2015-09-30,5.8596,6.3806,5.8537,6.1816,601000.0
2015-10-01,6.0294,6.082000000000001,5.9708,5.9767,63500.0
2015-10-02,6.0001,6.0294,5.9767,6.0001,83500.0
2015-10-05,6.0001,6.0001,5.9415,5.9591,87000.0
2015-10-06,5.9708,5.9825,5.9415,5.9474,254000.0
2015-10-07,5.9474,5.9533,5.8889,5.9298,48000.0
2015-10-08,5.9415,6.0469,5.8947,5.9884,3306500.0
2015-10-09,6.0001,6.0001,5.9415,5.9825,119000.0
2015-10-12,5.9357,6.1464,5.9357,6.0645,225000.0
2015-10-13,5.9825,6.0352,5.9825,6.0352,18000.0
2015-10-14,6.0703,6.0879,5.9708,6.0176,405500.0
2015-10-15,6.0879,6.0879,6.0001,6.0469,136500.0
2015-10-16,6.0586,6.082000000000001,5.9767,6.0001,124000.0
2015-10-19,6.0001,6.0001,5.9057,5.9824,66500.0
2015-10-20,5.9588,6.0178,5.9588,5.9883,276500.0
2015-10-21,5.9883,5.9883,5.8998,5.9588,144500.0
2015-10-22,5.9588,6.0178,5.8998,5.947,207000.0
2015-10-23,5.9588,6.0178,5.8998,5.947,207000.0
2015-10-26,6.006,6.183,5.947,6.1417,257500.0
2015-10-27,6.1299,6.1358,5.9883,6.006,191000.0
2015-10-28,5.9883,6.0178,5.9883,5.9883,58500.0
2015-10-29,6.0414,6.0414,5.9883,5.9883,74500.0
2015-10-30,5.9588,6.0178,5.947,5.9647,55000.0
2015-11-02,5.9883,6.0473,5.9588,6.0119,168500.0
2015-11-03,5.9588,6.0178,5.9588,6.0001,73500.0
2015-11-04,5.9942,6.0473,5.8998,5.9706,2384500.0
2015-11-05,5.9588,5.9883,5.9411,5.9824,80500.0
2015-11-06,5.947,5.9883,5.8998,5.9293,152500.0
2015-11-09,5.9057,6.0532,5.9057,6.0473,518000.0
2015-11-10,6.0178,6.0532,5.9293,6.0473,304000.0
2015-11-11,5.9588,6.1004,5.9588,6.0473,239000.0
2015-11-12,5.9942,6.1122,5.9942,6.1004,311000.0
2015-11-13,6.1063,6.1476,6.1063,6.1299,362000.0
2015-11-16,5.9647,6.2066,5.9588,6.1771,250500.0
2015-11-17,6.1948,6.2243,6.1122,6.1358,166000.0
2015-11-18,6.1122,6.2243,6.1122,6.1417,150500.0
2015-11-19,6.1653,6.2302,6.1358,6.2007,117500.0
2015-11-20,6.2007,6.2243,6.2007,6.2184,61500.0
2015-11-23,6.3069,6.3069,6.1948,6.2007,83000.0
2015-11-24,6.1948,6.2243,6.1889,6.1948,230500.0
2015-11-25,6.2007,6.2833,6.1948,6.2715,362000.0
2015-11-26,6.2007,6.3718,6.0768,6.2479,131500.0
2015-11-27,6.1948,6.2243,6.1948,6.1948,66000.0
2015-11-30,6.1948,6.1948,6.1181,6.1358,614000.0
2015-12-01,6.124,6.1948,6.0178,6.0237,214500.0
2015-12-02,6.0768,6.1063,5.9883,6.0473,562500.0
2015-12-03,6.0178,6.2184,5.9647,5.9942,149500.0
2015-12-04,6.0178,6.1358,6.0178,6.065,47000.0
2015-12-07,5.9588,6.0886,5.9529,6.065,3383000.0
2015-12-08,6.0768,6.1063,6.0473,6.0591,125500.0
2015-12-09,6.0355,6.1594,6.0355,6.065,18000.0
2015-12-10,6.1063,6.1063,6.0237,6.0591,56000.0
2015-12-11,6.0532,6.0768,6.0473,6.065,21500.0
2015-12-14,6.0178,6.0768,5.9765,6.0473,2759500.0
2015-12-15,6.0473,6.1063,6.0473,6.0768,33500.0
2015-12-16,6.0768,6.3423,6.0532,6.1358,1241500.0
2015-12-17,6.1299,6.1358,6.0886,6.1063,100500.0
2015-12-18,6.1653,6.1948,6.0473,6.0768,51500.0
2015-12-21,6.0768,6.1771,6.0473,6.0827,39000.0
2015-12-22,6.0768,6.1594,6.0768,6.1594,208500.0
2015-12-23,6.2184,6.2243,6.1358,6.1948,367000.0
2015-12-24,6.2184,6.2243,6.1358,6.1948,367000.0
2015-12-25,6.2184,6.2243,6.1358,6.1948,367000.0
2015-12-28,6.2774,6.3128,6.1653,6.2597,420500.0
2015-12-29,6.301,6.3069,6.0178,6.1653,801000.0
2015-12-30,6.1358,6.2066,6.1358,6.1948,106500.0
2015-12-31,6.2479,6.3718,6.2361,6.3305,1288000.0
2016-01-01,6.3069,6.3069,6.2007,6.2243,21000.0
2016-01-04,6.2243,6.2833,6.2007,6.2066,19500.0
2016-01-05,6.1122,6.2243,6.1122,6.1948,35000.0
2016-01-06,6.1653,6.1653,6.1181,6.1358,74000.0
2016-01-07,6.1063,6.1948,6.1063,6.1948,4676500.0
2016-01-08,6.2538,6.2538,6.1417,6.1535,10000.0
2016-01-11,6.1122,6.1063,6.065,6.065,141500.0
2016-01-12,6.0768,6.1653,6.065,6.065,41000.0
2016-01-13,6.0709,6.0709,6.0709,6.0709,3500.0
2016-01-14,6.0178,6.1004,6.006,6.0709,323000.0
2016-01-15,6.0768,6.0768,6.0473,6.0591,323500.0
2016-01-18,5.8998,6.1299,5.8998,5.9883,3433500.0
2016-01-19,6.0237,6.0473,6.0237,6.0296,127000.0
2016-01-20,6.0768,6.0768,6.0237,6.0237,11500.0
2016-01-21,6.0237,6.0827,6.006,6.0768,35000.0
2016-01-22,5.9706,6.0296,5.9411,6.0119,53000.0
2016-01-25,6.1181,6.1181,6.006,6.0119,20500.0
2016-01-26,5.9706,6.0178,5.9706,6.0178,4500.0
2016-01-27,5.9706,6.0473,5.9057,5.947,353500.0
2016-01-28,6.0178,6.0355,5.9057,5.9234,459000.0
2016-01-29,5.9588,6.0178,5.7818,5.8939,155000.0
2016-02-01,5.9116,6.0178,5.9116,5.9883,29500.0
2016-02-02,6.0473,6.0532,5.9883,6.0119,9000.0
2016-02-03,6.0119,6.0178,5.9883,5.9883,10500.0
2016-02-04,6.0178,6.0178,5.947,5.9588,181000.0
2016-02-05,6.0178,6.0178,5.947,5.9588,181000.0
2016-02-08,6.0178,6.0178,5.9293,5.9529,145000.0
2016-02-09,5.9175,6.1063,5.8998,6.0001,287500.0
2016-02-10,5.9588,5.9588,5.9411,5.947,48500.0
2016-02-11,5.9352,6.0178,5.9293,5.9411,13500.0
2016-02-12,5.9057,6.0178,5.8998,5.9529,14500.0
2016-02-15,6.0178,6.0178,5.8998,5.9234,290000.0
2016-02-16,5.9057,6.0296,5.9057,6.006,106000.0
2016-02-17,5.9647,5.9706,5.9588,5.9588,16000.0
2016-02-18,5.9824,6.006,5.9057,5.9411,129500.0
2016-02-19,5.8113,5.9234,5.8113,5.8998,2749500.0
2016-02-22,5.8998,5.8998,5.829,5.8349,57500.0
2016-02-23,5.8113,5.9529,5.7818,5.8703,300000.0
2016-02-24,5.8408,5.9293,5.8408,5.8998,227000.0
2016-02-25,5.8998,5.9588,5.8998,5.9529,66500.0
2016-02-26,5.8821,5.9824,5.8821,5.8998,49000.0
2016-02-29,5.8998,5.9293,5.8998,5.8998,47500.0
2016-03-01,5.9293,5.9293,5.8998,5.9057,64000.0
2016-03-02,5.9057,5.9529,5.9057,5.9293,30000.0
2016-03-03,5.9824,5.9824,5.8998,5.9057,46500.0
2016-03-04,5.8998,5.9824,5.8998,5.9057,12500.0
2016-03-07,5.9942,6.0532,6.0178,6.0532,332500.0
2016-03-08,6.0709,6.0768,6.0473,6.0473,109000.0
2016-03-09,6.0178,6.0768,6.0178,6.065,84500.0
2016-03-10,6.0473,6.0768,6.0473,6.0473,64000.0
2016-03-11,6.0768,6.0768,6.0473,6.0532,254500.0
2016-03-14,5.9411,6.0768,5.9411,6.0532,36000.0
2016-03-15,6.0768,6.1417,6.0473,6.0473,23000.0
2016-03-16,6.0473,6.0768,6.0473,6.0473,39000.0
2016-03-17,6.0768,6.1948,6.0768,6.0827,130000.0
2016-03-18,6.1299,6.1948,6.1358,6.1653,3507000.0
2016-03-21,6.1948,6.3069,6.1948,6.2656,146000.0
2016-03-22,6.2243,6.2243,6.1653,6.183,41000.0
2016-03-23,6.2243,6.2243,6.1653,6.183,41000.0
2016-03-24,6.2184,6.2184,6.1063,6.1063,37500.0
2016-03-25,6.1358,6.2361,6.1299,6.1299,508000.0
2016-03-28,6.0768,6.1122,6.0768,6.1063,11000.0
2016-03-29,6.1948,6.1948,6.1358,6.1358,4000.0
2016-03-30,6.0768,6.2833,6.0768,6.1712,127500.0
2016-03-31,6.1712,6.1948,6.1358,6.1594,102000.0
2016-04-01,6.1417,6.2361,6.1417,6.2184,28500.0
2016-04-04,6.1417,6.2538,6.1417,6.2066,49500.0
2016-04-05,6.2774,6.2774,6.1476,6.1476,46000.0
2016-04-06,6.1417,6.2302,6.124,6.1712,572000.0
2016-04-07,6.1948,6.2833,6.1476,6.2007,370500.0
2016-04-08,6.1948,6.2833,6.1948,6.2066,136000.0
2016-04-11,6.2243,6.2243,6.2066,6.2066,162500.0
2016-04-12,6.2066,6.242000000000001,6.2066,6.2066,11000.0
2016-04-13,6.2361,6.4898,6.2361,6.3718,381500.0
2016-04-14,6.3128,6.3954,6.301,6.3128,54500.0
2016-04-15,6.3128,6.3187,6.301,6.3069,18000.0
2016-04-18,6.2066,6.3659,6.2066,6.3246,37500.0
2016-04-19,6.3836,6.4308,6.2302,6.3423,472500.0
2016-04-20,6.3895,6.4013,6.3128,6.3423,363000.0
2016-04-21,6.3423,6.3659,6.3423,6.3423,74500.0
2016-04-22,6.3423,6.3836,6.242000000000001,6.3364,94500.0
2016-04-25,6.3246,6.3836,6.3246,6.3423,17000.0
2016-04-26,6.3128,6.3305,6.2833,6.2833,9000.0
2016-04-27,6.2892,6.3423,6.2538,6.2892,131500.0
2016-04-28,6.4013,6.4013,6.2715,6.2833,38000.0
2016-04-29,6.3128,6.3128,6.2656,6.2656,16000.0
2016-05-02,6.3128,6.3364,6.2538,6.2774,19000.0
2016-05-03,6.3128,6.3423,6.2597,6.3128,140000.0
2016-05-04,6.3423,6.3423,6.2538,6.2656,46500.0
2016-05-05,6.3128,6.3423,6.1712,6.2774,273000.0
2016-05-06,6.4603,6.4603,6.124,6.2184,26500.0
2016-05-09,6.3128,6.3364,6.2597,6.2833,28500.0
2016-05-10,6.2361,6.2833,6.2243,6.2597,48000.0
2016-05-11,6.2479,6.3423,6.2479,6.3128,51000.0
2016-05-12,6.2715,6.3128,6.2479,6.2656,29000.0
2016-05-13,6.2066,6.3069,6.2066,6.2597,16500.0
2016-05-16,6.4721,6.4721,6.2184,6.2833,51000.0
2016-05-17,6.3128,6.3423,6.2656,6.2715,60000.0
2016-05-18,6.2125,6.3423,6.2125,6.3128,93500.0
2016-05-19,6.3128,6.3128,6.2951,6.3128,62500.0
2016-05-20,6.3069,6.3423,6.2243,6.3069,81500.0
2016-05-23,6.2833,6.3128,6.2538,6.3128,20500.0
2016-05-24,6.2833,6.2892,6.1948,6.2243,109500.0
2016-05-25,6.3069,6.3364,6.2007,6.2066,68000.0
2016-05-26,6.2538,6.2538,6.2243,6.2479,15500.0
2016-05-27,6.2538,6.2597,6.2538,6.2597,1000.0
2016-05-30,6.2243,6.3659,6.2243,6.3069,25500.0
2016-05-31,6.3128,6.3659,6.3128,6.3128,31500.0
2016-06-01,6.3423,6.4249,6.2302,6.2597,56000.0
2016-06-02,6.3718,6.3718,6.2715,6.3364,38500.0
2016-06-03,6.2892,6.3364,6.2833,6.2833,13500.0
2016-06-06,6.2243,6.3423,6.2243,6.2833,16500.0
2016-06-07,6.2833,6.3718,6.2833,6.2833,1500.0
2016-06-08,6.3187,6.3954,6.2538,6.36,165000.0
2016-06-09,6.4131,6.4603,6.3423,6.4131,49000.0
2016-06-10,6.2243,6.3659,6.2125,6.3364,44500.0
2016-06-13,6.3128,6.3246,6.3128,6.3246,14500.0
2016-06-14,6.3246,6.4013,6.3246,6.3718,21500.0
2016-06-15,6.3187,6.419,6.3187,6.3659,17000.0
2016-06-16,6.3718,6.4013,6.2833,6.2833,363000.0
2016-06-17,6.2951,6.4249,6.2833,6.3777,147500.0
2016-06-20,6.3423,6.36,6.3128,6.3246,5173500.0
2016-06-21,6.3128,6.4308,6.3128,6.3423,429500.0
2016-06-22,6.419,6.4308,6.3187,6.3187,16500.0
2016-06-23,6.301,6.4249,6.301,6.3718,6000.0
2016-06-24,6.2597,6.4839,6.2597,6.2951,324500.0
2016-06-27,6.4485,6.4544,6.2597,6.2597,9000.0
2016-06-28,6.3718,6.3718,6.2007,6.2184,177000.0
2016-06-29,6.2243,6.3128,6.2184,6.3128,14500.0
2016-06-30,6.3128,6.3718,6.3128,6.3718,15500.0
2016-07-01,6.3128,6.3718,6.3128,6.3718,15500.0
2016-07-04,6.3659,6.4662,6.2833,6.4013,333000.0
2016-07-05,6.3659,6.4662,6.2833,6.4013,333000.0
2016-07-06,6.3659,6.4662,6.2833,6.4013,333000.0
2016-07-07,6.3659,6.4662,6.2833,6.4013,333000.0
2016-07-08,6.3659,6.4662,6.2833,6.4013,333000.0
2016-07-11,6.4249,6.5488,6.4249,6.5311,968500.0
2016-07-12,6.5488,6.5783,6.5016,6.5665,286000.0
2016-07-13,6.5665,6.5606,6.4898,6.5488,106000.0
2016-07-14,6.5547,6.5547,6.4839,6.4898,203500.0
2016-07-15,6.5134,6.5193,6.4603,6.5016,389000.0
2016-07-18,6.5134,6.5193,6.4308,6.5075,4587000.0
2016-07-19,6.5429,6.6078,6.4898,6.5547,601500.0
2016-07-20,6.5783,6.5783,6.4898,6.5134,2610000.0
2016-07-21,6.4898,6.6078,6.4839,6.5193,2237500.0
2016-07-22,6.5193,6.6609,6.5193,6.6432,359000.0
2016-07-25,7.0137,6.9552,6.6952,6.7667,186000.0
2016-07-26,6.8252,6.8577,6.6302,6.8122,191500.0
2016-07-27,6.8577,6.8577,6.7277,6.7342,134000.0
2016-07-28,6.6887,6.8512,6.6887,6.7667,27000.0
2016-07-29,6.7277,6.7602,6.7147,6.7147,33500.0
2016-08-01,6.7017,6.7147,6.6627,6.6952,349500.0
2016-08-02,6.7082,6.8252,6.7082,6.7732,162000.0
2016-08-03,6.7147,6.7082,6.5457,6.6692,237500.0
2016-08-04,6.6952,6.7602,6.6757,6.7472,326500.0
2016-08-05,6.7277,6.7602,6.7017,6.7277,29000.0
2016-08-08,6.7017,6.7082,6.6302,6.6367,307500.0
2016-08-09,6.6627,6.7277,6.6627,6.6952,86500.0
2016-08-10,6.7602,6.8252,6.6952,6.8187,79000.0
2016-08-11,6.8252,6.8252,6.7017,6.7017,90500.0
2016-08-12,6.7017,6.7927,6.6692,6.6887,95000.0
2016-08-15,6.7147,6.8187,6.7082,6.8122,72000.0
2016-08-16,6.8122,6.8122,6.7277,6.7277,185500.0
2016-08-17,6.8057,6.8122,6.7407,6.7602,29000.0
2016-08-18,6.7602,6.8252,6.7472,6.7602,68500.0
2016-08-19,6.7212,6.8252,6.6952,6.7277,75000.0
2016-08-22,6.7407,6.8122,6.7082,6.7667,82000.0
2016-08-23,6.6692,6.8057,6.6627,6.6952,521500.0
2016-08-24,6.7407,6.7862,6.7082,6.7732,35500.0
2016-08-25,6.7862,6.8252,6.7927,6.8252,99000.0
2016-08-26,6.7602,6.8902,6.7277,6.7602,50500.0
2016-08-29,6.7017,6.8252,6.7017,6.7732,133000.0
2016-08-30,6.7602,6.8252,6.7602,6.8187,59000.0
2016-08-31,6.8252,6.8252,6.7277,6.7342,106500.0
2016-09-01,6.7602,6.8057,6.6822,6.7992,21000.0
2016-09-02,6.8252,6.8577,6.7277,6.7342,86500.0
2016-09-05,6.6757,6.8252,6.6692,6.7602,82000.0
2016-09-06,6.8122,6.8122,6.7147,6.7602,82500.0
2016-09-07,6.7342,6.7602,6.7277,6.7537,163500.0
2016-09-08,6.7602,6.8187,6.7082,6.7667,54000.0
2016-09-09,6.7602,6.8122,6.7277,6.7797,73500.0
2016-09-12,6.7602,6.8122,6.7277,6.7797,73500.0
2016-09-13,6.7602,6.8122,6.7277,6.7797,73500.0
2016-09-14,6.7602,6.8122,6.7277,6.7797,73500.0
2016-09-15,6.7602,6.8252,6.7602,6.7602,254500.0
2016-09-16,6.7602,6.8252,6.7277,6.7602,138000.0
2016-09-19,6.6952,6.7862,6.6952,6.7017,142500.0
2016-09-20,6.7212,6.8252,6.7212,6.7667,92500.0
2016-09-21,6.7602,6.7927,6.7212,6.7277,145500.0
2016-09-22,6.7277,6.7927,6.7277,6.7407,50000.0
2016-09-23,6.6952,6.7927,6.6952,6.7602,51500.0
2016-09-26,6.7927,6.8252,6.7602,6.7927,82000.0
2016-09-27,6.7862,6.8382,6.7732,6.8187,348500.0
2016-09-28,6.7472,6.8707,6.7472,6.8252,220500.0
2016-09-29,6.8252,6.8577,6.7342,6.7667,119000.0
2016-09-30,6.8707,6.9877,6.7602,6.8122,1659500.0
2016-10-03,7.3192,7.3452,6.9097,6.9747,1100000.0
2016-10-04,6.8317,7.0202,6.7927,6.8317,781500.0
2016-10-05,6.8642,6.9812,6.8252,6.8902,465500.0
2016-10-06,6.9357,6.9812,6.8902,6.9162,64000.0
2016-10-07,6.9162,6.9227,6.8187,6.8902,440500.0
2016-10-10,6.8902,6.8902,6.7992,6.8382,293000.0
2016-10-11,6.8902,6.8902,6.7992,6.8382,293000.0
2016-10-12,6.8902,6.8902,6.7992,6.8382,293000.0
2016-10-13,6.8317,6.9487,6.8252,6.8317,460500.0
2016-10-14,6.8317,6.9227,6.8057,6.8967,227000.0
2016-10-17,6.9292,6.9422,6.8772,6.8902,272500.0
2016-10-18,6.8967,6.9227,6.8382,6.8512,189000.0
2016-10-19,6.8512,6.9357,6.8122,6.8837,209500.0
2016-10-20,6.8902,6.9877,6.8902,6.9292,163000.0
2016-10-21,6.9292,6.9877,6.9227,6.9552,73500.0
2016-10-24,6.9552,7.0202,6.8577,6.8577,242000.0
2016-10-25,6.8382,6.8902,6.8317,6.8837,55500.0
2016-10-26,7.0072,7.0137,6.8252,6.8837,406500.0
2016-10-27,6.9747,6.9747,6.8252,6.8447,188500.0
2016-10-28,6.7667,6.8577,6.7667,6.8577,218500.0
2016-10-31,6.8577,6.9747,6.8252,6.8707,346500.0
2016-11-01,6.8512,6.8902,6.8122,6.8837,219000.0
2016-11-02,7.1437,7.1437,6.8512,6.9227,77500.0
2016-11-03,7.0072,7.0202,6.8447,6.8902,29000.0
2016-11-04,6.8577,6.9227,6.8447,6.8967,64000.0
2016-11-07,6.8577,6.9812,6.8577,6.9227,33500.0
2016-11-08,6.9032,7.0007,6.9032,6.9747,1306000.0
2016-11-09,6.9552,7.0527,6.9227,7.0332,159500.0
2016-11-10,6.9877,7.1502,6.9682,7.0137,995000.0
2016-11-11,6.9812,7.0787,6.9682,7.0202,224000.0
2016-11-14,7.0007,7.0787,6.9552,7.0072,214500.0
2016-11-15,7.0202,7.0267,6.9682,6.9877,87500.0
2016-11-16,7.0202,7.0202,6.9617,7.0007,634500.0
2016-11-17,7.1177,7.1177,6.9552,6.9552,548000.0
2016-11-18,6.9617,6.9877,6.8967,6.9227,712500.0
2016-11-21,6.9552,6.9877,6.9227,6.9292,178500.0
2016-11-22,6.9552,6.9877,6.8967,6.9552,709000.0
2016-11-23,6.9877,7.0527,6.9227,6.9422,172500.0
2016-11-24,6.9227,7.0202,6.8967,6.9747,98000.0
2016-11-25,6.9292,7.0202,6.8902,6.9097,621500.0
2016-11-28,6.9292,6.9357,6.9162,6.9227,349500.0
2016-11-29,6.9227,6.9552,6.8902,6.9552,1079000.0
2016-11-30,6.9877,6.9877,6.8902,6.9552,631000.0
2016-12-01,6.9552,7.0852,6.8902,7.0722,17675500.0
2016-12-02,7.0332,7.1437,6.9942,7.0982,323500.0
2016-12-05,7.1307,7.1502,7.0202,7.0462,6118500.0
2016-12-06,6.9877,7.0852,6.9682,7.0462,259500.0
2016-12-07,7.0722,7.0982,6.9552,6.9877,135000.0
2016-12-08,6.9552,7.1177,6.9552,7.0657,142000.0
2016-12-09,7.1372,7.1437,7.0657,7.1112,38000.0
2016-12-12,7.1372,7.1437,7.0657,7.1112,38000.0
2016-12-13,7.1372,7.1502,7.0527,7.1177,1049000.0
2016-12-14,7.1437,7.1762,6.8642,7.1502,30792500.0
2016-12-15,7.1762,7.1762,7.0917,7.1502,170500.0
2016-12-16,7.1502,7.1957,7.1047,7.1502,241500.0
2016-12-19,7.1762,7.1762,7.0657,7.0787,309500.0
2016-12-20,7.0397,7.1762,7.0332,7.1567,520500.0
2016-12-21,7.1567,7.1567,7.0852,7.1502,252500.0
2016-12-22,7.1242,7.1762,7.1177,7.1372,257500.0
2016-12-23,7.1177,7.1502,7.0982,7.0982,13500.0
2016-12-26,7.0982,7.1372,7.0852,7.1177,209500.0
2016-12-27,7.1177,7.1502,7.0852,7.0917,220500.0
2016-12-28,7.1502,7.1502,7.0722,7.0852,139000.0
2016-12-29,7.0852,7.0852,6.9487,7.0072,624500.0
2016-12-30,6.9877,7.1047,6.9877,7.0657,247000.0
2017-01-02,7.0852,7.1437,7.0202,7.0592,234000.0
2017-01-03,7.1307,7.1372,7.0202,7.0202,123000.0
2017-01-04,7.0592,7.1437,7.0332,7.1177,190000.0
2017-01-05,7.1372,7.1437,7.0852,7.1047,132500.0
2017-01-06,7.0592,7.1437,7.0527,7.1177,50500.0
2017-01-09,7.0657,7.1177,6.9877,7.0267,467500.0
2017-01-10,7.0527,7.0527,6.9617,6.9877,268500.0
2017-01-11,7.1112,7.1502,7.0722,7.0917,898000.0
2017-01-12,7.1372,7.1827,7.0852,7.1372,1670500.0
2017-01-13,7.0527,7.1502,7.0527,7.0592,145000.0
2017-01-16,7.0072,7.1697,7.0072,7.0397,306500.0
2017-01-17,7.0007,7.1372,6.9552,7.1047,650500.0
2017-01-18,7.0202,7.0852,7.0072,7.0462,118000.0
2017-01-19,7.1112,7.1502,7.0202,7.1437,268000.0
2017-01-20,7.0852,7.1437,7.0462,7.1437,79000.0
2017-01-23,7.0852,7.1827,7.0852,7.1502,217500.0
2017-01-24,7.0332,7.1502,7.0332,7.0852,161500.0
2017-01-25,7.1957,7.1957,7.0527,7.0917,366500.0
2017-01-26,7.0527,7.1502,7.0527,7.1502,59000.0
2017-01-27,7.1697,7.1697,7.0852,7.1372,41000.0
2017-01-30,7.0852,7.1697,7.0852,7.1372,72500.0
2017-01-31,7.0202,7.1502,7.0202,7.1047,154000.0
2017-02-01,7.1372,7.1502,7.0982,7.1307,861500.0
2017-02-02,7.0852,7.1502,7.0332,7.1502,134000.0
2017-02-03,7.1047,7.1437,7.0917,7.0982,8000.0
2017-02-06,7.1697,7.1697,7.0852,7.1502,265500.0
2017-02-07,7.1437,7.1437,7.0592,7.1437,48000.0
2017-02-08,7.0917,7.1307,7.0917,7.1242,190500.0
2017-02-09,7.1242,7.1242,7.0267,7.0397,150500.0
2017-02-10,7.1437,7.1567,7.0202,7.1502,1246000.0
2017-02-13,7.1502,7.1827,7.0852,7.1177,216500.0
2017-02-14,7.0592,7.1502,7.0592,7.0852,220500.0
2017-02-15,7.1372,7.1372,7.0527,7.0527,135500.0
2017-02-16,7.1177,7.1502,7.0202,7.1437,489000.0
2017-02-17,7.0852,7.1502,7.0852,7.1307,100500.0
2017-02-20,7.1502,7.1502,7.0657,7.1047,139000.0
2017-02-21,7.0527,7.1502,7.0527,7.0917,561000.0
2017-02-22,7.1437,7.1632,7.0657,7.0657,125000.0
2017-02-23,7.1827,7.1827,7.0527,7.0592,164500.0
2017-02-24,7.0852,7.1502,7.0657,7.1307,145500.0
2017-02-27,7.0592,7.1827,7.0202,7.0267,472000.0
2017-02-28,7.0397,7.1177,7.0267,7.0527,161000.0
2017-03-01,7.1112,7.1502,7.0527,7.1112,23500.0
2017-03-02,7.0917,7.1502,7.0917,7.1307,19500.0
2017-03-03,7.2022,7.2022,7.0657,7.1177,371500.0
2017-03-06,6.9942,7.1437,6.9942,7.0852,173000.0
2017-03-07,7.0787,7.1372,7.0527,7.0852,214000.0
2017-03-08,7.1112,7.1307,7.0592,7.1177,9500.0
2017-03-09,7.1502,7.1502,7.0852,7.0852,23000.0
2017-03-10,7.0397,7.0852,7.0267,7.0592,91500.0
2017-03-13,7.0657,7.1177,7.0527,7.0852,45500.0
2017-03-14,7.0917,7.0917,7.0917,7.0917,29500.0
2017-03-15,7.1437,7.1502,7.0852,7.1177,46500.0
2017-03-16,7.1437,7.1437,7.0592,7.0787,377000.0
2017-03-17,7.1372,7.1372,7.0852,7.0852,281500.0
2017-03-20,7.0917,7.1827,7.0917,7.1437,133000.0
2017-03-21,7.1502,7.1762,7.1177,7.1307,71000.0
2017-03-22,7.1632,7.2152,7.1177,7.1827,660000.0
2017-03-23,7.1632,7.2152,7.1177,7.1827,660000.0
2017-03-24,7.2152,7.2412,7.1242,7.2412,2515500.0
2017-03-27,7.2412,7.2867,7.2087,7.2477,106000.0
2017-03-28,7.3062,7.3062,7.2477,7.2542,79500.0
2017-03-29,7.2087,7.2802,7.2087,7.2542,179000.0
2017-03-30,7.1827,7.2802,7.1307,7.1437,3287500.0
2017-03-31,7.2737,7.2802,7.1502,7.2802,4181000.0
2017-04-03,7.1502,7.2607,7.1502,7.1892,61500.0
2017-04-04,7.3062,7.3062,7.2217,7.2932,15000.0
2017-04-05,7.2737,7.3062,7.2087,7.2152,83000.0
2017-04-06,7.2737,7.2737,7.1827,7.1957,39500.0
2017-04-07,7.2152,7.2152,7.1502,7.2152,127500.0
2017-04-10,7.2282,7.2477,7.1892,7.1892,22000.0
2017-04-11,7.2477,7.2477,7.2152,7.2152,249500.0
2017-04-12,7.2412,7.2672,7.2412,7.2412,8000.0
2017-04-13,7.2477,7.2477,7.1567,7.1827,65500.0
2017-04-14,7.2217,7.2282,7.1502,7.1567,37500.0
2017-04-17,7.2347,7.2347,7.1372,7.1372,33000.0
2017-04-18,7.1177,7.1827,7.1177,7.1502,513500.0
2017-04-19,7.1502,7.1827,7.1502,7.1502,280000.0
2017-04-20,7.1502,7.1762,7.1502,7.1762,81000.0
2017-04-21,7.1047,7.1827,7.1047,7.1567,43000.0
2017-04-24,7.2282,7.3127,7.1957,7.2282,115500.0
2017-04-25,7.4362,7.4362,7.2477,7.3127,142000.0
2017-04-26,7.3582,7.3712,7.2477,7.2932,3023500.0
2017-04-27,7.2542,7.9302,7.2542,7.4752,87500.0
2017-04-28,7.1502,7.6052,7.1502,7.2932,103500.0
2017-05-01,7.1502,7.6052,7.1502,7.2932,103500.0
2017-05-02,7.3127,7.3192,7.0852,7.2542,1103500.0
2017-05-03,7.1827,7.4037,7.1827,7.2802,159000.0
2017-05-04,7.2152,7.4752,7.2152,7.3387,175000.0
2017-05-05,7.3257,7.6767,7.3257,7.4752,70500.0
2017-05-08,7.7027,7.7027,7.4102,7.6052,562000.0
2017-05-09,7.3387,7.6702,7.3387,7.5792,146500.0
2017-05-10,7.4752,7.5857,7.4752,7.5532,14500.0
2017-05-11,7.6572,7.6572,7.5727,7.5987,280500.0
2017-05-12,7.6052,7.6052,7.5402,7.5727,51000.0
2017-05-15,7.4752,7.6182,7.4752,7.4817,50000.0
2017-05-16,7.5857,7.6052,7.3777,7.4817,180000.0
2017-05-17,7.4752,7.5922,7.4752,7.5532,69500.0
2017-05-18,7.6637,7.6702,7.4427,7.5142,4347000.0
2017-05-19,7.6507,7.6702,7.5142,7.5467,113500.0
2017-05-22,7.5142,7.5337,7.4752,7.5142,55500.0
2017-05-23,7.5142,7.6702,7.5142,7.6507,414000.0
2017-05-24,7.6767,7.6767,7.5727,7.6702,107500.0
2017-05-25,7.4752,7.7027,7.4752,7.7027,69500.0
2017-05-26,7.6442,7.7352,7.6052,7.6117,5286500.0
2017-05-29,7.6117,7.6377,7.6052,7.6312,401500.0
2017-05-30,7.5077,7.6377,7.5077,7.5857,4258500.0
2017-05-31,7.4752,7.6637,7.4752,7.5727,59000.0
2017-06-01,7.2477,7.7092,7.2347,7.4557,257000.0
2017-06-02,7.4882,7.4882,7.2347,7.3777,60000.0
2017-06-05,7.4687,7.7027,7.4752,7.5402,10000.0
2017-06-06,7.6117,7.6117,7.4102,7.4752,4272500.0
2017-06-07,7.5077,7.6052,7.4752,7.5987,23000.0
2017-06-08,7.6052,7.6312,7.4947,7.5922,25000.0
2017-06-09,7.6052,7.6312,7.4947,7.5922,25000.0
2017-06-12,7.3452,7.4752,7.3452,7.3972,20500.0
2017-06-13,7.4752,7.5727,7.4102,7.4817,115000.0
2017-06-14,7.4687,7.4687,7.3452,7.4037,29500.0
2017-06-15,7.4427,7.4752,7.4427,7.4427,4500.0
2017-06-16,7.4427,7.4427,7.4102,7.4167,3500.0
2017-06-19,7.4427,7.4427,7.1827,7.3452,20500.0
2017-06-20,7.2997,7.3517,7.2087,7.2607,267000.0
2017-06-21,7.4102,7.4102,7.1957,7.3062,97000.0
2017-06-22,7.2217,7.4102,7.2152,7.4102,155500.0
2017-06-23,7.2217,7.4102,7.2152,7.4102,155500.0
2017-06-26,7.2217,7.4102,7.2152,7.4102,155500.0
2017-06-27,7.2217,7.4102,7.2152,7.4102,155500.0
2017-06-28,7.2217,7.4102,7.2152,7.4102,155500.0
2017-06-29,7.5077,7.6897,7.5077,7.6897,6000.0
2017-06-30,7.5077,7.6897,7.5077,7.6897,6000.0
2017-07-03,7.4102,7.4102,7.2802,7.3387,163500.0
2017-07-04,7.5077,7.5077,7.2477,7.4167,8500.0
2017-07-05,7.4102,7.4102,7.4102,7.4102,500.0
2017-07-06,7.6572,7.6572,7.1502,7.1567,636500.0
2017-07-07,7.2087,7.4622,7.1502,7.4622,133500.0
2017-07-10,7.4427,7.4427,7.2802,7.3777,6500.0
2017-07-11,7.6312,7.6312,7.3192,7.4687,928500.0
2017-07-12,7.5402,7.7222,7.3127,7.4622,342500.0
2017-07-13,7.4427,7.4752,7.2802,7.2932,220500.0
2017-07-14,7.3452,7.4687,7.2542,7.2672,38500.0
2017-07-17,7.4102,7.5922,7.3452,7.4882,17000.0
2017-07-18,7.5077,7.5922,7.4102,7.5922,42000.0
2017-07-19,7.5077,7.5922,7.4102,7.5922,42000.0
2017-07-20,7.4752,7.5922,7.5337,7.5597,128500.0
2017-07-21,7.7027,7.7157,7.4752,7.5727,11000.0
2017-07-24,7.4752,7.5402,7.4102,7.5402,37500.0
2017-07-25,7.5402,7.6377,7.4752,7.6377,421000.0
2017-07-26,7.1632,7.8002,7.7352,7.7352,608000.0
2017-07-27,7.5792,7.7352,7.5792,7.7027,498500.0
2017-07-28,7.7287,7.7352,7.4427,7.7222,44500.0
2017-07-31,7.7937,7.9302,7.7482,7.9237,144500.0
2017-08-01,8.0537,8.0537,7.6572,7.8717,64500.0
2017-08-02,8.2552,8.2877,7.8652,7.9562,1487000.0
2017-08-03,7.8977,8.0927,7.8977,7.9952,83000.0
2017-08-04,7.9627,8.1252,7.9302,7.9822,269000.0
2017-08-07,7.8002,8.1187,7.8002,7.9692,135500.0
2017-08-08,7.9952,8.0927,7.9627,7.9952,53500.0
2017-08-09,8.0602,8.0602,7.9302,7.9627,204500.0
2017-08-10,7.9627,7.9952,7.8977,7.9822,1101000.0
2017-08-11,8.0797,8.0797,7.9302,7.9627,37000.0
2017-08-14,8.0797,8.0797,7.9302,7.9627,37000.0
2017-08-15,8.0602,8.1122,7.8977,7.9107,120000.0
2017-08-16,7.9952,8.0277,7.8002,8.0082,1199000.0
2017-08-17,8.0862,8.0862,7.7742,7.8002,355500.0
2017-08-18,7.8067,8.0277,7.8002,8.0017,225000.0
2017-08-21,7.7937,8.0212,7.8002,7.8977,60500.0
2017-08-22,7.6377,8.1187,7.3127,7.8912,288000.0
2017-08-23,7.8002,7.8002,7.7482,7.8002,163000.0
2017-08-24,7.8457,7.8457,7.7417,7.8002,147500.0
2017-08-25,7.8327,7.8327,7.7222,7.7222,31000.0
2017-08-28,7.8002,7.8002,7.6832,7.7222,67500.0
2017-08-29,7.6767,7.7937,7.6702,7.7352,226000.0
2017-08-30,7.7677,7.8652,7.7677,7.8587,49500.0
2017-08-31,7.8782,7.9627,7.8652,7.8652,15000.0
2017-09-01,7.8782,7.9627,7.8652,7.8652,15000.0
2017-09-04,7.8782,7.9627,7.8652,7.8652,15000.0
2017-09-05,7.8977,7.8977,7.2802,7.4232,501500.0
2017-09-06,8.1315,8.146,7.6617,7.7195,264000.0
2017-09-07,7.7268,7.8424,7.6256,7.6617,421500.0
2017-09-08,7.6978,7.9436,7.6978,7.8135,113000.0
2017-09-11,7.7701,7.7701,7.7701,7.7701,5000.0
2017-09-12,7.7701,7.8785,7.7484,7.7484,34000.0
2017-09-13,7.9291,7.9291,7.8135,7.8713,80000.0
2017-09-14,7.9364,7.9364,7.8496,7.8496,38500.0
2017-09-15,7.8424,7.9436,7.8424,7.9075,29000.0
2017-09-18,7.9364,7.9653,7.893,7.893,235500.0
2017-09-19,7.9436,7.9508,7.8858,7.9002,111000.0
2017-09-20,7.8641,7.9436,7.7701,7.9364,2183500.0
2017-09-21,7.8496,7.9436,7.8496,7.8785,70500.0
2017-09-22,7.9508,7.9508,7.8641,7.8785,16500.0
2017-09-25,7.8858,7.9219,7.8785,7.8858,159500.0
2017-09-26,7.9291,7.9508,7.8496,7.9508,8207500.0
2017-09-27,7.8858,7.9147,7.8424,7.9075,250500.0
2017-09-28,7.8785,7.9147,7.8785,7.9147,19500.0
2017-09-29,7.893,7.9147,7.893,7.9002,19000.0
2017-10-02,7.8713,7.9436,7.8713,7.9219,53500.0
2017-10-03,7.893,7.9436,7.8785,7.9364,87500.0
2017-10-04,7.8858,7.9508,7.8785,7.9436,99500.0
2017-10-05,7.9508,7.9508,7.893,7.9364,75500.0
2017-10-06,7.9508,7.9508,7.893,7.9147,556500.0
2017-10-09,7.8785,7.987,7.8785,7.8858,1015500.0
2017-10-10,7.9147,7.9147,7.8785,7.9002,36000.0
2017-10-11,7.8785,7.9508,7.8785,7.9436,124000.0
2017-10-12,7.893,7.893,7.7701,7.8785,185000.0
2017-10-13,7.6256,7.8063,7.6256,7.7918,139000.0
2017-10-16,7.7846,7.9508,7.734,7.8424,135500.0
2017-10-17,7.8424,7.8785,7.7989999999999995,7.8063,341000.0
2017-10-18,7.8424,7.8785,7.8424,7.8785,27500.0
2017-10-19,7.8785,7.9508,7.8785,7.9508,1642000.0
2017-10-20,7.8858,7.987,7.8785,7.9508,2371500.0
2017-10-23,7.9508,7.9508,7.8785,7.9147,26000.0
2017-10-24,8.0159,8.1821,7.9219,8.1026,1140000.0
2017-10-25,8.0376,8.0954,7.9581,7.987,31500.0
2017-10-26,8.0231,8.0303,7.9508,8.0231,62500.0
2017-10-27,8.052,8.1315,8.0592,8.0954,1276000.0
2017-10-30,8.0231,8.2761,8.0231,8.0665,1113000.0
2017-10-31,8.0954,8.2399,8.0592,8.1243,481000.0
2017-11-01,8.1677,8.2038,7.9942,8.146,889000.0
2017-11-02,8.8471,8.8471,8.1171,8.1677,706500.0
2017-11-03,8.1315,8.2399,8.1315,8.1677,51000.0
2017-11-06,8.3339,8.3411,8.1677,8.1677,582000.0
2017-11-07,8.1677,8.1677,8.1388,8.1677,288000.0
2017-11-08,8.1677,8.1677,8.0231,8.1677,443500.0
2017-11-09,8.1677,8.305,8.0231,8.0882,179500.0
2017-11-10,8.0231,8.1677,8.0014,8.1315,664500.0
2017-11-13,8.1315,8.1677,8.0231,8.1315,1527000.0
2017-11-14,8.1604,8.1604,8.0665,8.1171,1101000.0
2017-11-15,8.3547,8.3547,8.3027,8.3176,880500.0
2017-11-16,8.3473,8.3473,8.2656,8.3102,351000.0
2017-11-17,8.3176,8.3176,8.2805,8.3102,25000.0
2017-11-20,8.1765,8.377,8.0577,8.273,33500.0
2017-11-21,8.3918,8.3918,8.3176,8.3176,41500.0
2017-11-22,8.3176,8.3176,8.2805,8.3176,49500.0
2017-11-23,8.3176,8.3176,8.2433,8.2953,124500.0
2017-11-24,8.2656,8.3176,8.1616,8.2805,306500.0
2017-11-27,8.2507,8.3547,8.2433,8.3473,255000.0
2017-11-28,8.325,8.3324,8.2805,8.2805,78000.0
2017-11-29,8.3176,8.3176,8.2656,8.2953,2500.0
2017-11-30,8.3027,8.3027,8.2656,8.2656,13500.0
2017-12-01,8.3027,8.3027,8.2656,8.2656,13500.0
2017-12-04,8.2656,8.3176,8.2656,8.3176,167000.0
2017-12-05,8.0205,8.3176,8.0205,8.3176,88000.0
2017-12-06,8.3547,8.3547,8.2433,8.2433,43000.0
2017-12-07,8.2507,8.2507,8.2285,8.2433,73000.0
2017-12-08,8.2433,8.273,8.1691,8.2433,180000.0
2017-12-11,8.3176,8.3176,8.2062,8.2285,78500.0
2017-12-12,8.3176,8.3176,8.1691,8.2433,71500.0
2017-12-13,8.377,8.377,8.2805,8.325,238500.0
2017-12-14,8.3176,8.3844,8.2805,8.3176,107500.0
2017-12-15,8.4587,8.4661,8.2879,8.3102,169000.0
2017-12-18,8.2805,8.3176,8.2507,8.3176,1920000.0
2017-12-19,8.2507,8.4513,8.2507,8.3844,64500.0
2017-12-20,8.2953,8.3176,8.2433,8.2433,1344500.0
2017-12-21,8.2433,8.2433,8.2433,8.2433,571000.0
2017-12-22,8.2433,8.2805,8.1691,8.1988,599000.0
2017-12-25,8.2433,8.2805,8.1691,8.1988,599000.0
2017-12-26,8.2433,8.2433,8.1988,8.2359,2849500.0
2017-12-27,8.2433,8.3176,8.2062,8.2062,1216500.0
2017-12-28,8.2062,8.2433,8.1691,8.1765,209000.0
2017-12-29,8.2953,8.2953,8.1691,8.1691,905500.0
2018-01-01,8.1691,8.1691,8.1542,8.1691,121500.0
2018-01-02,8.1319,8.1691,8.0651,8.1394,2830500.0
2018-01-03,8.1691,8.1691,8.1394,8.1691,3184000.0
2018-01-04,8.1691,8.2433,8.1468,8.2062,4222500.0
2018-01-05,8.2136,8.3324,8.2062,8.2359,216000.0
2018-01-08,8.3176,8.5404,8.2136,8.4735,485500.0
2018-01-09,8.2507,8.5701,8.2507,8.3176,2888000.0
2018-01-10,8.5404,8.5404,8.3696,8.4513,250500.0
2018-01-11,8.5998,8.7038,8.3918,8.5404,744500.0
2018-01-12,8.6666,8.6889,8.5032,8.5701,377000.0
2018-01-15,8.6146,8.6146,8.5404,8.6146,41000.0
2018-01-16,8.6666,8.6666,8.5775,8.6146,40000.0
2018-01-17,8.7632,8.9117,8.6221,8.6518,223000.0
2018-01-18,8.6518,8.6963,8.6146,8.6146,81500.0
2018-01-19,8.6889,8.8152,8.6146,8.7112,828500.0
2018-01-22,8.726,8.726,8.1765,8.726,907000.0
2018-01-23,8.7632,8.7632,8.6592,8.7632,388000.0
2018-01-24,8.726,8.7929,8.726,8.7929,332000.0
2018-01-25,8.8003,8.9117,8.7632,8.7929,169500.0
2018-01-26,8.8226,8.9117,8.8003,8.8226,728000.0
2018-01-29,8.914,9.1045,8.8226,8.8226,322500.0
2018-01-30,9.2569,9.2569,8.914,8.914,86000.0
2018-01-31,9.1273,9.2569,9.0283,9.1426,1969500.0
2018-02-01,9.2949,9.2949,9.0664,9.2569,89000.0
2018-02-02,9.2569,9.2949,9.1045,9.2188,81000.0
2018-02-05,9.2569,9.2949,9.1045,9.2188,81000.0
2018-02-06,9.1426,9.3254,9.1426,9.2569,328000.0
2018-02-07,9.1807,9.333,9.1426,9.3254,113000.0
2018-02-08,9.2569,9.5616,9.2569,9.5235,188000.0
2018-02-09,9.5235,9.9045,9.5235,9.8511,562000.0
2018-02-12,9.714,9.9045,9.714,9.8054,217000.0
2018-02-13,10.2854,10.2854,9.5997,9.6302,161000.0
2018-02-14,9.8283,9.8283,9.3711,9.4016,155500.0
2018-02-15,9.5235,9.5235,9.4473,9.493,57500.0
2018-02-16,10.2321,10.2549,9.2721,9.7292,99000.0
2018-02-19,9.714,9.8968,9.6759,9.7292,184500.0
2018-02-20,9.6759,9.7749,9.5997,9.7064,230000.0
2018-02-21,9.8968,9.9425,9.6911,9.6911,1864000.0
2018-02-22,9.8283,9.8664,9.7902,9.8283,330000.0
2018-02-23,9.8664,9.8664,9.6759,9.8283,203500.0
2018-02-26,9.8968,9.9045,9.8283,9.9045,104500.0
2018-02-27,9.7521,9.8664,9.714,9.8664,65000.0
2018-02-28,9.8892,9.8968,9.7673,9.8664,73500.0
2018-03-01,9.9045,9.9045,9.8283,9.8664,143500.0
2018-03-02,9.8283,9.9045,9.8283,9.8892,55500.0
2018-03-05,9.9045,9.9045,9.8968,9.9045,255500.0
2018-03-06,9.8968,9.9045,9.8587,9.8664,382500.0
2018-03-07,9.9045,9.972999999999999,9.8283,9.8359,128500.0
2018-03-08,9.8283,9.9045,9.8283,9.8892,304000.0
2018-03-09,9.8359,9.9121,9.8359,9.9045,76000.0
2018-03-12,9.9045,9.9045,9.8664,9.8816,248500.0
2018-03-13,9.9045,9.9121,9.8816,9.8968,1900500.0
2018-03-14,9.9045,9.9045,9.8283,9.8664,288500.0
2018-03-15,9.9045,9.9045,9.8664,9.874,24000.0
2018-03-16,9.9045,9.9045,9.8283,9.9045,317500.0
2018-03-19,9.9045,9.9045,9.874,9.8892,38000.0
2018-03-20,9.9045,9.9045,9.8664,9.9045,655000.0
2018-03-21,9.8664,9.9045,9.8587,9.9045,106500.0
2018-03-22,9.9045,9.9045,9.8892,9.8968,50500.0
2018-03-23,9.9045,9.9045,9.8892,9.8968,50500.0
2018-03-26,9.5235,9.8968,9.5235,9.812999999999999,1780500.0
2018-03-27,9.8968,9.8968,9.7521,9.8054,180000.0
2018-03-28,9.8968,9.8968,9.8283,9.8892,45000.0
2018-03-29,9.8816,9.8892,9.8283,9.8511,58500.0
2018-03-30,9.8968,9.9045,9.8283,9.8968,535500.0
2018-04-02,9.7902,9.8968,9.5235,9.7978,132500.0
2018-04-03,9.8664,9.874,9.7521,9.8664,51500.0
2018-04-04,9.7978,9.8968,9.7978,9.8892,37500.0
2018-04-05,9.8816,9.8968,9.8664,9.8968,174000.0
2018-04-06,9.7521,9.8968,9.6073,9.8968,66000.0
2018-04-09,9.8968,9.8968,9.8664,9.8968,811000.0
2018-04-10,9.9045,9.9045,9.6759,9.8283,159000.0
2018-04-11,9.8664,9.8664,9.8664,9.8664,2500.0
2018-04-12,9.9045,9.9045,9.7826,9.8968,202500.0
2018-04-13,9.714,9.9045,9.714,9.8968,18500.0
2018-04-16,9.8054,9.8968,9.8054,9.8968,1000.0
2018-04-17,9.8968,9.9045,9.8664,9.874,41000.0
2018-04-18,9.9045,10.0492,9.7521,9.8283,751500.0
2018-04-19,9.8816,9.8892,9.8511,9.8816,122000.0
2018-04-20,9.9045,9.9045,9.8892,9.8968,263500.0
2018-04-23,9.7902,9.9045,9.7902,9.874,261000.0
2018-04-24,9.8968,9.9045,9.8664,9.8968,313000.0
2018-04-25,9.8816,9.8892,9.8587,9.8664,346000.0
2018-04-26,9.8892,9.8892,9.8283,9.8283,350500.0
2018-04-27,9.8664,9.8664,9.8283,9.8664,34000.0
2018-04-30,10.4378,10.4378,9.8283,9.8359,1228000.0
2018-05-01,10.4378,10.4378,9.8283,9.8359,1228000.0
2018-05-02,9.7521,9.8968,9.7521,9.8587,1473500.0
2018-05-03,9.9045,9.9045,9.8664,9.874,446500.0
2018-05-04,9.8435,9.8968,9.812999999999999,9.8283,565500.0
2018-05-07,9.8283,9.9045,9.7902,9.8664,140000.0
2018-05-08,10.0691,10.1315,10.0223,10.0301,121500.0
2018-05-09,9.9054,10.0613,9.8664,10.0223,99000.0
2018-05-10,10.1393,10.1393,10.0223,10.0535,181000.0
2018-05-11,10.3889,10.6229,9.8664,9.8976,66500.0
2018-05-14,10.1393,10.1393,9.9833,10.0847,19000.0
2018-05-15,10.1081,10.1081,9.8664,9.9756,529500.0
2018-05-16,9.9132,10.0535,9.9054,9.9522,9500.0
2018-05-17,10.0613,10.0613,9.9833,9.9833,3500.0
2018-05-18,10.0223,10.0223,9.9054,9.9833,10500.0
2018-05-21,9.9833,10.0613,9.9444,10.0223,43500.0
2018-05-22,9.9833,10.1003,9.9833,10.1003,22500.0
2018-05-23,9.9054,10.1393,9.9054,10.1315,19000.0
2018-05-24,9.9444,10.4513,9.9054,10.3343,150000.0
2018-05-25,10.1783,10.3343,10.0223,10.1705,62500.0
2018-05-28,10.1393,10.2875,10.1393,10.2875,11000.0
2018-05-29,10.2563,10.3343,10.1471,10.2875,256500.0
2018-05-30,10.1393,10.2173,10.1393,10.1705,39000.0
2018-05-31,10.3265,10.3655,10.3499,10.3577,26500.0
2018-06-01,10.3733,10.6229,10.1393,10.2563,12352500.0
2018-06-04,10.1393,10.4513,10.1393,10.3109,44500.0
2018-06-05,10.2953,10.3655,10.1393,10.3265,154500.0
2018-06-06,10.2173,10.3655,10.1783,10.1939,303500.0
2018-06-07,10.3343,10.3343,10.2173,10.2563,96500.0
2018-06-08,10.3343,10.3343,10.2173,10.2563,96500.0
2018-06-11,10.2563,10.2563,10.0223,10.1159,692000.0
2018-06-12,10.1315,10.1393,10.0613,10.1081,1171500.0
2018-06-13,10.1393,10.1393,10.1159,10.1237,73500.0
2018-06-14,10.1393,10.1393,10.1081,10.1393,207500.0
2018-06-15,10.1393,10.1393,10.1081,10.1393,207500.0
2018-06-18,10.1393,10.1393,10.1081,10.1393,207500.0
2018-06-19,10.1393,10.1393,10.0613,10.1393,51000.0
2018-06-20,10.1393,10.1393,10.1003,10.1393,184500.0
2018-06-21,10.1393,10.1393,10.0613,10.1003,175000.0
2018-06-22,10.1237,10.1315,10.0613,10.0613,542000.0
2018-06-25,10.0613,10.0613,9.9054,9.9444,2224500.0
2018-06-26,10.0613,10.0613,9.9132,9.9444,40000.0
2018-06-27,9.9833,10.0613,9.9522,10.0613,63500.0
2018-06-28,10.0535,10.0613,9.8664,10.0223,118500.0
2018-06-29,10.0613,10.0613,9.9054,10.0613,94500.0
2018-07-02,10.0223,10.0613,9.9444,10.0223,47500.0
2018-07-03,10.0613,10.1393,10.0613,10.1393,29500.0
2018-07-04,10.1393,10.1393,10.0613,10.1393,126000.0
2018-07-05,10.2173,10.2173,10.0613,10.1861,79000.0
2018-07-06,10.0613,10.1393,10.0613,10.1393,15500.0
2018-07-09,9.9989,10.2953,9.9522,10.2875,8000.0
2018-07-10,10.1393,10.1393,9.9756,9.9989,209000.0
2018-07-11,10.1393,10.1393,9.9833,10.0067,174000.0
2018-07-12,9.96,9.9833,9.96,9.9833,97500.0
2018-07-13,10.0613,10.0613,9.8664,9.9833,45000.0
2018-07-16,10.0613,10.0613,9.9444,9.9444,146000.0
2018-07-17,9.9444,10.0613,9.8898,9.921,146500.0
2018-07-18,10.0223,10.0613,9.7494,9.8118,7672500.0
2018-07-19,9.9833,9.9833,9.7104,9.7494,1872000.0
2018-07-20,9.8274,9.8274,9.6714,9.7494,1315500.0
2018-07-23,9.8274,9.8976,9.7104,9.8118,31000.0
2018-07-24,10.0457,10.0457,9.8274,9.8274,72500.0
2018-07-25,10.0457,10.0457,9.8274,9.8274,72500.0
2018-07-26,10.0223,10.0223,9.9054,9.9054,17500.0
2018-07-27,10.145,10.177,10.1051,10.145,917500.0
2018-07-30,10.2249,10.2648,10.0252,10.129,73500.0
2018-07-31,10.145,10.145,9.9932,10.145,49000.0
2018-08-01,10.0092,10.1051,9.9453,10.0651,215000.0
2018-08-02,9.9453,10.0971,9.9453,9.9772,36500.0
2018-08-03,9.9453,10.1051,9.9054,9.9133,149000.0
2018-08-06,10.0651,10.137,9.8654,9.8814,157500.0
2018-08-07,10.0651,10.0651,9.8574,9.8734,1036000.0
2018-08-08,9.8574,9.9453,9.8494,9.9293,103500.0
2018-08-09,9.9054,9.9852,9.8574,9.9852,126000.0
2018-08-10,10.0571,10.0651,10.0491,10.0651,64500.0
2018-08-13,9.9852,10.0571,9.9054,10.0491,94500.0
2018-08-14,9.9852,10.0571,9.9054,10.0491,94500.0
2018-08-15,9.9453,10.0252,9.9453,10.0252,12000.0
2018-08-16,9.9932,10.145,9.9852,10.0412,53000.0
2018-08-17,10.152999999999999,10.1849,9.9054,10.0252,154500.0
2018-08-20,9.8255,10.1051,9.7456,10.1051,23500.0
2018-08-21,9.8255,10.1051,9.7456,10.1051,23500.0
2018-08-22,9.8255,10.1051,9.7456,10.1051,23500.0
2018-08-23,9.8255,10.1051,9.7456,10.1051,23500.0
2018-08-24,10.0651,10.2648,9.9453,10.2648,26500.0
2018-08-27,10.2249,10.2648,9.9453,10.2009,171000.0
2018-08-28,10.2009,10.2009,10.0092,10.0092,11500.0
2018-08-29,10.0412,10.0731,10.0012,10.0731,38500.0
2018-08-30,10.0731,10.145,10.0012,10.0332,88500.0
2018-08-31,10.0491,10.145,10.0491,10.1051,88500.0
2018-09-03,10.0491,10.2249,10.0252,10.0651,25000.0
2018-09-04,10.0651,10.2169,10.0651,10.0811,5000.0
2018-09-05,10.169,10.1849,10.0491,10.1849,117500.0
2018-09-06,10.0332,10.137,10.0332,10.137,1500.0
2018-09-07,10.1849,10.1849,10.0252,10.0252,35000.0
2018-09-10,10.0092,10.1051,10.0012,10.1051,50000.0
2018-09-11,10.3048,10.3048,10.0332,10.0651,38000.0
2018-09-12,10.1051,10.1051,10.0491,10.0651,18500.0
2018-09-13,10.1051,10.2968,10.0332,10.0571,34000.0
2018-09-14,10.2648,10.3846,10.113,10.121,26000.0
2018-09-17,10.2488,10.2488,10.1051,10.1849,9000.0
2018-09-18,10.1051,10.2568,10.1051,10.1849,50500.0
2018-09-19,10.1849,10.2169,10.161,10.1849,454500.0
2018-09-20,10.1849,10.2169,10.161,10.1849,454500.0
2018-09-21,10.1849,10.2169,10.161,10.1849,454500.0
2018-09-24,10.3447,10.3447,10.152999999999999,10.2009,77500.0
2018-09-25,10.2249,10.2249,10.137,10.161,68500.0
2018-09-26,10.1849,10.2648,10.0811,10.1929,20197000.0
2018-09-27,10.2169,10.2249,10.1051,10.1051,22074500.0
2018-09-28,10.0332,10.2169,10.0252,10.0651,44500.0
2018-10-01,10.2249,10.2249,10.0012,10.2009,41000.0
2018-10-02,10.2249,10.2249,10.0651,10.0971,18500.0
2018-10-03,10.1849,10.2249,10.0811,10.1849,5113000.0
2018-10-04,10.2249,10.2249,10.145,10.145,77000.0
2018-10-05,10.0731,10.1849,10.0651,10.0811,474000.0
2018-10-08,10.0891,10.1051,9.6657,9.7536,390500.0
2018-10-09,9.9054,9.9054,9.7456,9.7855,188000.0
2018-10-10,9.7616,9.8654,9.7136,9.7296,33500.0
2018-10-11,9.9852,10.0571,9.6657,10.0571,13500.0
2018-10-12,10.145,10.145,9.6258,9.7855,29000.0
2018-10-15,9.7056,9.7056,9.482000000000001,9.5139,123500.0
2018-10-16,9.5858,9.5938,9.5059,9.5778,243500.0
2018-10-17,9.5858,9.5858,9.5139,9.5858,150000.0
2018-10-18,9.2264,9.7456,9.2264,9.6657,8500.0
2018-10-19,9.6577,9.9852,9.5539,9.5858,419500.0
2018-10-22,9.6338,9.6657,9.5219,9.5539,986000.0
2018-10-23,9.5858,9.5938,9.5619,9.5699,334500.0
2018-10-24,9.5858,9.7855,9.5858,9.6977,305500.0
2018-10-25,9.6497,9.7456,9.6417,9.7456,189500.0
2018-10-26,9.9054,9.9054,9.5858,9.5938,540000.0
2018-10-29,9.6018,9.8255,9.5619,9.5938,742000.0
2018-10-30,9.5778,9.5858,9.5059,9.5858,85000.0
2018-10-31,9.5858,9.7456,9.5539,9.6018,2252000.0
2018-11-01,9.5858,9.7296,9.5858,9.6977,416500.0
2018-11-02,9.8015,9.8015,9.6258,9.7696,116500.0
2018-11-05,9.6737,9.7855,9.6657,9.7855,726000.0
2018-11-06,9.8255,9.8255,9.7456,9.7536,72500.0
2018-11-07,9.8175,9.8175,9.7456,9.7855,228000.0
2018-11-08,10.0154,10.0154,9.8512,9.9661,197000.0
2018-11-09,9.7855,10.0564,9.7855,10.0154,877000.0
2018-11-12,9.8348,10.0482,9.8266,9.9826,31500.0
2018-11-13,10.0154,10.0318,9.8923,9.8923,22000.0
2018-11-14,9.9333,9.9743,9.8512,9.8594,89000.0
2018-11-15,10.0154,10.0154,9.8348,9.9661,602500.0
2018-11-16,10.0564,10.0564,9.884,9.9005,287500.0
2018-11-19,9.8923,10.0564,9.8923,9.9251,25000.0
2018-11-20,10.0154,10.0154,10.0154,10.0154,1000.0
2018-11-21,10.0154,10.0154,10.0154,10.0154,1000.0
2018-11-22,9.9169,9.9908,9.9169,9.9743,201000.0
2018-11-23,9.8512,10.1796,9.8512,9.9826,4500.0
2018-11-26,9.9743,9.9826,9.8594,9.8676,146500.0
2018-11-27,9.9908,9.999,9.9333,9.9333,57500.0
2018-11-28,10.0154,10.0154,9.9743,9.9743,43500.0
2018-11-29,9.9743,9.9743,9.9415,9.9661,132000.0
2018-11-30,9.8923,9.9579,9.8512,9.8594,64500.0
2018-12-03,9.8594,9.8594,9.8348,9.8512,27500.0
2018-12-04,9.843,9.9743,9.7691,9.9005,1138500.0
2018-12-05,9.9743,9.9743,9.8184,9.8184,170500.0
2018-12-06,9.8266,9.8923,9.7855,9.7937,4500.0
2018-12-07,9.8102,9.8512,9.7937,9.802,118000.0
2018-12-10,9.999,9.999,9.8102,9.8348,96000.0
2018-12-11,9.8102,9.8512,9.7691,9.8512,22000.0
2018-12-12,9.843,9.9251,9.8102,9.843,216000.0
2018-12-13,9.8102,9.8512,9.7281,9.7691,73500.0
2018-12-14,9.7527,9.8512,9.7527,9.8512,17500.0
2018-12-17,9.7281,9.8512,9.7281,9.8512,47500.0
2018-12-18,9.8512,9.8512,9.8184,9.8266,36500.0
2018-12-19,9.8512,9.8512,9.8184,9.8512,75000.0
2018-12-20,9.8348,9.8512,9.8348,9.8512,75000.0
2018-12-21,9.8512,9.8512,9.8512,9.8512,23500.0
2018-12-24,9.9497,10.0564,9.843,9.8512,111500.0
2018-12-25,9.9497,10.0564,9.843,9.8512,111500.0
2018-12-26,9.8512,9.8512,9.8512,9.8512,100000.0
2018-12-27,9.8512,9.8512,9.8102,9.8266,102000.0
2018-12-28,9.7691,9.843,9.6952,9.8266,41500.0
2018-12-31,9.8512,9.8512,9.6952,9.843,46500.0
2019-01-01,9.8512,9.8512,9.7937,9.8348,12000.0
2019-01-02,9.8512,9.8512,9.7199,9.7527,1434500.0
2019-01-03,9.802,9.802,9.687000000000001,9.7281,1163500.0
2019-01-04,9.7116,9.7609,9.7116,9.7281,19500.0
2019-01-07,9.843,9.843,9.7281,9.7609,144000.0
2019-01-08,9.8102,9.8102,9.7527,9.7691,72500.0
2019-01-09,9.7691,9.7691,9.7527,9.7691,35500.0
2019-01-10,9.7691,9.7691,9.7116,9.7116,41500.0
2019-01-11,9.7609,9.7691,9.7445,9.7609,2074000.0
2019-01-14,9.7281,9.7691,9.7281,9.7527,2053500.0
2019-01-15,9.7199,9.7691,9.7116,9.7281,245500.0
2019-01-16,9.7281,9.7527,9.7281,9.7527,79500.0
2019-01-17,9.7034,9.7691,9.6542,9.687000000000001,271000.0
2019-01-18,9.687000000000001,9.7281,9.6049,9.687000000000001,267000.0
2019-01-21,9.687000000000001,9.7609,9.6788,9.687000000000001,207000.0
2019-01-22,9.6952,9.7527,9.687000000000001,9.7116,126500.0
2019-01-23,9.7445,9.7691,9.646,9.687000000000001,1116500.0
2019-01-24,9.7609,9.7691,9.646,9.6542,538000.0
2019-01-25,9.6542,9.7034,9.6542,9.7034,39000.0
2019-01-28,9.7609,9.7609,9.687000000000001,9.6952,1080000.0
2019-01-29,9.7199,9.7281,9.687000000000001,9.687000000000001,102000.0
2019-01-30,9.7281,9.7527,9.6542,9.7034,149000.0
2019-01-31,9.6952,9.7281,9.6706,9.7116,70500.0
2019-02-01,9.7281,9.7281,9.646,9.6706,249000.0
2019-02-04,9.7281,9.7281,9.646,9.7199,236500.0
2019-02-05,9.7281,9.7281,9.646,9.7199,236500.0
2019-02-06,9.6624,9.7691,9.6624,9.7199,740000.0
2019-02-07,9.9056,9.9056,9.8381,9.8634,191000.0
2019-02-08,9.8803,9.8803,9.855,9.8719,55500.0
2019-02-11,9.8803,9.8803,9.7874,9.7874,986500.0
2019-02-12,9.8381,9.931000000000001,9.8043,9.855,62500.0
2019-02-13,9.8803,9.8803,9.8465,9.8803,68000.0
2019-02-14,9.8127,9.9141,9.8043,9.8381,70500.0
2019-02-15,9.8043,9.9225,9.8043,9.9141,1634500.0
2019-02-18,9.8803,9.8803,9.8465,9.8803,6000.0
2019-02-19,9.8803,9.8803,9.8381,9.8465,41000.0
2019-02-20,9.8803,9.8803,9.8043,9.8296,1002500.0
2019-02-21,10.1336,10.1336,9.7959,9.8381,9500.0
2019-02-22,9.9732,10.007,9.779,9.7874,126500.0
2019-02-25,9.7959,9.7959,9.7114,9.7536,164500.0
2019-02-26,9.8043,9.8043,9.7114,9.7114,138000.0
2019-02-27,9.7114,9.7536,9.627,9.6692,70500.0
2019-02-28,9.6692,9.8381,9.627,9.6692,336500.0
2019-03-01,9.7959,10.1336,9.7114,9.7114,65000.0
2019-03-04,9.8381,9.8381,9.7283,9.7874,24500.0
2019-03-05,9.7114,9.8381,9.7114,9.8381,47000.0
2019-03-06,9.8634,9.9648,9.8634,9.8803,24000.0
2019-03-07,9.9225,9.9394,9.8888,9.9225,37000.0
2019-03-08,9.7114,10.007,9.7114,9.9563,26000.0
2019-03-11,9.9563,9.9563,9.8803,9.9141,478000.0
2019-03-12,9.8972,10.1252,9.7959,9.8803,444000.0
2019-03-13,9.7536,9.7959,9.7536,9.7959,2500.0
2019-03-14,9.8803,10.0323,9.8803,9.8803,910500.0
2019-03-15,9.8803,9.9225,9.8634,9.8803,24000.0
2019-03-18,9.9563,9.9563,9.8803,9.8803,41500.0
2019-03-19,9.9225,10.1168,9.8381,9.9225,545000.0
2019-03-20,9.8465,9.8803,9.7536,9.8381,197500.0
2019-03-21,9.7959,9.7959,9.7536,9.7874,83500.0
2019-03-22,9.7959,9.8465,9.7959,9.8465,2000.0
2019-03-25,9.7959,10.0914,9.6607,9.7114,159000.0
2019-03-26,9.6861,9.7114,9.6776,9.7114,25000.0
2019-03-27,9.9394,9.9394,9.7536,9.8719,69000.0
2019-03-28,9.8803,9.8803,9.6692,9.7114,121000.0
2019-03-29,9.7114,9.7114,9.6439,9.6607,245500.0
2019-04-01,9.6776,9.7536,9.6776,9.7536,82000.0
2019-04-02,9.6776,9.7114,9.6354,9.7114,152000.0
2019-04-03,9.7536,9.7536,9.7536,9.7536,500.0
2019-04-04,9.7114,9.7114,9.3821,9.6439,117500.0
2019-04-05,9.7959,9.7959,9.6692,9.6692,73000.0
2019-04-08,9.6439,9.6439,9.5003,9.5425,1163500.0
2019-04-09,9.5679,9.5679,9.5087,9.5256,127000.0
2019-04-10,9.2976,9.5425,9.2976,9.4581,128000.0
2019-04-11,9.2892,9.4581,9.2892,9.4581,2078000.0
2019-04-12,9.4581,9.4581,9.4581,9.4581,850000.0
2019-04-15,9.4581,9.4581,9.3736,9.4496,3176000.0
2019-04-16,9.4327,9.5003,9.3736,9.4412,183500.0
2019-04-17,9.5003,9.5003,9.4581,9.475,178500.0
2019-04-18,9.4581,9.475,9.399,9.4665,156500.0
2019-04-19,9.5003,9.5003,9.4243,9.4581,143500.0
2019-04-22,9.7114,9.7114,9.5003,9.5932,45000.0
2019-04-23,9.5763,9.5847,9.5003,9.5172,45000.0
2019-04-24,9.5256,9.5425,9.4581,9.4581,263000.0
2019-04-25,9.4918,9.5425,9.4581,9.5003,234500.0
2019-04-26,9.5003,9.5847,9.4327,9.5341,2832000.0
2019-04-29,9.5425,9.5425,9.4665,9.5003,93500.0
2019-04-30,9.4581,9.5847,9.4581,9.5847,312000.0
2019-05-01,9.4581,9.5847,9.4581,9.5847,312000.0
2019-05-02,9.5847,9.9648,9.5172,9.7536,613000.0
2019-05-03,9.6692,9.7114,9.627,9.6692,188500.0
2019-05-06,9.6692,9.6692,9.551,9.5847,160500.0
2019-05-07,9.5847,9.7114,9.5847,9.7114,12000.0
2019-05-08,9.6506,9.781,9.6506,9.7375,137000.0
2019-05-09,9.8418,9.8418,9.7375,9.7462,310000.0
2019-05-10,9.7375,9.7375,9.6506,9.693999999999999,1191000.0
2019-05-13,9.9114,9.9114,9.5636,9.5636,778500.0
2019-05-14,9.6506,9.693999999999999,9.4767,9.4941,173000.0
2019-05-15,9.5201,9.6506,9.4593,9.4767,47000.0
2019-05-16,9.5636,9.6506,9.4332,9.5549,233500.0
2019-05-17,9.4332,9.4767,9.2593,9.4332,62500.0
2019-05-20,9.4767,9.4767,9.3463,9.3549,108500.0
2019-05-21,9.3897,9.5375,9.1724,9.3115,79500.0
2019-05-22,9.3115,9.3984,9.2158,9.2593,202000.0
2019-05-23,9.3028,9.5636,9.3028,9.5288,155500.0
2019-05-24,9.4593,9.5114,9.3897,9.5114,22500.0
2019-05-27,9.5114,9.5114,9.4071,9.468,96000.0
2019-05-28,9.5114,9.5114,9.4071,9.468,96000.0
2019-05-29,9.5462,9.5549,9.3984,9.4593,245500.0
2019-05-30,9.3463,9.3463,9.2245,9.2941,528000.0
2019-05-31,9.3463,9.3463,9.2245,9.2941,528000.0
2019-06-03,9.3636,9.3636,9.3463,9.3549,30000.0
2019-06-04,9.3636,9.3636,9.3463,9.3549,30000.0
2019-06-05,9.3636,9.3636,9.3463,9.3549,30000.0
2019-06-06,9.3636,9.3636,9.3463,9.3549,30000.0
2019-06-07,9.3636,9.3636,9.3463,9.3549,30000.0
2019-06-10,9.4593,9.4593,9.1289,9.1724,411000.0
2019-06-11,9.4158,9.4158,9.0854,9.155,149000.0
2019-06-12,9.3463,9.3463,9.0941,9.1289,182500.0
2019-06-13,9.3028,9.3289,8.955,8.9724,199500.0
2019-06-14,9.1289,9.1724,8.9202,8.9637,85500.0
2019-06-17,9.1289,9.1289,8.9202,8.9376,40500.0
2019-06-18,8.955,9.1202,8.9202,9.0159,92500.0
2019-06-19,9.1115,9.3463,8.8681,8.9811,3100000.0
2019-06-20,8.8768,9.0593,8.8681,8.9376,90500.0
2019-06-21,8.955,9.1289,8.9115,8.9115,65500.0
2019-06-24,8.9115,8.9115,8.7985,8.842,91000.0
2019-06-25,8.8681,9.1202,8.7985,8.9985,55000.0
2019-06-26,8.8333,9.0854,8.7724,8.8681,76500.0
2019-06-27,8.9724,8.9724,8.7811,8.7898,1940000.0
2019-06-28,8.7811,8.8681,8.6942,8.842,283500.0
2019-07-01,8.7203,9.0854,8.6942,8.8072,71000.0
2019-07-02,8.8681,8.8681,8.6942,8.7029,109500.0
2019-07-03,8.7116,8.7811,8.6942,8.7637,173500.0
2019-07-04,8.7811,8.7811,8.6942,8.7116,84000.0
2019-07-05,8.7029,8.7377,8.6942,8.6942,5997000.0
2019-07-08,8.6942,8.7029,8.6507,8.6942,38500.0
2019-07-09,8.5812,8.7811,8.5812,8.6855,261000.0
2019-07-10,8.7377,8.7377,8.6855,8.7203,14500.0
2019-07-11,8.7029,8.8159,8.7029,8.7637,68500.0
2019-07-12,8.8681,8.8681,8.4508,8.7377,21000.0
2019-07-15,8.7811,8.7811,8.6072,8.6072,11000.0
2019-07-16,8.8681,8.8681,8.5986,8.6768,33000.0
2019-07-17,8.1812,8.7811,8.1812,8.6942,280000.0
2019-07-18,8.6507,8.6681,8.6072,8.6072,48000.0
2019-07-19,8.529,8.6507,8.5203,8.6072,42000.0
2019-07-22,8.5203,8.5638,8.4334,8.529,78000.0
2019-07-23,8.5203,8.5377,8.4768,8.5203,91500.0
2019-07-24,8.5725,8.6072,8.4855,8.4942,60000.0
2019-07-25,9.2506,9.2506,8.5377,8.5638,96000.0
2019-07-26,8.5203,8.6942,8.3899,8.5203,406000.0
2019-07-29,8.7724,8.7724,8.4334,8.6072,61500.0
2019-07-30,8.4421,8.6768,8.4421,8.6768,3500.0
2019-07-31,8.3899,8.6942,8.3638,8.6942,83500.0
2019-08-01,8.6942,8.6942,8.6768,8.6855,1946000.0
2019-08-02,8.7724,8.9115,8.6855,8.6942,62500.0
2019-08-05,8.529,8.6942,8.4421,8.6855,124500.0
2019-08-06,8.6072,8.6855,8.6072,8.6072,81000.0
2019-08-07,8.529,8.6942,8.529,8.6768,87000.0
2019-08-08,8.6072,8.6507,8.6072,8.6507,51500.0
2019-08-09,8.6777,8.9924,8.6777,8.9025,150500.0
2019-08-12,8.6777,8.9924,8.6777,8.9025,150500.0
2019-08-13,8.6777,8.9924,8.6777,8.9025,150500.0
2019-08-14,8.6777,8.9924,8.6777,8.9025,150500.0
2019-08-15,8.6777,8.9924,8.6777,8.9025,150500.0
2019-08-16,8.6777,8.9115,8.6327,8.7317,44000.0
2019-08-19,8.8036,8.8126,8.7946,8.8126,181000.0
2019-08-20,8.8575,8.9025,8.8306,8.9025,99000.0
2019-08-21,8.8126,8.9025,8.8126,8.9025,134500.0
2019-08-22,8.8126,8.9475,8.8126,8.9385,317000.0
2019-08-23,8.8216,8.9025,8.8126,8.9025,93500.0
2019-08-26,8.9834,8.9834,8.8126,8.9744,31500.0
2019-08-27,8.7676,8.9025,8.6327,8.9025,5500.0
2019-08-28,8.9025,8.9025,8.9025,8.9025,84500.0
2019-08-29,8.9025,8.9025,8.8575,8.8845,47000.0
2019-08-30,8.7227,8.9475,8.6507,8.8126,247500.0
2019-09-02,8.8216,8.8216,8.7227,8.7227,199500.0
2019-09-03,8.8665,8.9025,8.7496,8.7586,66000.0
2019-09-04,8.8575,8.9025,8.8216,8.8935,13000.0
2019-09-05,8.7676,8.8486,8.7586,8.8126,116500.0
2019-09-06,8.7676,8.9025,8.7676,8.8216,60500.0
2019-09-09,8.7676,8.9025,8.7676,8.8216,60500.0
2019-09-10,8.7676,8.9025,8.7676,8.8216,60500.0
2019-09-11,8.8306,8.8486,8.8126,8.8486,16500.0
2019-09-12,8.8126,8.8486,8.8126,8.8126,113000.0
2019-09-13,8.8126,8.8575,8.8126,8.8126,65000.0
2019-09-16,8.9025,8.9834,8.8665,8.8935,25.0
2019-09-17,8.7406,8.9834,8.7406,8.8486,15500.0
2019-09-18,8.8575,8.9385,8.8575,8.9025,79000.0
2019-09-19,8.9025,8.9295,8.9025,8.9025,37.0
2019-09-20,8.9025,8.9025,8.8126,8.8755,193000.0
2019-09-23,8.8845,8.9025,8.8126,8.8216,110500.0
2019-09-24,8.8935,8.9025,8.6867,8.7496,199500.0
2019-09-25,8.7496,8.8935,8.7227,8.7586,87000.0
2019-09-26,8.8126,8.9924,8.8126,8.9834,43000.0
2019-09-27,8.9385,9.0014,8.9115,8.9924,84000.0
2019-09-30,8.9025,8.9834,8.7676,8.8216,103500.0
2019-10-01,8.8575,8.8935,8.8126,8.8935,125000.0
2019-10-02,8.8575,8.8575,8.7766,8.8126,113000.0
2019-10-03,8.9025,8.9385,8.8575,8.9115,144500.0
2019-10-04,8.9025,8.9295,8.9025,8.9115,1339500.0
2019-10-07,8.9205,9.0824,8.9025,9.0284,244000.0
2019-10-08,8.9924,9.0374,8.9924,9.0374,137000.0
2019-10-09,9.0374,9.1723,9.0374,9.0824,19500.0
2019-10-10,9.0734,9.3521,9.0734,9.3072,74500.0
2019-10-11,9.2622,9.532,9.2172,9.496,353500.0
2019-10-14,9.55,9.8737,9.55,9.6399,157000.0
2019-10-15,9.8197,9.8917,9.6669,9.8018,34000.0
2019-10-16,9.6309,9.8917,9.6309,9.8917,10000.0
2019-10-17,9.6309,9.9816,9.6309,9.8917,81500.0
2019-10-18,9.8917,9.9816,9.8917,9.9276,121000.0
2019-10-21,9.8917,9.9816,9.8917,9.8917,365000.0
2019-10-22,10.0176,10.0176,9.8917,9.9456,7000.0
2019-10-23,10.0266,10.0625,9.9007,9.9366,36500.0
2019-10-24,9.9816,10.0715,9.9816,10.0715,2500.0
2019-10-25,10.0625,10.2064,9.9906,9.9996,85500.0
2019-10-28,10.2514,10.3323,10.1614,10.3053,29.0
2019-10-29,10.3323,10.3323,10.1614,10.2873,17500.0
2019-10-30,10.3233,10.3323,10.0715,10.1075,8000.0
2019-10-31,9.9097,10.3413,9.9097,10.2604,65500.0
2019-11-01,10.3413,10.3413,10.2604,10.2604,3500.0
2019-11-04,10.2963,10.4762,10.2963,10.4402,31000.0
2019-11-05,10.5211,10.5211,10.4312,10.5211,38000.0
2019-11-06,10.6111,10.7909,10.5661,10.737,555500.0
2019-11-07,10.6111,10.7909,10.5571,10.7819,226500.0
2019-11-08,11.0228,11.0691,10.8931,10.9209,132500.0
2019-11-11,10.995,10.995,10.8282,10.8375,62.0
2019-11-12,10.8282,10.8282,10.6522,10.6615,102000.0
2019-11-13,10.6522,10.6522,10.3744,10.5226,1227500.0
2019-11-14,10.5226,10.5226,10.3929,10.4114,26500.0
2019-11-15,10.4207,10.4207,10.2817,10.3836,188500.0
2019-11-18,10.3836,10.7819,10.290999999999999,10.5689,382000.0
2019-11-19,10.5596,10.7449,10.5596,10.6522,1339500.0
2019-11-20,10.6522,10.7171,10.5689,10.6522,1687500.0
2019-11-21,10.6522,10.7449,10.5596,10.5781,696500.0
2019-11-22,10.6059,10.6522,10.467,10.4948,217000.0
2019-11-25,10.6522,10.6708,10.3744,10.6522,1257500.0
2019-11-26,10.6522,10.6522,10.4763,10.6337,127000.0
2019-11-27,10.6615,10.68,10.6615,10.6708,224000.0
2019-11-28,10.642999999999999,10.995,10.642999999999999,10.7449,33.0
2019-11-29,10.9301,10.9764,10.8375,10.9023,163.0
2019-12-02,11.0505,11.0505,10.8375,11.0228,124000.0
2019-12-03,11.1061,11.1617,10.9764,11.1154,597500.0
2019-12-04,11.032,11.1617,11.0228,11.1617,166000.0
2019-12-05,11.0413,11.1617,10.9764,11.1617,2140000.0
2019-12-06,11.1617,11.208,11.0228,11.1154,1009000.0
2019-12-09,11.1154,11.208,11.1154,11.1247,125500.0
2019-12-10,10.6986,11.1154,10.6986,11.1154,73000.0
2019-12-11,11.1154,11.1154,11.032,11.0691,103000.0
2019-12-12,11.1154,11.1154,11.0691,11.1154,48000.0
2019-12-13,11.1154,11.347000000000001,10.1891,11.1802,189000.0
2019-12-16,11.3284,11.5693,11.1617,11.2543,289500.0
2019-12-17,11.2543,11.2543,11.208,11.2173,99500.0
2019-12-18,11.208,11.2543,11.208,11.208,112000.0
2019-12-19,11.2173,11.2358,11.208,11.208,132000.0
2019-12-20,11.2173,11.347000000000001,11.208,11.347000000000001,223000.0
2019-12-23,11.3006,11.3006,11.2543,11.2636,71500.0
2019-12-24,11.2173,11.347000000000001,11.2173,11.2173,103500.0
2019-12-25,11.2173,11.347000000000001,11.2173,11.2173,103500.0
2019-12-26,11.7082,11.7082,11.2451,11.3006,35500.0
2019-12-27,11.4859,11.5322,11.2543,11.3192,60500.0
2019-12-30,11.56,11.56,11.347000000000001,11.4118,739500.0
2019-12-31,11.4396,11.5785,11.3933,11.5693,75500.0
2020-01-01,11.7545,11.8101,11.5785,11.7082,29000.0
2020-01-02,11.6248,11.8101,11.6063,11.7638,37500.0
2020-01-03,11.8101,11.9954,11.5878,11.6989,211000.0
2020-01-06,11.6712,11.8564,11.6248,11.8008,86000.0
2020-01-07,11.8194,11.8379,11.7638,11.7638,523000.0
2020-01-08,11.7175,11.7638,11.7175,11.7267,1760500.0
2020-01-09,11.949000000000002,11.949000000000002,11.6526,11.6712,402000.0
2020-01-10,11.6712,11.7638,11.6712,11.7175,864500.0
2020-01-13,11.8101,11.8101,11.7638,11.8008,24000.0
2020-01-14,11.7175,11.8564,11.7175,11.7638,258000.0
2020-01-15,11.9027,11.9027,11.8101,11.9027,9500.0
2020-01-16,11.9398,11.9398,11.7823,11.8749,20500.0
2020-01-17,11.9305,11.9305,11.8101,11.9027,16500.0
2020-01-20,12.0231,12.4955,11.7638,11.8101,79000.0
2020-01-21,12.4122,12.4122,11.8564,11.9027,62500.0
2020-01-22,12.088,12.088,11.949000000000002,11.9676,203500.0
2020-01-23,12.2269,12.2269,11.9768,12.0417,1007000.0
2020-01-24,12.0046,12.968,11.5785,12.0324,2686000.0
2020-01-27,12.2362,12.2362,11.9027,11.9583,77000.0
2020-01-28,12.1343,12.1343,12.0324,12.0324,203500.0
2020-01-29,12.1158,12.2732,11.949000000000002,11.949000000000002,44500.0
2020-01-30,12.0139,12.0417,11.9954,12.0417,432500.0
2020-01-31,12.3558,12.3558,11.9084,12.0131,579500.0
2020-02-03,11.9084,12.3177,11.8989,12.0893,122000.0
2020-02-04,12.0893,12.0893,12.0512,12.0797,112000.0
2020-02-05,12.0893,12.0893,12.0512,12.0797,112000.0
2020-02-06,11.9465,12.1845,11.9179,12.0893,709500.0
2020-02-07,12.0893,12.0893,11.8513,11.9274,85500.0
2020-02-10,11.6609,11.8798,11.6609,11.8798,75000.0
2020-02-11,11.8989,12.0893,11.8037,11.8513,114500.0
2020-02-12,11.8989,11.9846,11.8989,11.8989,87000.0
2020-02-13,11.9941,12.0417,11.8989,11.9084,240000.0
2020-02-14,11.9465,11.9465,11.6609,11.9179,38000.0
2020-02-17,11.8989,11.9655,11.8037,11.8894,82500.0
2020-02-18,11.8989,11.9274,11.8418,11.8513,58500.0
2020-02-19,11.8037,12.0893,11.7466,11.8418,138500.0
2020-02-20,11.8989,11.9465,11.8037,11.8132,76000.0
2020-02-21,11.8513,11.9465,11.718,11.7466,84000.0
2020-02-24,12.3272,12.3748,11.8037,11.8513,144500.0
2020-02-25,11.8989,11.9465,11.8513,11.8608,32000.0
2020-02-26,11.7561,11.8703,11.7561,11.8703,53000.0
2020-02-27,11.7561,11.8894,11.6609,11.8894,127000.0
2020-02-28,11.8513,11.9084,11.7561,11.8227,109000.0
2020-03-02,11.8989,11.8989,11.8132,11.8989,85000.0
2020-03-03,11.8132,12.0893,11.8132,12.0512,27000.0
2020-03-04,11.8989,12.0417,11.8989,12.0322,8500.0
2020-03-05,12.0417,12.1369,11.9465,12.1369,134500.0
2020-03-06,11.9179,12.0893,11.9084,12.0417,71000.0
2020-03-09,11.8608,12.0417,11.5276,11.9846,209000.0
2020-03-10,11.9084,12.2511,11.8989,11.9274,220500.0
2020-03-11,11.9084,11.9465,11.8037,11.8132,935500.0
2020-03-12,11.8037,12.1654,11.6704,11.699000000000002,322000.0
2020-03-13,11.5181,11.7085,10.7566,11.6133,394500.0
2020-03-16,11.6419,11.6419,11.3373,11.4229,179500.0
2020-03-17,11.4229,11.4229,11.2325,11.2897,551000.0
2020-03-18,10.470999999999998,11.0612,10.3378,10.3949,557000.0
2020-03-19,10.4329,11.1374,10.2806,10.5757,335000.0
2020-03-20,10.470999999999998,10.8423,10.470999999999998,10.8327,100000.0
2020-03-23,10.470999999999998,10.8423,10.470999999999998,10.8327,100000.0
2020-03-24,10.1378,10.1378,9.8808,9.9094,74000.0
2020-03-25,10.232999999999999,10.232999999999999,9.9951,10.0331,47500.0
2020-03-26,10.232999999999999,10.3758,10.1569,10.3758,22000.0
2020-03-27,10.2806,10.2806,9.9951,10.1854,82500.0
2020-03-30,10.0522,10.1378,9.8047,9.8999,201000.0
2020-03-31,9.6905,10.4139,9.6143,9.7285,1954500.0
2020-04-01,9.8047,9.9951,9.6905,9.7666,692000.0
2020-04-02,9.8523,9.9475,9.7666,9.9094,1855500.0
2020-04-03,9.9475,10.2711,9.8999,10.0903,209000.0
2020-04-06,9.8999,10.1854,9.8999,10.1854,306500.0
2020-04-07,10.1759,10.1759,9.9951,10.0903,61000.0
2020-04-08,9.9951,10.1378,9.9475,10.0141,222000.0
2020-04-09,10.0903,10.0903,9.9951,10.0617,108000.0
2020-04-10,10.0617,10.1283,9.957,10.0712,89500.0
2020-04-13,10.0427,10.0427,9.9379,9.9951,156500.0
2020-04-14,9.9665,9.9951,9.8999,9.9094,573500.0
2020-04-15,9.9189,9.9951,9.7571,9.8047,703500.0
2020-04-16,9.9665,10.0807,9.9475,9.9951,967000.0
2020-04-17,10.1854,10.947000000000001,10.1854,10.8232,1105500.0
2020-04-20,10.947000000000001,11.0422,10.4901,10.6519,737500.0
2020-04-21,10.947000000000001,10.947000000000001,10.5757,10.728,88000.0
2020-04-22,10.5757,10.7376,10.4805,10.6614,186500.0
2020-04-23,10.5281,10.8994,10.5281,10.709000000000001,59500.0
2020-04-24,10.709000000000001,10.8518,10.709000000000001,10.8518,163500.0
2020-04-27,10.6614,10.947000000000001,10.6614,10.8994,148000.0
2020-04-28,10.8994,10.9946,10.7661,10.9375,121500.0
2020-04-29,10.8589,10.9964,10.7607,10.8098,663500.0
2020-04-30,10.8589,10.8982,10.6036,10.7313,729500.0
2020-05-01,10.8589,10.8982,10.6036,10.7313,729500.0
2020-05-04,10.7018,10.8,10.6036,10.7509,711500.0
2020-05-05,10.8,11.0356,10.7018,10.8098,2556000.0
2020-05-06,10.7313,10.8,10.7313,10.7509,45500.0
2020-05-07,10.7509,10.7607,10.6527,10.6625,134000.0
2020-05-08,10.7018,10.7018,10.6036,10.6331,40000.0
2020-05-11,10.7018,10.7018,10.5055,10.6527,111000.0
2020-05-12,10.7018,10.7018,10.5545,10.5644,172000.0
2020-05-13,10.5251,10.6036,10.4858,10.5153,192000.0
2020-05-14,10.5153,10.5153,10.3582,10.3975,297000.0
2020-05-15,10.5055,10.5055,10.3091,10.3189,352000.0
2020-05-18,10.3189,10.5055,10.3189,10.5055,1989500.0
2020-05-19,10.6036,10.8884,10.6036,10.8491,1485500.0
2020-05-20,10.6135,10.9865,10.6135,10.8098,416000.0
2020-05-21,10.9964,10.9964,10.7116,10.7705,51500.0
2020-05-22,10.9964,10.9964,10.7116,10.7705,51500.0
2020-05-25,10.9964,10.9964,10.7116,10.7705,51500.0
2020-05-26,10.9964,10.9964,10.7116,10.7705,51500.0
2020-05-27,10.9964,10.9964,10.7116,10.7705,51500.0
2020-05-28,10.9767,10.9767,10.8,10.8,152500.0
2020-05-29,10.8,10.9178,10.7902,10.8589,55500.0
2020-06-01,10.8982,10.8982,10.8491,10.8884,39000.0
2020-06-02,10.9865,10.9865,10.8982,10.908,66000.0
2020-06-03,10.8982,10.9473,10.8491,10.908,9500.0
2020-06-04,10.8,10.9865,10.7215,10.908,11000.0
2020-06-05,10.8,10.9473,10.8,10.9276,91000.0
2020-06-08,10.8589,10.9276,10.8589,10.8785,35500.0
2020-06-09,10.9767,10.9964,10.8687,10.8884,76500.0
2020-06-10,10.8687,10.9276,10.8491,10.9276,187500.0
2020-06-11,10.9276,10.9276,10.7804,10.8589,222000.0
2020-06-12,10.8,10.8393,10.8,10.8,172500.0
2020-06-15,10.9767,10.9767,10.4073,10.5644,205000.0
2020-06-16,10.4465,10.6233,10.4367,10.6036,26000.0
2020-06-17,10.6135,10.7804,10.6036,10.7509,116500.0
2020-06-18,10.7018,10.7607,10.6036,10.6036,81000.0
2020-06-19,10.6036,10.7018,10.5545,10.692,27000.0
2020-06-22,10.5055,10.5447,10.4073,10.5349,201000.0
2020-06-23,10.5349,10.6527,10.3091,10.6331,142500.0
2020-06-24,10.6527,10.6527,10.6036,10.6429,83000.0
2020-06-25,10.584000000000001,10.6429,10.584000000000001,10.6331,15500.0
2020-06-26,10.7018,10.7018,10.6233,10.6527,56000.0
2020-06-29,10.7705,10.8,10.7018,10.8,17000.0
2020-06-30,10.6527,10.7018,10.6527,10.692,137500.0
2020-07-01,10.5742,10.7018,10.26,10.6331,84500.0
2020-07-02,10.6527,10.6822,10.5742,10.6822,265500.0
2020-07-03,10.8,10.8,10.6822,10.7411,10000.0
2020-07-06,10.6822,10.9178,10.6625,10.8982,395000.0
2020-07-07,10.9473,10.9473,10.8295,10.8785,241500.0
2020-07-08,10.8491,11.015999999999998,10.8491,10.908,97000.0
2020-07-09,10.9473,10.9964,10.8196,10.8884,656000.0
2020-07-10,11.0258,11.0356,10.8,10.908,43500.0
2020-07-13,10.8491,11.0945,10.8491,11.0062,329000.0
2020-07-14,10.9669,11.0062,10.9178,10.9473,1052500.0
2020-07-15,10.9178,11.015999999999998,10.8,10.8982,1301000.0
2020-07-16,11.0455,11.0455,10.8,10.8295,351000.0
2020-07-17,10.8589,10.8982,10.8,10.8,272500.0
2020-07-20,10.8982,10.9375,10.7804,10.8,1435000.0
2020-07-21,10.8,10.8,10.7215,10.8,389500.0
2020-07-22,10.8,10.8,10.7116,10.7804,205000.0
2020-07-23,10.8,10.8884,10.7509,10.8,316000.0
2020-07-24,10.81,10.9,10.75,10.8,606500.0
2020-07-27,10.8,11.0,10.8,10.87,96000.0
2020-07-28,10.95,10.98,10.8,10.95,582500.0
2020-07-29,10.99,10.99,10.79,10.81,373000.0
2020-07-30,10.8,10.95,10.8,10.89,33500.0
2020-07-31,10.8,10.95,10.8,10.89,33500.0
2020-08-03,10.85,10.99,10.78,10.92,1383500.0
2020-08-04,11.47,11.47,10.9,10.92,567500.0
2020-08-05,10.9,11.0,10.9,11.0,80000.0
2020-08-06,11.0,11.0,10.95,10.97,165000.0
2020-08-07,11.15,11.3,10.96,11.2,1588000.0
2020-08-10,11.25,11.25,11.15,11.2,488500.0
2020-08-11,11.2,11.3,10.75,11.24,1212000.0
2020-08-12,11.29,11.3,10.93,11.08,387000.0
2020-08-13,11.02,11.49,11.0,11.4,3269000.0
2020-08-14,11.02,11.49,11.0,11.4,3269000.0
2020-08-17,11.4,11.45,11.2,11.4,2862000.0
2020-08-18,11.4,11.49,11.36,11.41,2370000.0
2020-08-19,11.4,11.4,11.22,11.22,387500.0
2020-08-20,11.18,11.34,11.0,11.08,832000.0
2020-08-21,11.39,11.39,10.9,10.99,774000.0
2020-08-24,10.86,11.0,10.86,11.0,799500.0
2020-08-25,11.0,11.0,10.87,10.99,1865500.0
2020-08-26,10.92,11.0,10.9,10.96,1049500.0
2020-08-27,10.95,11.24,10.92,11.11,809000.0
2020-08-28,11.0,11.18,10.95,10.98,65000.0
2020-08-31,11.15,11.54,11.1,11.32,306500.0
2020-09-01,11.26,11.26,11.13,11.22,96000.0
2020-09-02,11.19,11.22,11.0,11.18,143000.0
2020-09-03,11.2,11.34,11.15,11.31,184500.0
2020-09-04,11.2,11.34,11.1,11.25,143500.0
2020-09-07,11.1,11.25,11.0,11.24,739500.0
2020-09-08,11.2,11.25,11.1,11.12,380500.0
2020-09-09,11.06,11.2,11.06,11.1,433500.0
2020-09-10,11.19,11.19,11.06,11.07,443000.0
2020-09-11,11.07,11.1,11.02,11.08,322500.0
2020-09-14,11.05,11.1,11.0,11.01,346000.0
2020-09-15,11.0,11.1,10.98,11.0,210000.0
2020-09-16,11.03,11.03,11.0,11.0,143000.0
2020-09-17,10.98,11.04,10.96,10.97,391500.0
2020-09-18,10.93,11.04,10.93,11.0,336000.0
2020-09-21,11.1,11.1,10.9,10.94,565500.0
2020-09-22,11.05,11.1,10.9,11.06,248500.0
2020-09-23,10.98,11.1,10.98,11.03,187000.0
2020-09-24,11.0,11.04,10.96,11.03,126500.0
2020-09-25,11.0,11.1,11.0,11.02,296000.0
2020-09-28,11.09,11.1,10.87,10.89,489500.0
2020-09-29,10.9,11.0,10.9,10.96,53000.0
2020-09-30,11.08,11.1,10.72,10.8,627500.0
2020-10-01,10.85,10.88,10.75,10.88,125000.0
2020-10-02,10.85,11.01,10.79,10.93,1002000.0
2020-10-05,10.89,10.93,10.74,10.79,88500.0
2020-10-06,10.9,10.9,10.75,10.88,258000.0
2020-10-07,10.95,10.98,10.8,10.94,105500.0
2020-10-08,10.94,10.99,10.77,10.92,71500.0
