02Dec2020,HGFA,806,HBL Growth Fund,7.41,8.48,7.41,8.25,22500,8.39
02Dec2020,BRR,819,B.R.R.Guardian,10.73,10.73,10.01,10.2,15000,10.58
02Dec2020,FECM,819,Elite Cap.Mod,3,3,2.91,2.93,1500,2.93
02Dec2020,FEM,819,Equity Modaraba,3,3.1,3,3.1,21500,3.24
02Dec2020,ORIXM,819,Orix ModarabaXD,17.4,17.4,17.4,17.4,500,17.69
02Dec2020,FHAM,819,Habib Modaraba,10,10,9.99,9.99,10000,9.87
02Dec2020,HMM,819,Habib Metro Mod,8,8.02,7.51,7.51,3000,8.34
02Dec2020,FTMM,819,F.Treet Manuf,14.49,14.49,14.49,14.49,500,14.49
02Dec2020,FIMM,819,Imrooz Modaraba,168,168,145.5,149.99,1500,157.25
02Dec2020,KASBM,819,KASB Mod,1.19,1.19,1.14,1.17,12500,1.09
02Dec2020,MODAM,819,Mod.Al-Mali,4.69,4.69,4.15,4.25,5500,4.3
02Dec2020,ORM,819,Orient RentalXD,7.01,7.01,7.01,7.01,3500,7.01
02Dec2020,FNBM,819,Nat.Bank Mod.,0.64,0.69,0.61,0.64,58500,0.64
02Dec2020,PAKMI,819,Pak Mod.,1.74,1.75,1.66,1.66,9500,1.74
02Dec2020,PMI,819,Prud Mod.1st,1.15,1.16,1.15,1.15,10000,1.22
02Dec2020,FPJM,819,Punjab Mod,2.52,2.52,2.21,2.21,6000,2.5
02Dec2020,TRSM,819,Trust Modaraba,2.5,2.98,2.5,2.58,4000,3.1
02Dec2020,FUDLM,819,U.D.L.Modaraba,7.41,7.45,7.4,7.45,3500,7.4
02Dec2020,UCAPM,819,Unicap Modaraba,0.88,0.88,0.88,0.88,11000,0.88
02Dec2020,GRYL,815,Grays Leasing,5.49,5.6,5.31,5.31,5000,5.98
02Dec2020,OLPL,815,Orix Leasing,25.51,25.7,25.5,25.7,888500,25.5
02Dec2020,PGLC,815,Pak Gulf Leasin,15.36,15.4,13.26,13.26,5000,14.33
02Dec2020,SLL,815,SME Leasing Ltd,3.2,3.73,3.1,3.67,51500,3.5
02Dec2020,SPLC,815,Saudi Pak Leasi,1.5,1.5,1.28,1.3,599500,1.56
02Dec2020,MCBAH,813,MCB-ARIF Habib,32.85,32.85,31.95,31.95,1500,31.29
02Dec2020,AHL,813,Arif Habib Ltd.,53,54.8,52.25,53.35,592000,52.97
02Dec2020,AHCL,809,Arif Habib Corp,38,38.9,38,38,8500,38
02Dec2020,ICIBL,813,Invest Bank,0.97,0.99,0.93,0.98,38500,0.97
02Dec2020,FDIBL,813,Ist.Dawood Bank,2,2.05,1.95,2,44500,2.03
02Dec2020,JSCL,813,Jah.Sidd. Co.,27.3,27.85,26.35,26.61,5931500,27.16
02Dec2020,BIPLS,813,BIPL Securities,10.59,11.05,10.5,11.05,5500,10.25
02Dec2020,NEXT,813,Next Capital,9.29,9.34,8.92,8.92,8500,9.09
02Dec2020,AMBL,813,Apna Microfin.,20.81,21.9,20.81,21.87,8500,22.49
02Dec2020,ESBL,813,Escorts Bank,9.99,10.4,9.81,10.23,95500,9.78
02Dec2020,PSX,813,Pak Stock Exchange,14.25,14.7,14.15,14.24,1016000,14.14
02Dec2020,FCSC,813,Ist.Capital Sec,1.3,1.3,1.2,1.23,330000,1.23
02Dec2020,FCIBL,813,F.Credit & Inv,6.78,6.8,6.1,6.8,4500,6.68
02Dec2020,EFGH,813,EFG Hermes Pak,22.9,23.6,22.49,22.49,3500,22
02Dec2020,FNEL,813,F. Nat.Equities,14.2,14.29,14,14.1,591500,14.12
02Dec2020,JSIL,813,JS Investments,19.95,21,19.95,21,16500,19.8
02Dec2020,JSGCL,813,JS Global Cap.,60,60,60,60,2500,60
02Dec2020,786,813,786 Invest Ltd,10.97,11.18,10.9,10.96,60000,11.15
02Dec2020,PASL,813,Pervez Ahmed Co,0.85,0.86,0.81,0.86,46000,0.83
02Dec2020,ABL,807,Allied Bank Ltd,84.5,84.5,82.8,83,32000,83
02Dec2020,SMBL,807,Summit Bank,2.07,2.07,2,2.05,786000,2.06
02Dec2020,AKBL,807,Askari Bank,19.41,19.74,19.35,19.38,1217000,19.44
02Dec2020,BAFL,807,Bank Al-FalahXD,34.8,35.28,34.6,35,1017511,34.65
02Dec2020,BIPL,807,Bankislami Pak.,10.54,11.08,10.54,10.59,4832000,10.54
02Dec2020,BOK,807,Bank Of Khyber,13.71,14,13.71,13.95,4000,13.81
02Dec2020,BAHL,807,Bank AL-Habib,67.6,70.5,67.6,70.02,1018818,67.47
02Dec2020,BOP,807,B.O.Punjab,9.12,9.17,9.04,9.06,1717500,9.08
02Dec2020,FABL,807,Faysal Bank,17.31,17.4,17.18,17.26,37000,17.31
02Dec2020,HBL,807,Habib Bank,131.39,131.47,129.9,130.39,3635603,130.61
02Dec2020,MEBL,807,Meezan Bank,98,99.8,97.15,97.8,529279,97.37
02Dec2020,NBP,807,National Bank,40.5,40.7,39.75,40.31,2367500,40.56
02Dec2020,HMB,807,Habib Metropol.,38.74,38.74,35.3,37.68,750000,37.75
02Dec2020,MCB,807,MCB Bank Ltd,179,181,178.56,180.49,369814,178.96
02Dec2020,JSBL,807,JS Bank Ltd,6.21,6.39,6.21,6.27,140500,6.27
02Dec2020,SBL,807,Samba Bank,7.99,7.99,7.99,7.99,1500,7.82
02Dec2020,SILK,807,Silk Bank Ltd,0.93,0.95,0.92,0.94,848000,0.94
02Dec2020,SNBL,807,Soneri Bank Ltd,9.8,10,9.7,9.9,181000,9.75
02Dec2020,SCBPL,807,St.Chart.Bank,34.05,34.89,33,34.19,96500,34.57
02Dec2020,UBL,807,United Bank,122.49,123,121.5,121.87,800709,121.73
02Dec2020,AICL,812,Adamjee Ins.,38,38,37.2,37.4,180000,37.5
02Dec2020,IGIL,812,IGI Life Ins,65.48,65.48,65.42,65.42,1000,65.75
02Dec2020,AGIC,812,Ask.Gen.Insur.,24.5,24.5,24.5,24.5,4000,24.1
02Dec2020,CYAN,812,Cyan Limited,30.9,33.43,30.9,33.38,105000,31.1
02Dec2020,JLICL,812,Jubile Life Ins,349.99,367.5,348,359.79,315200,351.53
02Dec2020,CSIL,812,Cres.Star Ins.,2.78,2.78,2.6,2.71,318500,2.7
02Dec2020,EFUG,812,EFU General,119.99,120,116.21,117.83,19600,120
02Dec2020,EFUL,812,EFU Life Assr,195.1,195.1,190,190.58,22700,194.54
02Dec2020,EWIC,812,East West Ins.,0,72,72,72,0,67
02Dec2020,IGIHL,812,IGI Holdings,199,199,194,197.32,66300,198.27
02Dec2020,ALAC,812,Askari Life Ass,7.15,7.3,7.15,7.3,3500,7.51
02Dec2020,JGICL,812,Jubilee Gen.Ins,46.5,49.4,46.5,47.96,19000,49.95
02Dec2020,PIL,812,PICIC Ins.Ltd.,1.65,1.65,1.6,1.65,12500,1.69
02Dec2020,PKGI,812,Pak Gen.Ins.,2.34,2.88,2.34,2.88,7000,2.7
02Dec2020,PAKRI,812,Pak Reinsurance,25.75,26,25.75,26,30000,25.99
02Dec2020,PINL,812,Premier Ins.,4.28,4.5,4.27,4.5,9000,4.99
02Dec2020,RICL,812,Reliance Ins.,7.75,7.75,7.5,7.75,9500,7.69
02Dec2020,SHNI,812,Shaheen Ins.,4.65,4.65,4.65,4.65,500,4.69
02Dec2020,UNIC,812,United InsuranceXD,7.85,7.9,7.76,7.77,34500,7.81
02Dec2020,ASTM,830,Asim Textile,8.88,8.88,8.5,8.5,5500,8.8
02Dec2020,BILF,830,Bilal Fibres,1.5,1.5,1.42,1.45,63000,1.5
02Dec2020,CWSM,830,Chakwal Spinning,2,2.06,2,2.05,30000,2.02
02Dec2020,HIRAT,830,Hira Textile,2.85,2.89,2.84,2.86,28500,2.89
02Dec2020,CFL,830,Crescent Fibres,43.2,43.2,43.2,43.2,500,46.5
02Dec2020,DFSM,830,Dewan Farooque Sp.,1.96,1.99,1.9,1.99,243500,1.94
02Dec2020,DWTM,830,Dewan Textile,2.5,2.54,2.5,2.5,22500,2.25
02Dec2020,DMIL,830,D.M.Industries,0,43,43,43,0,40
02Dec2020,DSIL,830,D.S. Ind. Ltd.,2.22,2.34,2.2,2.26,88500,2.25
02Dec2020,FZCM,830,Fazal Cloth,132,132,130,131.02,2100,128.3
02Dec2020,GADT,830,Gadoon Textile,195.99,199,190,191.96,11800,192.22
02Dec2020,JATM,830,J.A.Textile,8.2,8.2,8,8.05,7000,8.12
02Dec2020,JKSM,830,J.K.Spinning,0,38.65,38.65,39,500,39
02Dec2020,JDMT,830,Janana D Mal,71.26,80.6,71.26,73.36,4000,77
02Dec2020,KOSM,830,Kohinoor Spining,3.75,3.75,3.61,3.62,1798500,3.69
02Dec2020,MQTM,830,Maqbool Textile,24.01,24.01,24.01,24.01,500,24.01
02Dec2020,NAGC,830,Nagina Cotton,40.52,40.52,40.52,40.52,500,43.8
02Dec2020,NCML,830,Nazir Cotton Mills,3.65,3.65,3.6,3.6,1000,3.5
02Dec2020,OML,818,Olympia Mills,0,11.3,11.3,11.9,5000,11.9
02Dec2020,PRET,830,Premium Tex.,218,218,218,218,200,235
02Dec2020,RAVT,830,Ravi Textile,8.5,8.68,7.75,7.91,171000,7.95
02Dec2020,RCML,830,Reliance Cotton,0,135.95,135.95,135.95,400,135.95
02Dec2020,RUBY,830,Ruby Textile,7.01,7.45,7.01,7.45,1000,7.44
02Dec2020,SAIF,830,Saif Textile,14,14.5,14,14.16,5000,14.26
02Dec2020,SLYT,830,Sally Textile,4.27,4.27,4.25,4.25,11500,4.17
02Dec2020,SNAI,830,Sana Ind,50,53.5,50,53,1500,50
02Dec2020,SSML,830,Saritow Spinning,6.48,6.48,5.85,6.05,78500,5.97
02Dec2020,SERT,830,Service Textile,15.2,15.65,15.03,15.65,16500,15.38
02Dec2020,SHDT,830,Shadab Textile,35,35,33,33.03,11500,34
02Dec2020,SHCM,830,Shadman Cotton,15.2,15.2,14.5,14.5,4500,15.13
02Dec2020,UNITY,834,Unity Foods Ltd,27.38,27.68,26.86,27.2,39756000,27.47
02Dec2020,SMTM,831,Samin Textile,3.53,3.53,3.35,3.39,28000,3.41
02Dec2020,SERF,831,Service Fabrics,20.2,20.4,19.85,20.11,243000,19.94
02Dec2020,STJT,831,Shahtaj Textile,112.86,112.86,101.75,101.75,1000,109.99
02Dec2020,YOUW,831,Yousuf Weaving,3.93,3.97,3.78,3.79,260500,3.83
02Dec2020,ZTL,831,Zephyr Textile,11.49,11.78,11.25,11.27,31500,11.49
02Dec2020,ADMM,829,Artistic Denim,82.05,88.04,81.9,88.04,302000,81.9
02Dec2020,BHAT,829,Bhanero Tex.,0,899,899,900,100,900
02Dec2020,CRTM,829,Crescent Tex.,22.69,23.1,22.35,22.51,496500,22.38
02Dec2020,NCL,829,Nishat (Chun.)XD,39.65,39.73,39.2,39.4,329000,39.26
02Dec2020,REWM,829,Reliance Weaving,0,34.66,34.66,34.66,0,34.55
02Dec2020,GFIL,829,Ghazi Fabrics,4.17,4.2,4.17,4.18,2000,4.3
02Dec2020,GATM,829,Gul Ahmed,34.25,35.2,34.22,34.6,2086500,34.04
02Dec2020,HAEL,829,Hala Enterprise,6.71,6.95,6.71,6.81,2500,6.9
02Dec2020,INKL,829,Int.Knitwear,12.42,12.42,12.42,12.42,500,12.4
02Dec2020,ILP,829,Interloop Ltd.,63,63,60,61.53,1285500,62.37
02Dec2020,JUBS,829,Jubilee Spinning,4.2,4.4,4.2,4.2,2000,4.2
02Dec2020,KML,829,Kohinoor Mills,34.75,35.01,34.75,35,19000,35
02Dec2020,KOIL,829,Kohinoor Ind.,9.19,9.6,9,9,181500,9.15
02Dec2020,BTL,829,Blessed Tex.,248,272.72,248,272.72,300,268
02Dec2020,KTML,829,Kohinoor Textile,59,60,57.81,58,49000,58.64
02Dec2020,ANL,829,Azgard Nine,21.2,21.38,20.75,21.15,3298500,20.92
02Dec2020,MTIL,829,Mian Textile,8.46,8.65,8.4,8.45,30000,8.38
02Dec2020,NML,829,Nishat Mills Ltd,93,94.76,92.91,93.28,844000,92.07
02Dec2020,REDCO,829,Redco Textile,6.3,6.5,6.23,6.23,3000,6.33
02Dec2020,STML,829,Shams Textile,0,31,31,31,2000,31
02Dec2020,SURC,829,Suraj Cotton,212,212,200,202.5,600,204.75
02Dec2020,TOWL,829,Towellers Limited,72.25,72.25,72.05,72.05,2000,74
02Dec2020,ZAHID,829,ZahidJee Tex.,20.16,20.2,20.16,20.2,7500,21.79
02Dec2020,MSOT,829,Masood Textile,0,53.01,53.01,53.01,1000,53.01
02Dec2020,SAPT,829,Sapphire Tex.,1053,1053,1053,1053,50,1137.58
02Dec2020,BNWM,835,Bannu Woollen,44.1,44.5,43.21,43.88,51500,43.19
02Dec2020,BNL,835,Bunnys Limited,36,37.27,36,37.27,8500,34.67
02Dec2020,AGL,805,Agritech Limited,4.83,5.1,4.83,5.01,1021500,4.85
02Dec2020,PSYL,827,Pak Synthetics,18.5,18.5,18.5,18.5,2000,18
02Dec2020,RUPL,827,Rupali Polyester,0,20.49,20.49,20.49,5000,20.49
02Dec2020,TRPOL,827,Tri-Star Poly,8.1,8.25,8.1,8.16,191000,8.09
02Dec2020,THALL,802,Thal Limited,457,467.99,452.05,463.49,116300,454.66
02Dec2020,ADAMS,826,Adam Sugar,22,22.29,22,22.15,1500,21.6
02Dec2020,AABS,826,AL-Abbas Sugar,340.5,341,332,333.5,2000,340.5
02Dec2020,AGSML,826,Abdullah Shah,3,4.05,3,4.05,1633000,3.05
02Dec2020,CHAS,826,Chashma Sugar,96,96.5,95.01,95.01,7500,96
02Dec2020,IML,826,Imperial Limited,15,15.3,14.81,15.3,12000,15
02Dec2020,DWSM,826,Dewan Sugar,2.91,3.65,2.91,3.26,634000,2.65
02Dec2020,FCEPL,810,Frieslandcampina,68.5,70.5,68,69.88,354500,68.54
02Dec2020,FRSM,826,Faran Sugar,45.99,47.85,45.99,47.39,14500,45.3
02Dec2020,HABSM,826,Habib Sugar,35.5,35.9,35.37,35.56,41500,35
02Dec2020,HRPL,826,Habib Rice Prod,32.32,33,32.32,32.96,5500,32.95
02Dec2020,HSM,826,Husein Sugar,18.47,18.64,18.35,18.4,6500,18
02Dec2020,JDWS,826,J.D.W.Sugar,229.96,229.96,229.96,225.99,100,225.99
02Dec2020,JSML,826,Jauharabad Sug,26.5,27.72,26.49,27.72,117000,25.8
02Dec2020,MRNS,826,Mehran Sugar,65.5,67,65.5,65.67,16500,65.5
02Dec2020,SKRS,826,Sakrand Sugar,9.12,10.2,9.05,9.89,576000,9.23
02Dec2020,SHJS,826,Shahtaj Sugar,64.83,64.83,64.83,64.83,3400,60.31
02Dec2020,SHSML,826,Shahmurad Sugar,100,102.99,99,100.49,48500,100.27
02Dec2020,TICL,826,Thal Ind.Corp.,272,279,272,279,200,284
02Dec2020,ACPL,804,Attock Cement,143.55,145,142.75,143.08,33600,143.38
02Dec2020,BWCL,804,Bestway CementXD,155.4,156.48,154,156.38,6400,153.98
02Dec2020,CHCC,804,Cherat Cement,134,135.1,132.5,134.53,495500,133.92
02Dec2020,DNCC,804,Dandot Cement,0,8.8233,8.8233,8.8233,0,8.75
02Dec2020,DGKC,804,D.G.K.Cement,106.79,107.35,105.4,106.74,2226668,106.13
02Dec2020,POWER,804,Power Cement,9.85,9.9,9.64,9.75,5263000,9.79
02Dec2020,FCCL,804,Fauji Cement,21.4,21.65,21.25,21.58,6392000,21.45
02Dec2020,FECTC,804,Fecto Cement,35.5,35.86,35.01,35.05,19500,35.49
02Dec2020,FLYNG,804,Flying Cement,9.99,10,9.81,9.95,129500,9.81
02Dec2020,GWLC,804,Gharibwal Cement,28.53,28.8,28,28.76,120000,28.53
02Dec2020,JVDC,804,Javedan Corp.,22.46,22.46,22.46,22.46,1500,22
02Dec2020,KOHC,804,Kohat Cement,215.58,216,212,214.12,199700,215.58
02Dec2020,LUCK,804,Lucky Cement,662,674.25,662,669.53,827309,661.6
02Dec2020,MLCF,804,Maple Leaf,40.39,40.48,39.6,40.17,31559029,40.11
02Dec2020,DCL,804,Dewan Cement,9.35,9.43,9.28,9.36,460500,9.3
02Dec2020,PIOC,804,Pioneer Cement,94,96.51,93.1,95.46,1212500,93.53
02Dec2020,SMCPL,804,Safe Mix Con.Lt,6.95,6.95,6.85,6.92,17000,6.8
02Dec2020,THCCL,804,Thatta Cement,20.23,20.23,19.67,19.8,32000,19.89
02Dec2020,KHTC,832,Khyber Tobacco,425,429,419,420.59,3700,428.88
02Dec2020,ATRL,825,Attock Refinery,143.51,152.5,142.11,149.95,6672500,144.02
02Dec2020,BYCO,825,Byco Petroleum,9.3,9.61,9.16,9.41,5569500,9.25
02Dec2020,NRL,825,National Refinery,185,199.99,183.6,199.99,1170000,186.04
02Dec2020,PRL,825,Pak Refinery,19.38,20.2,19.15,19.63,34602000,19.41
02Dec2020,ALTN,824,Altern Energy,25.94,25.95,25.85,25.85,2500,25.95
02Dec2020,EPQL,824,Engro PowergenXD,19.7,19.7,19.62,19.7,14500,19.57
02Dec2020,AEL,824,Arshad Energy,9.6,9.6,9.6,9.6,2000,9.5
02Dec2020,HUBC,824,Hub Power Co.,83.8,85.2,82.8,84.76,6196357,83.66
02Dec2020,KEL,824,K-Electric Ltd.,3.73,3.79,3.7,3.75,4240500,3.69
02Dec2020,KOHE,824,Kohinoor Energy,35,35,34.51,34.96,42000,34.99
02Dec2020,KOHP,824,Kohinoor Power,3.42,3.75,3.42,3.75,1000,3.75
02Dec2020,LPL,824,Lalpir Power,12.67,12.75,12.5,12.6,428000,12.57
02Dec2020,KAPCO,824,Kot Addu Power,29.25,29.25,28.75,29.05,4070000,28.78
02Dec2020,NCPL,824,Nishat ChunPow,13.25,13.6,13.25,13.5,98500,13.5
02Dec2020,NPL,824,Nishat Power,23.45,23.45,22.9,22.9,66000,23.35
02Dec2020,PKGP,824,Pakgen Power,18,18.1,18,18.1,101500,18.1
02Dec2020,SPWL,824,Saif Power Ltd.,15,15,14.59,14.8,147000,14.74
02Dec2020,SEL,824,Sitara Energy,17.59,17.59,17.59,17.59,500,17.98
02Dec2020,TSPL,824,Tri-Star Power XD,3.6,3.7,3.51,3.6,14500,3.53
02Dec2020,APL,821,Attock Petroleum,330.05,333.97,329,332.58,13600,333.43
02Dec2020,PSO,821,P.S.O.,200.5,203.5,199.25,202.71,626007,201.4
02Dec2020,SHEL,821,Shell Pakistan,242.75,248.35,242.75,243.8,323900,242.75
02Dec2020,SSGC,821,Sui South Gas,14.4,14.93,14.26,14.75,1994500,14.28
02Dec2020,SNGP,821,Sui North Gas,44.48,45.88,44.11,45.32,8326976,44.04
02Dec2020,HASCOL,821,Hascol Petrol,14.7,15.38,14.61,15.1,24702639,14.75
02Dec2020,HTL,821,HI-Tech Lub.XD,40.5,42.59,40.5,41.96,520500,40.41
02Dec2020,MARI,820,Mari Petroleum,1365,1380,1351,1378.96,17960,1369.94
02Dec2020,OGDC,820,Oil & Gas Dev.,100,101.2,99.5,100.37,2348111,100.19
02Dec2020,POL,820,Pak Oilfields,396.15,404,393.73,400.32,486029,398.93
02Dec2020,PPL,820,Pak Petroleum,91.21,91.97,90.4,91.19,2874611,92.08
02Dec2020,AGHA,808,Agha Steel Ind.,33.38,33.88,33,33.25,2156500,33.32
02Dec2020,ASL,808,Aisha Steel Mill,16.35,17.26,16.35,17.04,13214000,16.38
02Dec2020,ASTL,808,Amreli Steels,42.39,43.15,41.8,42.37,2889000,42.06
02Dec2020,BCL,808,Bolan Casting,104.04,105,100,100,6500,103.89
02Dec2020,DADX,808,Dadex Eternit,26.5,26.5,26.5,26.5,500,26.5
02Dec2020,DSL,808,Dost Steels Ltd.,5,5.07,4.88,4.95,4034500,4.93
02Dec2020,CSAP,808,Crescent Steel,75.49,77.68,75.49,76.97,255500,75.35
02Dec2020,INIL,808,Int. Ind.Ltd.,139.9,148,139.3,144.89,1402500,138.94
02Dec2020,ISL,808,Inter.Steel Ltd,78,80.39,77.73,79.61,5188500,77.89
02Dec2020,ITTEFAQ,808,Ittefaq Iron Ind,16,16.74,15.79,16.12,501000,15.97
02Dec2020,KSBP,808,K.S.B.Pumps,391,400,390,397.18,13700,391.5
02Dec2020,MUGHAL,808,Mughal Iron,65.9,66.35,63.95,64.79,5112500,65.88
02Dec2020,MSCL,808,Metro Steel,14.44,14.45,14.01,14.01,5500,13.45
02Dec2020,PECO,808,Pak Engineering,268.7,268.75,268.7,268.75,1300,250
02Dec2020,AGTL,801,AL-Ghazi Tractors,372.7,400.67,371,400.67,56500,372.72
02Dec2020,ATLH,801,Atlas Honda Ltd,480,500,480,495.33,1700,482.71
02Dec2020,DFML,801,Dewan Motors,6.63,6.75,6.55,6.61,120500,6.54
02Dec2020,GAIL,801,Ghani Automobile,5.04,5.15,5.01,5.15,210500,5.04
02Dec2020,GHNI,801,Ghandhara Ind.,273.5,280,273,275.38,1120000,274.39
02Dec2020,GHNL,801,Ghand Nissan,90.25,93.6,89.5,90.95,629500,89.95
02Dec2020,HINO,801,Hinopak Motor,425,425,420.2,420.2,600,419
02Dec2020,HCAR,801,Honda Atlas Cars,297.5,310,297.5,307.29,480000,296.6
02Dec2020,INDU,801,Indus Motor Co,1145,1229,1143,1218.48,250950,1144.3
02Dec2020,MTL,801,Millat Tractors,1055,1122.99,1055,1122.99,148050,1044.65
02Dec2020,PSMC,801,Pak Suzuki,194,197.4,193,196.42,354300,192.65
02Dec2020,SAZEW,801,Sazgar Eng,160.5,162.5,158.7,161.29,1443700,158.59
02Dec2020,AGIL,802,Agriautos Ind.,222,234.98,222,232.33,16900,220.04
02Dec2020,ATBA,802,Atlas Battery,250,257.5,249,252.8,68500,248.83
02Dec2020,EXIDE,802,Exide (PAK),355.05,376.99,355,368.65,11600,364
02Dec2020,GTYR,802,General Tyre,71.45,72.16,70.5,71.6,556000,71
02Dec2020,LOADS,802,Loads Limited,17.99,18.16,17.5,17.84,578000,17.67
02Dec2020,PCAL,803,Pakistan Cables,128,129,127.52,128,6000,127.99
02Dec2020,PAEL,803,Pak Elektron,34.09,34.85,34,34.13,6565000,33.86
02Dec2020,TPL,828,TPL Corp Ltd,7.38,7.49,7.22,7.33,933000,7.32
02Dec2020,TPLT,828,TPL Trakker Ltd,9.95,10,9.55,10,62500,9.95
02Dec2020,AVN,828,Avanceon Ltd,70.4,72.75,69.5,71.37,6677000,70.07
02Dec2020,WAVES,803,Waves Singer,27.4,27.98,26.75,27.24,691000,27.25
02Dec2020,SIEM,803,Siemens Pak.,530,535,522,531.14,2650,530
02Dec2020,SPEL,818,Synthetic Prod,46,47.98,45.67,46.58,631500,45.11
02Dec2020,PNSC,833,P.N.S.C,91.99,96.75,90.1,96.7,275000,90
02Dec2020,PIBTL,833,Pak Int.Bulk,12.8,13.14,12.75,12.94,18689000,12.79
02Dec2020,PICT,833,Pak.Int.Cont.,183,185.75,178.11,181.35,39600,182.17
02Dec2020,PIAA,833,P.I.A.C.(A),4.45,4.53,4.4,4.44,651500,4.45
02Dec2020,PIAB,833,P.I.A.C.(B),0,12.8,12.8,12.8,0,11.8
02Dec2020,HUMNL,828,Hum Network,6.01,6.18,5.89,6.05,25599500,6.03
02Dec2020,NETSOL,828,Netsol Tech.,81,87.23,80.1,86.34,8574500,81.15
02Dec2020,PAKD,828,Pak Datacom,54.02,58.98,54.02,58.27,9500,55.25
02Dec2020,MDTL,828,Media Times Ltd,1.46,1.47,1.4,1.41,268000,1.41
02Dec2020,SYS,828,Systems Limited,370,374.8,363,367.3,316300,369.15
02Dec2020,PTC,828,P.T.C.L.,9.15,9.2,9.1,9.11,745000,9.11
02Dec2020,TRG,828,TRG Pak Ltd,67.49,72,66.85,71.25,38584000,67.4
02Dec2020,TELE,828,Telecard Limited,1.6,1.75,1.6,1.74,431000,1.59
02Dec2020,WTL,828,WorldCall Telecom,1.04,1.07,1.03,1.03,3160500,1.03
02Dec2020,DAWH,813,Dawood HerculesXD,121.98,122.5,121.22,122.06,63444,121.39
02Dec2020,ENGRO,809,Engro Corp,308.25,312,308.9,311.44,258293,309.04
02Dec2020,EFERT,809,Engro Fert.XD,61.2,61.85,61.01,61.47,2105737,61.14
02Dec2020,FFBL,809,Fauji Fert Bin,21.05,21.8,21,21.39,11060500,20.94
02Dec2020,FFBLR,809,Fauji Bin(R),6.45,7.24,6.45,7.02,11290000,6.45
02Dec2020,FFC,809,Fauji Fert.,104.25,104.6,103.65,103.83,1937627,104
02Dec2020,ABOT,823,Abbott Lab.XD,735,792.38,729.91,756.37,167200,742.45
02Dec2020,AGP,823,AGP Limited,110,110.51,109.55,110.03,387500,109.82
02Dec2020,FEROZ,823,Ferozsons (Lab)XB,323.25,336.75,323,327.22,630700,319.29
02Dec2020,GLAXO,823,GlaxoSmithKline,181.8,184.89,180,182.97,79900,180.88
02Dec2020,GSKCH,823,Glaxo Healthcar,270,270.16,266,267.93,44400,267.96
02Dec2020,HINOON,823,Highnoon (Lab),629,640,629,637.21,8250,630
02Dec2020,SAPL,823,Sanofi-Aventis,800,830,800,830,400,830
02Dec2020,OTSU,823,Otsuka Pak,280,306,280,293.46,3600,289.16
02Dec2020,SEARL,823,The Searle Co.,243.4,250.25,242.5,245.25,1300081,241.68
02Dec2020,SEARLR1,823,The Searle Co.(R),70.01,75.11,70.01,75.11,382100,69.87
02Dec2020,WYETH,823,Wyeth Pak Ltd,1125,1200,1076.01,1159.47,5750,1156.22
02Dec2020,BAPL,805,Bawany Air Products,18,18,17.2,17.25,3000,18
02Dec2020,BIFO,805,Biafo Ind.,151,153.8,148,152.72,26600,150.59
02Dec2020,BERG,805,Berger Paints,84.2,85.99,84,85.25,3000,85
02Dec2020,ARPL,805,Archroma Pak,578.99,580,571.1,574.73,6700,569.33
02Dec2020,COLG,805,Colgate Palm,2950,2950,2950,2950,60,2947.99
02Dec2020,CTM,830,Colony Tex.Mills Ltd,4.01,4.12,4,4.07,295000,4.06
02Dec2020,DOL,805,Descon Oxychem,33.05,34.1,33,33.18,2861000,32.82
02Dec2020,DYNO,805,Dynea Pakistan,188.5,192.95,188,188.11,21000,188
02Dec2020,EPCL,805,Engro Polymer,45.1,46.48,45.1,45.72,4420500,44.94
02Dec2020,FATIMA,809,Fatima Fert.,28.18,28.2,27.8,28.03,48500,28.18
02Dec2020,GGL,805,Ghani Glo HolXR,13.15,13.48,13.06,13.41,1259500,13.07
02Dec2020,ICI,805,ICI Pakistan,730,743,730,738.46,121150,730.02
02Dec2020,ICL,805,Ittehad Chem.,30.07,32.19,30.07,31.79,1919500,29.95
02Dec2020,LPGL,805,Leiner Pak Gelat,14.99,15.09,14.41,14.41,4500,14.05
02Dec2020,LOTCHEM,805,Lotte Chemical,12.95,13.25,12.9,12.99,7903500,12.94
02Dec2020,PPVC,805,Pak.P.V.C.,3.6,3.8,3.6,3.8,17000,3.7
02Dec2020,NICL,805,Nimir Ind.Chem.,90,90,88,90,17000,89.99
02Dec2020,PAKOXY,805,Pak Oxygen Ltd.,160.01,162,158.11,158.7,24900,159.77
02Dec2020,NRSL,805,Nimir Resins,8.26,8.49,8.26,8.33,333500,8.32
02Dec2020,SARC,805,Sardar Chemical,23.5,24.56,23.5,24.56,37500,22.85
02Dec2020,SITC,805,Sitara Chemical,330,330,330,330,200,328.81
02Dec2020,SPL,805,Sitara Peroxide,23.1,23.9,23,23.44,413000,23.18
02Dec2020,CEPB,822,Century Paper,111.1,112.5,109,109.77,450000,110.68
02Dec2020,CPPL,822,Cherat Pack,221,226.8,221,224.21,5500,220.49
02Dec2020,MERIT,822,Merit Packaging,14,14.3,13.8,14.3,94500,14.29
02Dec2020,PKGS,822,Packages Ltd.,551.14,579,535.5,541.08,67400,551.14
02Dec2020,PPP,822,Pak Paper Prod,95,95,93.5,93.5,9000,93.01
02Dec2020,RPL,822,Roshan Packages,35.64,35.9,35,35.5,121500,35.24
02Dec2020,SEPL,822,Security Paper,171.5,177.9,168.1,169.9,129500,170.35
02Dec2020,POML,834,Punjab Oil,160,160.62,159,160.62,17300,149.42
02Dec2020,SSOM,834,S.S.Oil,88.44,88.48,84.4,88.48,18000,82.31
02Dec2020,BATA,816,Bata (Pak),1435,1494,1435,1484.33,1180,1425
02Dec2020,LEUL,816,Leather Up Ltd.,14.16,14.16,14.12,14.12,1500,15.25
02Dec2020,SRVI,816,Service Ind.Ltd,738.9,745,732,732.51,7900,737
02Dec2020,ASC,810,Al-Shaheer Corp,18,18.27,17.89,17.99,4151000,17.97
02Dec2020,PREMA,810,At-Tahur Ltd.,16.7,17.1,16.7,16.76,349500,16.72
02Dec2020,CLOV,810,Clover Pakistan,77,77.8,76.01,77.49,82000,76.5
02Dec2020,GLPL,810,Gillette Pak,325,345.61,325,344.43,14800,321.5
02Dec2020,IBLHL,823,IBL HealthCare,95,98.5,95,97,150500,97.03
02Dec2020,MACTER,823,Macter Int. Ltd,160,160,155,157.55,7000,166
02Dec2020,ISIL,810,Ismail Ind,325,376.27,325,376.27,1800,350.02
02Dec2020,MFL,810,Matco Foods Ltd,20.45,21.91,20.36,21.84,824000,20.39
02Dec2020,NESTLE,810,Nestle Pakistan,6549,6550,6549,6550,40,6500
02Dec2020,MFFL,810,MithchellsFruitXR,256,271.9,256,261.72,13500,270.22
02Dec2020,MUREB,810,Murree Brewery,554,564,552,552,950,563.5
02Dec2020,NATF,810,National Foods,208.02,222.99,208,218.29,674600,207.87
02Dec2020,FFL,810,Fauji Foods Ltd,15.43,15.53,15.1,15.21,6895000,15.31
02Dec2020,QUICE,810,Quice Food,4.5,4.75,4.49,4.57,463000,4.5
02Dec2020,SHEZ,810,Shezan Inter.,322,344.5,322,344.5,1000,332
02Dec2020,TOMCL,810,The Organic Mea,28.7,28.85,28.02,28.28,247500,28.47
02Dec2020,SCL,810,Shield Corp.,240.01,240.01,240.01,240.01,200,251.73
02Dec2020,TREET,810,Treet Corp,30,30.48,28.6,28.86,1857000,29.2
02Dec2020,ZIL,810,ZIL Limited,109,112,107,109.26,12600,110.17
02Dec2020,BGL,811,Bal.Glass,6.28,6.85,6.28,6.62,1044500,6.16
02Dec2020,FRCL,811,Frontier Ceram,20.49,20.49,18.96,18.96,16500,20.49
02Dec2020,GHGL,811,Ghani Glass Ltd,65.75,65.85,63.8,64.42,1473500,63.96
02Dec2020,GGGL,811,GhaniGlobalGlass,14.4,14.95,14.2,14.59,883000,14.41
02Dec2020,GVGL,811,Ghani Value Glas,41,41.5,40.5,40.51,101000,40.94
02Dec2020,KCL,811,Karam Ceramics,0,33.2,33.2,33.2,1500,33.2
02Dec2020,TGL,811,Tariq Glass Ind.,85.9,91.32,85.25,90.12,575000,84.95
02Dec2020,STCL,811,Shabbir Tiles,18.4,18.9,18.4,18.65,1290500,18.21
02Dec2020,AKGL,818,AL-Khair Gadoon,0,17.7,17.7,17.7,7500,17.7
02Dec2020,MACFL,818,MACPAC Films,24.29,24.89,24,24.06,1116500,24.14
02Dec2020,ECOP,818,ECOPACK Ltd,29.01,31.68,29,31.43,812000,29.47
02Dec2020,PACE,818,Pace (Pak) Ltd.,3.01,3.1,3,3.09,199000,3.09
02Dec2020,AKDCL,818,AKD Capital,0,142.92,142.92,154.5,1000,154.5
02Dec2020,SHFA,818,Shifa Int.Hosp,201.25,203,199.1,202.44,28300,201.12
02Dec2020,STPL,818,Siddiqsons Tin,15.97,16.51,15.84,16.51,5408500,15.36
02Dec2020,TPLP,818,TPL Properties,9.44,9.47,8.96,9.02,159500,9.08
02Dec2020,TRIPF,818,Tri-Pack Films,171,175,164.5,170.46,104500,171.62
02Dec2020,UBDL,818,United Brands,29.01,29.01,29,29,1500,29
02Dec2020,KELSC4,36,K-Elect(SUKUK-4,0,0,0,101.3,0,101.3
02Dec2020,BAFLTFC6,36,Bank Al-Falah(T,0,0,0,100.375,0,100.375
02Dec2020,DAWHSC1,36,Dawood Her(Suku,0,0,0,101.2043,0,101.2043
02Dec2020,DAWHSC2,36,Dawood Her(Suku,0,0,0,101.6,0,101.6
02Dec2020,UBLTFC5,36,United Bank(TFC,0,100,100,99.6952,1800,99.669
02Dec2020,EPCLSC,36,Engro Polymer(S,0,0,0,77.5519,0,77.5519
02Dec2020,HBLTFC2,36,Habib Bank(TFC2,0,0,0,97.4167,0,97.4167
02Dec2020,HUBCSC2,36,Hub PowerSC2,0,0,0,102.4624,0,102.4624
02Dec2020,BIPLSC,36,Bank IslamiSC,0,0,0,99.9999,0,99.9999
02Dec2020,PESC2,36,Pak Energy(Suku,100.6,100.6,100.6,100.6,20000,100.6
02Dec2020,KELSC5,36,K-Electric(SUKUK5),0,0,0,73.209,0,73.209
02Dec2020,HBL-CFEB,40,HBL-CFEB,0,0,0,133.94,0,134.21
02Dec2020,BAFL-CFEB,40,BAFL-CFEB,0,0,0,35.95,0,35.6
02Dec2020,ENGRO-CFEB,40,ENGRO-CFEB,0,0,0,319.92,0,317.55
02Dec2020,FCCL-CFEB,40,FCCL-CFEB,0,0,0,22.17,0,22.04
02Dec2020,FFBL-CFEB,40,FFBL-CFEB,0,0,0,21.97,0,21.52
02Dec2020,FFC-CFEB,40,FFC-CFEB,0,0,0,106.66,0,106.86
02Dec2020,HUBC-CFEB,40,HUBC-CFEB,0,0,0,87.07,0,85.96
02Dec2020,KAPCO-CFEB,40,KAPCO-CFEB,0,0,0,29.84,0,29.57
02Dec2020,LUCK-CFEB,40,LUCK-CFEB,0,0,0,687.75,0,679.82
02Dec2020,NML-CFEB,40,NML-CFEB,0,0,0,95.82,0,94.6
02Dec2020,PPL-CFEB,40,PPL-CFEB,0,0,0,93.67,0,94.62
02Dec2020,PSO-CFEB,40,PSO-CFEB,0,0,0,208.23,0,206.95
02Dec2020,SNGP-CFEB,40,SNGP-CFEB,0,0,0,46.55,0,45.25
02Dec2020,UBL-CFEB,40,UBL-CFEB,0,0,0,125.19,0,125.08
02Dec2020,DGKC-CDEC,40,DGKC-CDEC,0,0,0,107.54,0,106.96
02Dec2020,FFC-CDEC,40,FFC-CDEC,0,0,0,104.61,0,104.81
02Dec2020,HBL-CDEC,40,HBL-CDEC,0,0,0,131.37,0,131.63
02Dec2020,KAPCO-CDEC,40,KAPCO-CDEC,0,0,0,29.27,0,29.01
02Dec2020,NML-CDEC,40,NML-CDEC,0,0,0,93.98,0,92.79
02Dec2020,UBL-CDEC,40,UBL-CDEC,0,0,0,122.79,0,122.68
02Dec2020,DGKC-CJAN,40,DGKC-CJAN,0,0,0,108.71,0,108.12
02Dec2020,FFC-CJAN,40,FFC-CJAN,0,0,0,105.75,0,105.95
02Dec2020,HBL-CJAN,40,HBL-CJAN,0,0,0,132.8,0,133.06
02Dec2020,KAPCO-CJAN,40,KAPCO-CJAN,0,0,0,29.59,0,29.32
02Dec2020,NML-CJAN,40,NML-CJAN,0,0,0,95,0,93.8
02Dec2020,UBL-CJAN,40,UBL-CJAN,0,0,0,124.12,0,124.02
02Dec2020,BOP-CFEB,40,BOP-CFEB,0,0,0,9.31,0,9.33
02Dec2020,DGKC-CFEB,40,DGKC-CFEB,0,0,0,109.65,0,109.05
02Dec2020,NCL-DEC,40,NCL-DEC,39.8,39.98,39.51,39.95,60000,39.51
02Dec2020,HUBC-DEC,40,HUBC-DEC,80.75,81.25,79.4,80.84,202000,79.57
02Dec2020,PSO-DEC,40,PSO-DEC,202,204.82,200.4,203.84,363000,202.71
02Dec2020,SNGP-DEC,40,SNGP-DEC,44.51,46.14,44.5,45.55,2829500,44.36
02Dec2020,MCB-DEC,40,MCB-DEC,181.5,181.5,179.5,181.05,6500,180
02Dec2020,NML-DEC,40,NML-DEC,92.99,95,92.99,93.78,352000,92.59
02Dec2020,ENGRO-DEC,40,ENGRO-DEC,301.71,303.5,301.71,303.32,15000,300.79
02Dec2020,FFC-DEC,40,FFC-DEC,102.51,102.51,102.51,102.51,1000,102.35
02Dec2020,FFBL-DEC,40,FFBL-DEC,21.08,21.81,21.08,21.5,5451000,21.08
02Dec2020,LOTCHEM-DEC,40,LOTCHEM-DEC,13,13.39,13,13.07,1414000,13.06
02Dec2020,PPL-DEC,40,PPL-DEC,92,92.4,90.65,91.67,535000,92.85
02Dec2020,OGDC-DEC,40,OGDC-DEC,98.5,99.75,98.3,99.18,1004500,98.95
02Dec2020,POL-DEC,40,POL-DEC,393,404,393,402.41,18000,400.3
02Dec2020,DGKC-DEC,40,DGKC-DEC,106.52,107.95,106,107.29,740000,106.9
02Dec2020,LUCK-DEC,40,LUCK-DEC,666.12,677,666,672.88,121500,665.81
02Dec2020,MLCF-DEC,40,MLCF-DEC,40.58,40.75,39.85,40.4,8787000,40.31
02Dec2020,BOP-DEC,40,BOP-DEC,9.19,9.24,9.1,9.11,224500,9.11
02Dec2020,NBP-DEC,40,NBP-DEC,40.5,41.02,40.48,40.55,17500,40.75
02Dec2020,AKBL-DEC,40,AKBL-DEC,19.65,19.65,19.65,19.65,5000,19.42
02Dec2020,SSGC-DEC,40,SSGC-DEC,14.4,15,14.4,14.8,749000,14.41
02Dec2020,BAFL-DEC,40,BAFL-DEC,36.8,36.8,36.8,36.8,5500,35.1
02Dec2020,PIOC-DEC,40,PIOC-DEC,94.5,96.99,93.39,95.99,476000,93.89
02Dec2020,KAPCO-DEC,40,KAPCO-DEC,27.84,27.84,27.34,27.72,408500,27.39
02Dec2020,OGDC-CDEC,40,OGDC-CDEC,0,0,0,101.12,0,100.97
02Dec2020,NBP-CDEC,40,NBP-CDEC,0,0,0,40.61,0,40.88
02Dec2020,OGDC-CJAN,40,OGDC-CJAN,0,0,0,102.22,0,102.07
02Dec2020,NBP-CJAN,40,NBP-CJAN,0,0,0,41.05,0,41.32
02Dec2020,OGDC-CFEB,40,OGDC-CFEB,0,0,0,103.1,0,102.95
02Dec2020,NBP-CFEB,40,NBP-CFEB,0,0,0,41.41,0,41.68
02Dec2020,PPL-CDEC,40,PPL-CDEC,0,0,0,91.87,0,92.8
02Dec2020,PSO-CDEC,40,PSO-CDEC,0,0,0,204.23,0,202.98
02Dec2020,ENGRO-CDEC,40,ENGRO-CDEC,0,0,0,313.78,0,311.46
02Dec2020,BOP-CDEC,40,BOP-CDEC,0,0,0,9.13,0,9.15
02Dec2020,MCB-CDEC,40,MCB-CDEC,0,0,0,181.85,0,180.36
02Dec2020,HUBC-CDEC,40,HUBC-CDEC,0,0,0,85.4,0,84.31
02Dec2020,LUCK-CDEC,40,LUCK-CDEC,0,0,0,674.56,0,666.77
02Dec2020,BAFL-CDEC,40,BAFL-CDEC,0,0,0,35.26,0,34.92
02Dec2020,PPL-CJAN,40,PPL-CJAN,0,0,0,92.87,0,93.81
02Dec2020,PSO-CJAN,40,PSO-CJAN,0,0,0,206.45,0,205.18
02Dec2020,ENGRO-CJAN,40,ENGRO-CJAN,0,0,0,317.19,0,314.84
02Dec2020,BOP-CJAN,40,BOP-CJAN,0,0,0,9.23,0,9.25
02Dec2020,HUBC-CJAN,40,HUBC-CJAN,0,0,0,86.32,0,85.23
02Dec2020,LUCK-CJAN,40,LUCK-CJAN,0,0,0,681.89,0,674.02
02Dec2020,BAFL-CJAN,40,BAFL-CJAN,0,0,0,35.65,0,35.3
02Dec2020,AICL-DEC,40,AICL-DEC,37.6,37.6,37.6,37.6,500,38
02Dec2020,ATRL-DEC,40,ATRL-DEC,144.4,153.39,143.05,150.89,4878500,145.07
02Dec2020,FCCL-DEC,40,FCCL-DEC,21.6,21.75,21.4,21.72,368500,21.53
02Dec2020,NETSOL-DEC,40,NETSOL-DEC,81.55,87.66,80.7,86.88,2827000,81.55
02Dec2020,UBL-DEC,40,UBL-DEC,123,123,122.25,122.5,9500,122
02Dec2020,NRL-DEC,40,NRL-DEC,186.01,200.98,185,200.98,741500,186.96
02Dec2020,HBL-DEC,40,HBL-DEC,132,132,130.85,131,139000,131.76
02Dec2020,LOTCHEM-CDEC,40,LOTCDEC-CDEC,0,0,0,13.09,0,13.04
02Dec2020,LOTCHEM-CJAN,40,LOTCHEM-CJAN,0,0,0,13.23,0,13.18
02Dec2020,BAHL-DEC,40,BAHL-DEC,69.75,72.4,69.75,72.4,19000,68.5
02Dec2020,LOTCHEM-CFEB,40,LOTCHEM-CFEB,0,0,0,13.34,0,13.3
02Dec2020,FCCL-CDEC,40,FCCL-CDEC,0,0,0,21.74,0,21.62
02Dec2020,PIOC-CDEC,40,PIOC-CDEC,0,0,0,96.18,0,94.26
02Dec2020,SNGP-CDEC,40,SNGP-CDEC,0,0,0,45.66,0,44.38
02Dec2020,FCCL-CJAN,40,FCCL-CJAN,0,0,0,21.98,0,21.85
02Dec2020,PIOC-CJAN,40,PIOC-CJAN,0,0,0,97.22,0,95.29
02Dec2020,SNGP-CJAN,40,SNGP-CJAN,0,0,0,46.16,0,44.87
02Dec2020,PIOC-CFEB,40,PIOC-CFEB,0,0,0,98.06,0,96.11
02Dec2020,MLCF-CDEC,40,MLCF-CDEC,0,0,0,40.47,0,40.42
02Dec2020,KEL-CDEC,40,KEL-CDEC,0,0,0,3.78,0,3.72
02Dec2020,PAEL-CDEC,40,PAEL-CDEC,0,0,0,34.39,0,34.12
02Dec2020,GATM-CDEC,40,GATM-CDEC,0,0,0,34.86,0,34.31
02Dec2020,EPCL-CDEC,40,EPCL-CDEC,0,0,0,46.06,0,45.29
02Dec2020,CHCC-CDEC,40,CHCC-CDEC,0,0,0,135.54,0,134.97
02Dec2020,CHCC-CJAN,40,CHCC-CJAN,0,0,0,137.01,0,136.43
02Dec2020,EPCL-CJAN,40,EPCL-CJAN,0,0,0,46.56,0,45.78
02Dec2020,KEL-CJAN,40,KEL-CJAN,0,0,0,3.82,0,3.76
02Dec2020,MLCF-CJAN,40,MLCF-CJAN,0,0,0,40.91,0,40.86
02Dec2020,PAEL-CJAN,40,PAEL-CJAN,0,0,0,34.76,0,34.5
02Dec2020,CHCC-DEC,40,CHCC-DEC,134.99,135.99,133.75,135.25,113500,134.45
02Dec2020,EPCL-DEC,40,EPCL-DEC,45.51,46.75,45.51,45.98,1076500,45.18
02Dec2020,KEL-DEC,40,KEL-DEC,3.74,3.8,3.74,3.8,586000,3.72
02Dec2020,PAEL-DEC,40,PAEL-DEC,34.3,35.1,34.2,34.32,4447500,34.01
02Dec2020,MLCF-CFEB,40,MLCF-CFEB,0,0,0,41.26,0,41.21
02Dec2020,PAEL-CFEB,40,PAEL-CFEB,0,0,0,35.06,0,34.79
02Dec2020,EPCL-CFEB,40,EPCL-CFEB,0,0,0,46.96,0,46.18
02Dec2020,CHCC-CFEB,40,CHCC-CFEB,0,0,0,138.19,0,137.61
02Dec2020,KEL-CFEB,40,KEL-CFEB,0,0,0,3.85,0,3.79
02Dec2020,EFERT-CDEC,40,EFERT-CDEC,0,0,0,61.93,0,61.62
02Dec2020,EFERT-CJAN,40,EFERT-CJAN,0,0,0,62.6,0,62.29
02Dec2020,EFERT-DEC,40,EFERT-DEC,61.98,62,61.6,61.9,163500,61.55
02Dec2020,EFERT-CFEB,40,EFERT-CFEB,0,0,0,63.14,0,62.82
02Dec2020,AWWAL,819,Awwal ModarabaXD,9.76,9.76,9.76,9.76,500,10.76
02Dec2020,ASTL-CDEC,40,ASTL-CDEC,0,0,0,42.69,0,42.39
02Dec2020,TRG-CDEC,40,TRG-CDEC,0,0,0,71.79,0,67.93
02Dec2020,ISL-CDEC,40,ISL-CDEC,0,0,0,80.21,0,78.5
02Dec2020,HASCOL-CDEC,40,HASCOL-CDEC,0,0,0,15.21,0,14.87
02Dec2020,ASTL-CJAN,40,ASTL-CJAN,0,0,0,43.15,0,42.85
02Dec2020,TRG-CJAN,40,TRG-CJAN,0,0,0,72.57,0,68.67
02Dec2020,ISL-CJAN,40,ISL-CJAN,0,0,0,81.08,0,79.35
02Dec2020,HASCOL-CJAN,40,HASCOL-CJAN,0,0,0,15.38,0,15.03
02Dec2020,TRG-DEC,40,TRG-DEC,67.9,72.5,67.25,71.6,36311000,67.94
02Dec2020,ISL-DEC,40,ISL-DEC,78.55,80.75,78,80.01,2949500,78.49
02Dec2020,HASCOL-DEC,40,HASCOL-DEC,14.85,15.48,14.72,15.2,10589000,14.86
02Dec2020,ASTL-DEC,40,ASTL-DEC,42.5,43.4,42.2,42.73,1006000,42.33
02Dec2020,ASTL-CFEB,40,ASTL-CFEB,0,0,0,43.52,0,43.22
02Dec2020,TRG-CFEB,40,TRG-CFEB,0,0,0,73.19,0,69.26
02Dec2020,ISL-CFEB,40,ISL-CFEB,0,0,0,81.78,0,80.03
02Dec2020,HASCOL-CFEB,40,HASCOL-CFEB,0,0,0,15.51,0,15.16
02Dec2020,GATM-CJAN,40,GATM-CJAN,0,0,0,35.24,0,34.68
02Dec2020,TREET-DEC,40,TREET-DEC,30,30.5,29,29.16,556000,29.36
02Dec2020,POWER-DEC,40,POWER-DEC,9.94,9.94,9.7,9.81,1412500,9.84
02Dec2020,GATM-DEC,40,GATM-DEC,34.4,35.49,34.4,34.88,155500,33.94
02Dec2020,POWER-CFEB,40,POWER-CFEB,0,0,0,10.02,0,10.06
02Dec2020,GATM-CFEB,40,GATM-CFEB,0,0,0,35.54,0,34.98
02Dec2020,MUGHAL-CDEC,40,MUGHAL-CDEC,0,0,0,65.28,0,66.4
02Dec2020,DCR-DEC,40,DCR-DEC,0,0,0,10.83,0,10.69
02Dec2020,DOL-DEC,40,DOL-DEC,33.44,34.35,32.83,33.37,583000,33.24
02Dec2020,PIBTL-DEC,40,PIBTL-DEC,12.86,13.21,12.84,13.03,5037500,12.87
02Dec2020,PRL-DEC,40,PRL-DEC,19.59,20.32,19.25,19.76,12459000,19.52
02Dec2020,SEARL-DEC,40,SEARL-DEC,244,252,244,246.9,489000,243.21
02Dec2020,UNITY-DEC,40,UNITY-DEC,27.6,27.85,27.05,27.41,17725500,27.65
02Dec2020,MEBL-CDEC,40,MEBL-CDEC,0,0,0,98.53,0,98.13
02Dec2020,SEARL-CDEC,40,SEARL-CDEC,0,0,0,247.09,0,243.57
02Dec2020,MEBL-CJAN,40,MEBL-CJAN,0,0,0,99.61,0,99.2
02Dec2020,SEARL-CJAN,40,SEARL-CJAN,0,0,0,249.78,0,246.22
02Dec2020,INIL-DEC,40,INIL-DEC,141.6,148.84,141,145.21,287500,140.06
02Dec2020,GTYR-DEC,40,GTYR-DEC,71.51,72.39,70.99,71.99,122000,71.46
02Dec2020,PSMC-DEC,40,PSMC-DEC,193.99,199,193.99,197.9,115000,193.72
02Dec2020,MEBL-DEC,40,MEBL-DEC,99.8,99.8,98,99,5000,98.08
02Dec2020,KOHC-DEC,40,KOHC-DEC,215,216.5,213.07,213.25,9000,215
02Dec2020,MUGHAL-DEC,40,MUGHAL-DEC,66.5,66.6,64.41,64.96,869500,66.35
02Dec2020,MEBL-CFEB,40,MEBL-CFEB,0,0,0,100.46,0,100.05
02Dec2020,SEARL-CFEB,40,SEARL-CFEB,0,0,0,251.93,0,248.33
02Dec2020,UNITY-CDEC,40,UNITY-CDEC,0,0,0,27.4,0,27.68
02Dec2020,INIL-CDEC,40,INIL-CDEC,0,0,0,145.98,0,140.03
02Dec2020,KOHC-CDEC,40,KOHC-CDEC,0,0,0,215.73,0,217.27
02Dec2020,INIL-CJAN,40,INIL-CJAN,0,0,0,147.56,0,141.55
02Dec2020,MUGHAL-CJAN,40,MUGHAL-CJAN,0,0,0,65.99,0,67.12
02Dec2020,UNITY-CJAN,40,UNITY-CJAN,0,0,0,27.7,0,27.99
02Dec2020,CEPB-DEC,40,CEPB-DEC,111.25,114,110.6,110.68,110500,111.05
02Dec2020,TGL-DEC,40,TGL-DEC,89.9,91.45,89.9,91.01,5500,85.07
02Dec2020,AVN-DEC,40,AVN-DEC,70.75,73.14,69.9,71.77,3271000,70.54
02Dec2020,GHNL-DEC,40,GHNL-DEC,91,94,90.03,91.28,176000,90.5
02Dec2020,FEROZ-DEC,40,FEROZ-DEC,325,336.4,325,329.49,69500,319.9
02Dec2020,GHNI-DEC,40,GHNI-DEC,275.79,281,275,277.28,876500,275.78
02Dec2020,UNITY-CFEB,40,UNITY-CFEB,0,0,0,27.94,0,28.23
02Dec2020,INIL-CFEB,40,INIL-CFEB,0,0,0,148.83,0,142.77
02Dec2020,MUGHAL-CFEB,40,MUGHAL-CFEB,0,0,0,66.55,0,67.69
02Dec2020,DCR,836,Dolmen City,10.6,10.84,10.6,10.75,235000,10.6
02Dec2020,UBLP-ETF,837,UBLPakistanETF,13.28,13.36,13.28,13.36,1000,13.15
02Dec2020,NITG-ETF,837,NIT Pakistan Ga,11.6,11.6,11.49,11.6,4000,11.75
02Dec2020,NBPG-ETF,837,NBP Pakistan  G,10.4,10.4,10.4,10.4,500,10.4
02Dec2020,MZNP-ETF,837,Meezan Pakistan,10.4,10.75,10.35,10.61,17500,10.28