20Nov2020,HGFA,806,HBL Growth Fund,8,8.2,7.99,8.09,19000,8.55
20Nov2020,HIFA,806,HBL Invest Fund,3.08,3.12,3.08,3.12,4500,3.06
20Nov2020,SINDM,819,Sindh Modaraba,8.42,8.42,8.4,8.4,8000,8.64
20Nov2020,TSMF,806,Tri-Star Mutual,4.3,4.65,4.1,4.18,5500,4.01
20Nov2020,BRR,819,B.R.R.Guardian,11.42,11.48,11.41,11.48,2000,11.14
20Nov2020,FECM,819,Elite Cap.Mod,3.26,3.26,3.12,3.14,1500,3.1
20Nov2020,FEM,819,Equity Modaraba,2.7,2.7,2.6,2.61,21000,2.96
20Nov2020,FFLM,819,1st.Fid.Leasing,3.25,3.25,3.25,3.25,500,3.5
20Nov2020,ORIXM,819,Orix ModarabaXD,17.69,17.7,17.69,17.7,1000,17.01
20Nov2020,FHAM,819,Habib Modaraba,9.77,10.1,9.75,9.9,140500,9.78
20Nov2020,PIM,819,Popular Islamic,6,6,5,5,2000,5.65
20Nov2020,KASBM,819,KASB Mod,1,1,1,1,1000,1.05
20Nov2020,MODAM,819,Mod.Al-Mali,4.09,4.09,4,4,7500,3.8
20Nov2020,PAKMI,819,Pak Mod.,1.75,1.75,1.74,1.74,25500,1.84
20Nov2020,FPRM,819,Paramount Mod,5.85,5.85,5.7,5.7,1500,5.43
20Nov2020,PMI,819,Prud Mod.1st,1.17,1.17,1.14,1.14,6500,1.17
20Nov2020,FPJM,819,Punjab Mod,2.1,2.2,2.1,2.2,2000,2.2
20Nov2020,FUDLM,819,U.D.L.Modaraba,7.6,7.6,7.4,7.4,10500,7.4
20Nov2020,OLPL,815,Orix Leasing,25.45,25.8,25.45,25.8,1500,25.85
20Nov2020,SLL,815,SME Leasing Ltd,3.1,3.59,3.1,3.59,3000,3.55
20Nov2020,SPLC,815,Saudi Pak Leasi,1.48,1.48,1.29,1.3,2500,1.3
20Nov2020,MCBAH,813,MCB-ARIF Habib,35.03,35.03,30.4,32.38,13000,32.69
20Nov2020,AHL,813,Arif Habib Ltd.,51.69,52,50.4,52,28000,51.62
20Nov2020,ICIBL,813,Invest Bank,0.99,0.99,0.93,0.93,67500,0.99
20Nov2020,FDIBL,813,Ist.Dawood Bank,1.99,2.04,1.94,1.98,43000,1.96
20Nov2020,JSCL,813,Jah.Sidd. Co.,23.75,24.15,23.14,23.21,2376500,23.56
20Nov2020,BIPLS,813,BIPL Securities,11.25,11.35,10,11.35,131000,10.35
20Nov2020,NEXT,813,Next Capital,9.3,9.35,8.78,8.88,5500,9.12
20Nov2020,ESBL,813,Escorts Bank,10,10.34,9.93,9.94,77000,10.05
20Nov2020,PSX,813,Pak Stock Exchange,12.95,12.95,12.75,12.84,34500,12.94
20Nov2020,FCSC,813,Ist.Capital Sec,1.15,1.39,1.11,1.23,539500,1.06
20Nov2020,FCIBL,813,F.Credit & Inv,7.65,7.65,7.03,7.05,7000,8
20Nov2020,EFGH,813,EFG Hermes Pak,21.01,22.99,21,21.46,13500,21.99
20Nov2020,FNEL,813,F. Nat.Equities,14.49,14.5,13.91,14.01,514000,14.53
20Nov2020,JSIL,813,JS Investments,20,20.24,19.75,19.75,16500,20.61
20Nov2020,JSGCL,813,JS Global Cap.,0,59.99,59.99,60.06,500,60.06
20Nov2020,786,813,786 Invest Ltd,11.55,11.65,11.2,11.65,19000,11.8
20Nov2020,DEL,813,Dawood Equities,5.1,5.1,5.1,5.1,1500,5.45
20Nov2020,PASL,813,Pervez Ahmed Co,0.83,0.85,0.79,0.8,203500,0.81
20Nov2020,ABL,807,Allied Bank Ltd,84.05,84.56,83.6,84.01,99500,84.5
20Nov2020,SMBL,807,Summit Bank,2.07,2.07,2,2,429500,2.03
20Nov2020,AKBL,807,Askari Bank,18.6,18.74,18.57,18.63,42500,18.69
20Nov2020,BAFL,807,Bank Al-FalahXD,34.5,34.8,33.02,33.46,913000,34.58
20Nov2020,BIPL,807,Bankislami Pak.,10,10.1,9.9,10.05,1938000,9.86
20Nov2020,BOK,807,Bank Of Khyber,13.6,13.6,12.51,12.51,53500,13.39
20Nov2020,BAHL,807,Bank AL-Habib,67.5,68.1,67.49,67.68,518004,68.01
20Nov2020,BOP,807,B.O.Punjab,9,9.07,8.8,8.82,2947000,9
20Nov2020,FABL,807,Faysal Bank,17.2,17.2,16.51,16.73,269500,16.99
20Nov2020,HBL,807,Habib Bank,131,131.83,129.75,130.34,1778387,131.42
20Nov2020,MEBL,807,Meezan BankXD,92,92,90.5,91.22,1132477,91.46
20Nov2020,NBP,807,National Bank,39.1,39.47,38.72,39,66500,39.05
20Nov2020,HMB,807,Habib Metropol.,36.61,36.85,36.5,36.56,8000,36.65
20Nov2020,MCB,807,MCB Bank Ltd,177.98,178,174,174.73,215029,175.76
20Nov2020,JSBL,807,JS Bank Ltd,6.16,6.16,6.12,6.12,49000,6.23
20Nov2020,SBL,807,Samba Bank,7.06,7.2,7.02,7.03,6500,7.3
20Nov2020,SILK,807,Silk Bank Ltd,0.97,0.98,0.91,0.92,1073000,0.94
20Nov2020,SNBL,807,Soneri Bank Ltd,9.95,10.05,9.75,9.79,5212000,9.91
20Nov2020,SCBPL,807,St.Chart.Bank,35.05,36.8,35.05,36.01,31000,35.66
20Nov2020,UBL,807,United Bank,121.26,122.49,118.55,119.4,1046230,121.97
20Nov2020,AICL,812,Adamjee Ins.,36.95,37.35,36.1,37.18,228000,36.56
20Nov2020,IGIL,812,IGI Life Ins,62.16,63.01,62,63,15500,63.37
20Nov2020,AGIC,812,Ask.Gen.Insur.,23,23,23,23,1000,23.5
20Nov2020,CYAN,812,Cyan Limited,30,30.44,30,30,1500,29.89
20Nov2020,JLICL,812,Jubile Life Ins,382,390,382,385,600,386
20Nov2020,CSIL,812,Cres.Star Ins.,2.63,2.7,2.54,2.69,36500,2.6
20Nov2020,EFUG,812,EFU General,117.98,117.98,115.5,115.5,700,115.51
20Nov2020,EFUL,812,EFU Life Assr,204,204,204,195,100,195
20Nov2020,EWIC,812,East West Ins.,0,57,57,57,0,56
20Nov2020,HICL,812,Habib Ins.,8.4,8.6,8.4,8.6,1500,8.6
20Nov2020,IGIHL,812,IGI Holdings,197.9,198,197.9,198,1000,197.11
20Nov2020,ALAC,812,Askari Life Ass,7.8,7.8,7.8,7.8,500,7.36
20Nov2020,JGICL,812,Jubilee Gen.Ins,44.8,44.8,44.6,44.6,6500,45
20Nov2020,PIL,812,PICIC Ins.Ltd.,1.68,1.83,1.35,1.55,227500,1.6
20Nov2020,PAKRI,812,Pak Reinsurance,25.4,25.4,24.55,24.71,25000,25.01
20Nov2020,PINL,812,Premier Ins.,4.5,4.5,4.5,4.5,16500,5
20Nov2020,RICL,812,Reliance Ins.,7.01,7.01,7.01,7.01,500,7.53
20Nov2020,TPLI,812,TPL Insurance,28.8,28.8,28.8,28.8,500,28.25
20Nov2020,ASTM,830,Asim Textile,8.8,8.9,8.7,8.71,14500,8.7
20Nov2020,BILF,830,Bilal Fibres,1.6,1.6,1.5,1.5,28500,1.59
20Nov2020,CWSM,830,Chakwal Spinning,1.95,2.02,1.95,1.99,33500,2.1
20Nov2020,HIRAT,830,Hira Textile,2.8,2.9,2.8,2.85,21500,2.82
20Nov2020,DFSM,830,Dewan Farooque Sp.,2.08,2.13,1.95,2.08,11500,1.99
20Nov2020,DSIL,830,D.S. Ind. Ltd.,2.26,2.29,2.22,2.24,73500,2.3
20Nov2020,FZCM,830,Fazal Cloth,129.49,129.49,129.49,129.49,600,139.98
20Nov2020,GADT,830,Gadoon Textile,195,195,190,190.39,19700,193.26
20Nov2020,IDYM,830,Indus Dyeing,507.01,520.11,507.01,520.11,100,540
20Nov2020,JATM,830,J.A.Textile,8.7,8.7,8.4,8.4,1500,7.99
20Nov2020,JKSM,830,J.K.SpinningXB,36.2,36.2,35.1,35.11,2500,35.98
20Nov2020,JDMT,830,Janana D Mal,79.45,84.5,79.45,82.92,11500,85.89
20Nov2020,KOSM,830,Kohinoor Spining,3.71,3.85,3.69,3.72,1015000,3.79
20Nov2020,MQTM,830,Maqbool Textile,22.67,22.67,22.67,22.67,5000,23.66
20Nov2020,NCML,830,Nazir Cotton Mills,0,3.9,3.9,3.8,500,3.8
20Nov2020,PRET,830,Premium Tex.,215,215,215,215,1000,204.02
20Nov2020,RAVT,830,Ravi Textile,5.79,5.79,5.3,5.36,16000,5.53
20Nov2020,RUBY,830,Ruby Textile,6.77,7,6.77,6.99,38000,7.25
20Nov2020,SAIF,830,Saif Textile,14.15,14.49,14.15,14.49,4500,14.07
20Nov2020,SALT,830,Salfi Textile,244.5,255,244.5,253,1300,247.42
20Nov2020,SNAI,830,Sana IndXD,45,45,44.6,44.68,3000,44.5
20Nov2020,SSML,830,Saritow Spinning,6.22,6.47,6.22,6.26,36500,6.4
20Nov2020,SERT,830,Service Textile,18.89,18.89,16.27,16.27,47000,17.58
20Nov2020,SHDT,830,Shadab Textile,33.91,34.8,33.9,34.8,3500,34.1
20Nov2020,SHCM,830,Shadman Cotton,10,10.15,10,10.15,2500,9.15
20Nov2020,UNITY,834,Unity Foods Ltd,23.3,24.29,23.3,23.72,39722500,23.33
20Nov2020,TATM,830,Tata Textile,52,55.46,52,52.55,20500,53
20Nov2020,FML,829,Feroze 1888,98.51,98.51,97.11,97.9,3000,101.9
20Nov2020,SMTM,831,Samin Textile,3.16,3.16,3.16,3.16,500,3.47
20Nov2020,SERF,831,Service Fabrics,22,22.19,19.3,19.3,1416000,20.86
20Nov2020,YOUW,831,Yousuf Weaving,3.67,3.75,3.6,3.62,40500,3.69
20Nov2020,ZTL,831,Zephyr Textile,10.35,10.8,10.35,10.8,88000,9.8
20Nov2020,ADMM,829,Artistic Denim,77,77,77,77,500,78.8
20Nov2020,CRTM,829,Crescent Tex.,21.35,21.75,21,21,50500,20.93
20Nov2020,NCL,829,Nishat (Chun.)XD,37.94,38.99,37.55,38.34,1179000,37.82
20Nov2020,DLL,829,Dawood Law,0,185.6522,185.6522,185.6522,0,186.7244
20Nov2020,GFIL,829,Ghazi Fabrics,4.4,4.4,4.29,4.3,8000,4.25
20Nov2020,GATM,829,Gul Ahmed,33.69,34.6,33.5,33.88,2095000,33.49
20Nov2020,HAEL,829,Hala Enterprise,9.62,9.62,7.62,7.66,200500,8.62
20Nov2020,ILP,829,Interloop Ltd.,59,63.45,59,61.6,2577500,59.22
20Nov2020,KML,829,Kohinoor Mills,35.5,36.1,35.5,36,10000,37.59
20Nov2020,BTL,829,Blessed Tex.,268,268,268,268,100,268
20Nov2020,KTML,829,Kohinoor Textile,56.3,56.5,55,55,38500,56.41
20Nov2020,ANL,829,Azgard Nine,19.3,19.75,19.16,19.37,260000,19.24
20Nov2020,MTIL,829,Mian Textile,8.3,8.3,8,8,13500,8.2
20Nov2020,NML,829,Nishat Mills Ltd,88.7,91.5,88,88.82,1776000,87.67
20Nov2020,REDCO,829,Redco Textile,6.05,6.1,5.8,6.1,10000,6.02
20Nov2020,STML,829,Shams Textile,31,31,31,31,500,31.39
20Nov2020,SURC,829,Suraj Cotton,197,198.99,197,198.99,1600,197
20Nov2020,ZAHID,829,ZahidJee Tex.,20.5,20.5,20.5,20.5,500,20.5
20Nov2020,MSOT,829,Masood Textile,60.99,60.99,58,58,1500,57.99
20Nov2020,QUET,829,Quetta Textile,9,10.49,9,9,9000,9.95
20Nov2020,BNWM,835,Bannu Woollen,41.24,41.24,39,40,17000,41
20Nov2020,AGL,805,Agritech Limited,4.79,4.8,4.61,4.62,147000,4.72
20Nov2020,PSYL,827,Pak Synthetics,17.95,17.99,17.95,17.99,1000,17.49
20Nov2020,TRPOL,827,Tri-Star Poly,7.9,7.96,7.87,7.89,12000,7.95
20Nov2020,THALL,802,Thal Limited,439.9,442,435,438.3,35100,437.79
20Nov2020,AABS,826,AL-Abbas Sugar,330,330,330,330,1800,332
20Nov2020,AGSML,826,Abdullah Shah,2.83,2.83,2.73,2.75,29000,2.85
20Nov2020,IML,826,Imperial Limited,13.6,14.82,13.6,14.65,63500,13.8
20Nov2020,DWSM,826,Dewan Sugar,2.7,2.95,2.7,2.86,18000,2.71
20Nov2020,FCEPL,810,Frieslandcampina,67.02,68.3,67.02,67.66,13000,68.23
20Nov2020,HABSM,826,Habib Sugar,34.7,34.7,34.6,34.63,1500,34.7
20Nov2020,HRPL,826,Habib Rice Prod,32.5,32.5,32,32.11,8000,32
20Nov2020,HSM,826,Husein Sugar,18.9,18.9,17.99,18.01,24500,18.4
20Nov2020,JDWS,826,J.D.W.Sugar,220,220,220,220,1000,220
20Nov2020,JSML,826,Jauharabad Sug,27.35,27.35,26.8,26.8,7000,27.38
20Nov2020,MRNS,826,Mehran Sugar,0,67.9,67.9,68.5,500,68.5
20Nov2020,SKRS,826,Sakrand Sugar,9.35,9.5,9.31,9.35,11000,9.45
20Nov2020,SHSML,826,Shahmurad Sugar,100,100,98,98.1,9500,99.5
20Nov2020,TICL,826,Thal Ind.Corp.,284.9,285,284.9,285,200,279
20Nov2020,ACPL,804,Attock Cement,145.69,147.1,142.5,144.19,46900,145.85
20Nov2020,BWCL,804,Bestway CementXD,155,155,153,154.83,4800,154.01
20Nov2020,CHCC,804,Cherat Cement,130.5,130.7,128.71,129.11,254000,131.34
20Nov2020,DNCC,804,Dandot Cement,11.15,11.15,9.22,9.22,3500,10.17
20Nov2020,DGKC,804,D.G.K.Cement,105.01,105.48,103.41,103.67,1167527,105.03
20Nov2020,POWER,804,Power Cement,9.8,9.8,9.37,9.44,6381500,9.77
20Nov2020,POWERPS,804,Power Cem(Pref),10.51,10.51,10.5,10.51,6500,11
20Nov2020,FCCL,804,Fauji Cement,21.24,21.35,20.89,21.05,1573000,21.25
20Nov2020,FECTC,804,Fecto Cement,31.83,33.78,31.83,33.55,9000,33.1
20Nov2020,FLYNG,804,Flying Cement,10.07,10.08,9.6,9.65,23500,9.45
20Nov2020,GWLC,804,Gharibwal Cement,27.4,28.1,26.66,27.02,42500,27.94
20Nov2020,KOHC,804,Kohat Cement,215,216.95,210,212.34,220300,215.07
20Nov2020,LUCK,804,Lucky Cement,659.99,660.99,648.55,650.47,680031,659.21
20Nov2020,MLCF,804,Maple Leaf,39.79,39.92,38.57,38.66,10118818,40.05
20Nov2020,DCL,804,Dewan Cement,9.3,9.34,9.15,9.23,203500,9.33
20Nov2020,PIOC,804,Pioneer Cement,88,88.15,87.02,87.42,397000,88.37
20Nov2020,SMCPL,804,Safe Mix Con.Lt,6.77,6.77,6.7,6.7,8000,6.86
20Nov2020,THCCL,804,Thatta Cement,20.5,20,19.6,19.66,17000,19.85
20Nov2020,KHTC,832,Khyber Tobacco,430,446.77,430,446.77,19200,415.6
20Nov2020,PMPK,832,Philip Morris Pak.,1498.99,1498.99,1498.99,1498.99,20,1440
20Nov2020,PAKT,832,Pak TobaccoXD,1497.9,1500,1497.9,1500,120,1500
20Nov2020,ATRL,825,Attock Refinery,135.5,135.99,132,132.77,559500,135.93
20Nov2020,BYCO,825,Byco Petroleum,9.05,9.14,8.99,9.05,716000,9.1
20Nov2020,NRL,825,National Refinery,167.77,169.05,165.25,165.74,117400,168.98
20Nov2020,PRL,825,Pak Refinery,18.2,18.28,17.45,17.64,3661000,18.22
20Nov2020,EPQL,824,Engro PowergenXD,19.7,19.8,19.6,19.73,22500,19.67
20Nov2020,AEL,824,Arshad Energy,0,13.6,13.6,13.15,500,13.15
20Nov2020,HUBC,824,Hub Power Co.,80.54,80.54,79.1,79.6,1212282,80.19
20Nov2020,KEL,824,K-Electric Ltd.,3.66,3.68,3.61,3.65,2906500,3.66
20Nov2020,KOHE,824,Kohinoor Energy,34.01,34.01,34.01,34.01,500,35
20Nov2020,KOHP,824,Kohinoor Power,3.8,3.8,3.71,3.73,8500,3.99
20Nov2020,LPL,824,Lalpir PowerXD,12.35,12.42,12.2,12.23,231000,12.28
20Nov2020,KAPCO,824,Kot Addu Power,28,28.13,27.76,27.83,1091000,28.22
20Nov2020,NCPL,824,Nishat ChunPow,13.5,13.5,13.25,13.3,82000,13.5
20Nov2020,NPL,824,Nishat Power,24.05,24.3,24,24,87500,24
20Nov2020,PKGP,824,Pakgen PowerXD,17.1,17.65,17,17.32,125000,17.78
20Nov2020,SPWL,824,Saif Power Ltd.,14.85,14.99,14.8,14.84,13500,15
20Nov2020,SEL,824,Sitara Energy,16.2,17.87,16,17.87,1500,17.15
20Nov2020,APL,821,Attock Petroleum,324.49,324.49,315.51,317.82,20600,321
20Nov2020,PSO,821,P.S.O.,194.99,194.99,191.2,191.66,317936,193.65
20Nov2020,BPL,821,Burshane LPG,27.51,27.55,27.3,27.55,2500,28
20Nov2020,SHEL,821,Shell Pakistan,238.95,238.99,230.4,231.47,138100,236.26
20Nov2020,SSGC,821,Sui South Gas,14.1,14.49,13.95,14.03,649000,14.25
20Nov2020,SNGP,821,Sui North Gas,46.9,47.34,45,45.13,2200418,46.88
20Nov2020,HASCOL,821,Hascol Petrol,14.3,14.44,14.07,14.12,3703074,14.34
20Nov2020,HTL,821,HI-Tech Lub.XD,40.65,40.65,39.36,39.48,81000,40.2
20Nov2020,MARI,820,Mari Petroleum,1298.5,1300,1270,1278.83,54480,1294.54
20Nov2020,OGDC,820,Oil & Gas Dev.,93.81,94.5,93.12,93.64,1026767,93.7
20Nov2020,POL,820,Pak Oilfields,361,361.47,357,359.28,256604,360.64
20Nov2020,PPL,820,Pak Petroleum,84.7,85.47,83.9,84.22,1090316,84.56
20Nov2020,AGHA,808,Agha Steel Ind.,32.19,32.69,31.7,31.87,3170000,32.08
20Nov2020,ASL,808,Aisha Steel Mill,15.36,15.55,15.15,15.19,653000,15.52
20Nov2020,ASTL,808,Amreli Steels,41.1,41.1,39.8,40.11,272500,40.95
20Nov2020,BCL,808,Bolan Casting,87.5,87.5,83,86,12500,86.5
20Nov2020,DSL,808,Dost Steels Ltd.,3.98,4,3.92,4,239000,4.04
20Nov2020,CSAP,808,Crescent Steel,73.5,74.85,72.5,72.83,49000,73.73
20Nov2020,INIL,808,Int. Ind.Ltd.,136.99,137.25,132.7,133.4,255500,137.02
20Nov2020,ISL,808,Inter.Steel Ltd,75,75,72,72.23,922000,74.7
20Nov2020,ITTEFAQ,808,Ittefaq Iron Ind,16.6,16.7,16.3,16.32,74000,16.57
20Nov2020,MUGHAL,808,Mughal Iron,63.6,64.5,63.6,64.13,343500,64.48
20Nov2020,MSCL,808,Metro Steel,13.35,13.35,11.73,11.73,2000,12.73
20Nov2020,PECO,808,Pak Engineering,190.01,190.01,190.01,190.01,200,201
20Nov2020,AGTL,801,AL-Ghazi Tractors,358.9,358.9,358.9,358.9,200,357
20Nov2020,DFML,801,Dewan Motors,6.8,6.85,6.6,6.64,89500,6.85
20Nov2020,GAIL,801,Ghani Automobile,4.85,4.99,4.8,4.85,343000,4.98
20Nov2020,GHNI,801,Ghandhara Ind.,253,255.3,244.2,246.47,439200,252.97
20Nov2020,GHNL,801,Ghand Nissan,86.05,86.87,84.15,84.78,42000,86.38
20Nov2020,HINO,801,Hinopak Motor,416.85,438,416.11,423.7,2700,408.58
20Nov2020,HCAR,801,Honda Atlas Cars,298,301.95,292,293.3,83300,298.03
20Nov2020,INDU,801,Indus Motor Co,1181.17,1202.45,1180,1188.01,32550,1188.2
20Nov2020,MTL,801,Millat Tractors,955,969.9,954.5,965.06,17850,955.23
20Nov2020,PSMC,801,Pak Suzuki,193.51,194.88,190.02,190.84,137100,193.78
20Nov2020,SAZEW,801,Sazgar Eng,154.1,156.45,150,150.4,374700,155.68
20Nov2020,AGIL,802,Agriautos Ind.,200.1,200.5,200.1,200.3,300,202
20Nov2020,ATBA,802,Atlas Battery,232.56,235.88,226.1,232.53,7800,235.25
20Nov2020,BWHL,802,Bal.Wheels,83,83.85,83,83.85,6000,78
20Nov2020,EXIDE,802,Exide (PAK),340.21,340.76,340.2,340.76,400,350
20Nov2020,GTYR,802,General Tyre,64.6,64.88,64.1,64.21,23000,64.92
20Nov2020,LOADS,802,Loads Limited,17.4,17.4,17,17.09,7500,17.25
20Nov2020,PCAL,803,Pakistan Cables,121,125.45,120,122.3,6900,123.76
20Nov2020,PAEL,803,Pak Elektron,32.75,32.95,31.6,31.68,3112500,32.79
20Nov2020,TPL,828,TPL Corp Ltd,7.35,7.53,7.3,7.3,854000,7.34
20Nov2020,TPLT,828,TPL Trakker Ltd,9.9,9.9,9.51,9.51,3500,9.88
20Nov2020,AVN,828,Avanceon Ltd,67.3,67.43,64.7,65.16,2204500,67.29
20Nov2020,WAVES,803,Waves Singer,26.2,26.2,25.15,25.46,258500,25.99
20Nov2020,SIEM,803,Siemens Pak.,570,575,570,575,150,566.13
20Nov2020,SPEL,818,Synthetic Prod,42,42.4,41.4,42.02,45500,42.18
20Nov2020,SPELR,818,Synthetic Prod(,9.96,9.96,9.96,9.96,500,9.39
20Nov2020,PNSC,833,P.N.S.C,89.01,89.01,87.6,87.74,4000,90.07
20Nov2020,PIBTL,833,Pak Int.Bulk,12.45,12.45,12.02,12.06,3123500,12.3
20Nov2020,PICT,833,Pak.Int.Cont.XD,182.7,182.96,181.06,181.8,5300,182.88
20Nov2020,PIAA,833,P.I.A.C.(A),4.47,4.48,4.4,4.45,141000,4.42
20Nov2020,PIAB,833,P.I.A.C.(B),4.8,6.8,4.8,6.8,1000,5.8
20Nov2020,HUMNL,828,Hum Network,6.85,6.94,6.65,6.7,191500,6.87
20Nov2020,NETSOL,828,Netsol Tech.,76.11,77.4,72.75,73.71,3504000,75.07
20Nov2020,PAKD,828,Pak Datacom,60,60.5,57,57.01,8500,61.5
20Nov2020,MDTL,828,Media Times Ltd,1.5,1.65,1.3,1.34,5838500,1.08
20Nov2020,SYS,828,Systems Limited,336.7,336.7,325,328.05,130400,336.69
20Nov2020,PTC,828,P.T.C.L.,8.89,8.89,8.74,8.79,239000,8.77
20Nov2020,TRG,828,TRG Pak Ltd,55.8,55.85,53.01,53.54,14171000,55.75
20Nov2020,TELE,828,Telecard Limited,1.56,1.62,1.54,1.57,96000,1.58
20Nov2020,WTL,828,WorldCall Telecom,1.02,1.04,1,1.01,6622500,1
20Nov2020,DAWH,813,Dawood HerculesXD,127,128.88,118,120.29,201962,127
20Nov2020,ENGRO,809,Engro Corp,304.25,305.99,302,303.74,196986,303.49
20Nov2020,EFERT,809,Engro Fert.,66.95,67.1,66.8,66.97,3752441,66.92
20Nov2020,FFBL,809,Fauji Fert BinXR,21.79,21.98,21.48,21.63,1299500,21.89
20Nov2020,FFC,809,Fauji Fert.,104.06,104.49,103.35,103.78,598410,104.26
20Nov2020,ABOT,823,Abbott Lab.XD,721.25,740,721.01,735.28,85300,735
20Nov2020,AGP,823,AGP LimitedXD,104.01,104.9,102.25,103.34,513000,104.78
20Nov2020,FEROZ,823,Ferozsons (Lab)XB,311.61,318.4,307,309.63,161900,312.67
20Nov2020,GLAXO,823,GlaxoSmithKline,181.1,182,177.03,180.78,87000,181.83
20Nov2020,GSKCH,823,Glaxo Healthcar,256.8,265,255,259.98,16400,256.8
20Nov2020,HINOON,823,Highnoon (Lab),607,620,607,615,2250,619.19
20Nov2020,SAPL,823,Sanofi-Aventis,810,810,800,800,400,790
20Nov2020,SEARL,823,The Searle Co.XR,235,235,232.1,233.02,79253,234.36
20Nov2020,WYETH,823,Wyeth Pak Ltd,1030,1056,1010,1043.53,1000,1010.33
20Nov2020,BAPL,805,Bawany Air Products,18.35,18.35,18.35,18.35,1000,18.5
20Nov2020,BIFO,805,Biafo Ind.,154.99,156,152.51,155.49,2800,154.5
20Nov2020,BERG,805,Berger Paints,78.52,80.01,78.52,80.01,1500,81.5
20Nov2020,BUXL,805,Buxly Paints,58,58,57,57,1500,57
20Nov2020,ARPL,805,Archroma Pak,561,562,560,561,2050,560
20Nov2020,CTM,830,Colony Tex.Mills Ltd,4.02,4.1,3.99,4.01,116000,4.06
20Nov2020,DOL,805,Descon Oxychem,32.6,33.5,32.11,32.33,551500,32.9
20Nov2020,DAAG,805,Data Agro,9.55,10.48,9.53,10.48,3000,10.3
20Nov2020,DYNO,805,Dynea Pakistan,192.8,192.86,190,190,3000,191.91
20Nov2020,EPCL,805,Engro Polymer,43.9,45.75,43.6,44.08,7348500,44.02
20Nov2020,FATIMA,809,Fatima Fert.,27.51,27.51,27.2,27.33,24500,27.65
20Nov2020,GGL,805,Ghani Glo HolXR,12.71,12.99,12.4,12.53,814000,12.45
20Nov2020,ICI,805,ICI Pakistan,715.5,716,700.1,709.01,16700,714.93
20Nov2020,ICL,805,Ittehad Chem.,31.5,32,30.75,31.06,51500,31.95
20Nov2020,LOTCHEM,805,Lotte Chemical,12.29,12.35,12,12.02,983500,12.19
20Nov2020,PPVC,805,Pak.P.V.C.,2.66,2.91,2.62,2.91,6000,2.77
20Nov2020,NICL,805,Nimir Ind.Chem.,87.02,87.95,85.55,87.48,13500,87.32
20Nov2020,PAKOXY,805,Pak Oxygen Ltd.,154.5,161.75,152.96,159.91,111300,153.45
20Nov2020,NRSL,805,Nimir Resins,7.91,8.04,7.85,7.87,201000,8
20Nov2020,SARC,805,Sardar Chemical,20.01,20.01,20.01,20.01,6500,20.8
20Nov2020,SITC,805,Sitara Chemical,319,325,318,323,4100,325.9
20Nov2020,SPL,805,Sitara Peroxide,22,22.2,21.6,21.63,51000,21.95
20Nov2020,CEPB,822,Century Paper,109.98,109.98,106.51,107.62,329000,108.88
20Nov2020,CPPL,822,Cherat Pack,215,217,215,215.68,14000,219.73
20Nov2020,MERIT,822,Merit Packaging,13.66,14,13.6,13.89,12000,13.85
20Nov2020,PKGS,822,Packages Ltd.,488.9,489,481.11,487.92,700,486.87
20Nov2020,PPP,822,Pak Paper Prod,96,96,96,96,500,95.17
20Nov2020,RPL,822,Roshan Packages,35.5,35.93,34.98,35.05,150500,35.68
20Nov2020,SEPL,822,Security Paper,176,178.9,172.85,173.22,3700,175.95
20Nov2020,POML,834,Punjab Oil,135.1,140,135,139.99,700,139.6
20Nov2020,SSOM,834,S.S.Oil,59,60.86,58,60.86,41000,56.62
20Nov2020,BATA,816,Bata (Pak),1410,1425,1410,1415,2080,1410
20Nov2020,SRVI,816,Service Ind.Ltd,738,740,725,729.55,2500,735
20Nov2020,ASC,810,Al-Shaheer Corp,17.9,18,17.45,17.61,990000,17.86
20Nov2020,PREMA,810,At-Tahur Ltd.XB,16.77,16.95,16.16,16.52,191500,16.95
20Nov2020,CLOV,810,Clover Pakistan,76,79.35,76,76.62,169000,76.22
20Nov2020,IBLHL,823,IBL HealthCare,83.4,85,81.1,81.1,1500,82
20Nov2020,MACTER,823,Macter Int. Ltd,122,127.9,122,127.9,2000,120
20Nov2020,MFL,810,Matco Foods Ltd,19.75,19.8,19.55,19.61,116000,19.61
20Nov2020,NESTLE,810,Nestle Pakistan,6505,6505,6500,6500,700,6522.25
20Nov2020,MFFL,810,MithchellsFruitXR,0,235.6539,235.6539,235.6539,0,220.16
20Nov2020,NATF,810,National Foods,209.4,209.79,204,205.09,38000,207.78
20Nov2020,FFL,810,Fauji Foods Ltd,14.4,14.64,14.2,14.3,2928500,14.36
20Nov2020,QUICE,810,Quice Food,4.3,4.35,4.25,4.26,123500,4.35
20Nov2020,SHEZ,810,Shezan Inter.,310,330,294,310.11,10600,313.15
20Nov2020,TOMCL,810,The Organic Mea,25.4,26.25,25.1,25.67,172500,25.44
20Nov2020,SCL,810,Shield Corp.,255.06,255.06,255.06,255.06,100,275
20Nov2020,TREET,810,Treet Corp,26.71,26.9,25.6,25.96,185000,26.83
20Nov2020,ZIL,810,ZIL Limited,106,110,106,108,300,104.51
20Nov2020,BGL,811,Bal.Glass,6.3,6.35,6.21,6.23,73500,6.35
20Nov2020,FRCL,811,Frontier Ceram,16.9,17.63,16.9,17.63,12000,16.4
20Nov2020,GHGL,811,Ghani Glass Ltd,61.39,61.62,60.5,61.09,42500,60.69
20Nov2020,GGGL,811,GhaniGlobalGlass,14.05,14.05,13.5,13.53,97000,13.88
20Nov2020,GVGL,811,Ghani Value Glas,40.46,41.35,40.46,41.35,19000,42
20Nov2020,KCL,811,Karam Ceramics,32.25,32.25,32.25,32.25,500,31.25
20Nov2020,TGL,811,Tariq Glass Ind.,82.4,83.48,81.25,81.44,120500,83.2
20Nov2020,STCL,811,Shabbir Tiles,18.79,18.79,17.81,17.89,458500,18.47
20Nov2020,GAMON,818,Gammon Pak,13.21,13.21,13.2,13.21,1000,14.16
20Nov2020,MACFL,818,MACPAC Films,25.27,25.35,24.01,24.25,445500,25.16
20Nov2020,ECOP,818,ECOPACK Ltd,23,23.1,22,22.64,186000,23.09
20Nov2020,GOC,818,GOC (Pak) Ltd.,47.5,47.5,47.5,47.5,500,49.95
20Nov2020,PACE,818,Pace (Pak) Ltd.,3,3.05,2.97,2.98,1003500,2.96
20Nov2020,PHDL,818,Pak Hotels,105.75,105.75,97.9,97.95,4000,105.75
20Nov2020,SHFA,818,Shifa Int.Hosp,204,209.45,199,200.38,218700,201.58
20Nov2020,STPL,818,Siddiqsons Tin,13.81,14.11,13.6,13.69,459500,14.02
20Nov2020,TPLP,818,TPL Properties,9.5,9.51,9.5,9.5,42500,9.5
20Nov2020,TRIPF,818,Tri-Pack Films,166.5,169.95,166.5,167.06,3000,169.05
20Nov2020,UBDL,818,United Brands,26.01,26.01,25.8,25.82,3500,27
20Nov2020,TELETFC,36,Telecard TFC,0,0,0,322.13,0,322.13
20Nov2020,BAFLTFC6,36,Bank Al-Falah(T,0,0,0,100.375,0,100.375
20Nov2020,DAWHSC1,36,Dawood Her(Suku,0,0,0,101.212,0,101.212
20Nov2020,DAWHSC2,36,Dawood Her(Suku,0,0,0,101.6,0,101.6
20Nov2020,UBLTFC5,36,United Bank(TFC,0,0,0,99.5633,0,99.5633
20Nov2020,EPCLSC,36,Engro Polymer(S,0,0,0,101.775,0,101.775
20Nov2020,PESC1,36,Pak Energy(Suku,0,0,0,107,0,107
20Nov2020,HBLTFC2,36,Habib Bank(TFC2,0,0,0,97.4167,0,97.4167
20Nov2020,HUBCSC2,36,Hub PowerSC2,0,0,0,102.4624,0,102.4624
20Nov2020,BIPLSC,36,Bank IslamiSC,0,0,0,99.9999,0,99.9999
20Nov2020,PESC2,36,Pak Energy(Suku,0,0,0,100.4,0,100.4
20Nov2020,KELSC5,36,K-Electric(SUKUK5),0,0,0,102.8165,0,102.8165
20Nov2020,FCCL-CNOV,40,FCCL-CNOV,0,0,0,21.09,0,21.3
20Nov2020,FFC-CNOV,40,FFC-CNOV,0,0,0,103.97,0,104.49
20Nov2020,HBL-CNOV,40,HBL-CNOV,0,0,0,130.58,0,131.71
20Nov2020,KAPCO-CNOV,40,KAPCO-CNOV,0,0,0,27.88,0,28.28
20Nov2020,NML-CNOV,40,NML-CNOV,0,0,0,88.99,0,87.86
20Nov2020,SNGP-CNOV,40,SNGP-CNOV,0,0,0,45.21,0,46.98
20Nov2020,UBL-CNOV,40,UBL-CNOV,0,0,0,119.62,0,122.24
20Nov2020,DGKC-CDEC,40,DGKC-CDEC,0,0,0,104.77,0,106.18
20Nov2020,FFC-CDEC,40,FFC-CDEC,0,0,0,104.88,0,105.4
20Nov2020,HBL-CDEC,40,HBL-CDEC,0,0,0,131.73,0,132.86
20Nov2020,KAPCO-CDEC,40,KAPCO-CDEC,0,0,0,28.13,0,28.53
20Nov2020,NML-CDEC,40,NML-CDEC,0,0,0,89.76,0,88.63
20Nov2020,UBL-CDEC,40,UBL-CDEC,0,0,0,120.67,0,123.31
20Nov2020,DGKC-CJAN,40,DGKC-CJAN,0,0,0,105.91,0,107.33
20Nov2020,FFC-CJAN,40,FFC-CJAN,0,0,0,106.02,0,106.54
20Nov2020,HBL-CJAN,40,HBL-CJAN,0,0,0,133.15,0,134.3
20Nov2020,KAPCO-CJAN,40,KAPCO-CJAN,0,0,0,28.43,0,28.84
20Nov2020,NML-CJAN,40,NML-CJAN,0,0,0,90.74,0,89.59
20Nov2020,UBL-CJAN,40,UBL-CJAN,0,0,0,121.98,0,124.64
20Nov2020,DGKC-CNOV,40,DGKC-CNOV,0,0,0,103.86,0,105.26
20Nov2020,NCL-NOV,40,NCL-NOV,38.7,38.7,37.73,37.81,10000,37.5
20Nov2020,HUBC-NOV,40,HUBC-NOV,80.25,80.25,79.8,79.98,15500,80.36
20Nov2020,PSO-NOV,40,PSO-NOV,194.1,194.1,192,192.16,61000,193.91
20Nov2020,SNGP-NOV,40,SNGP-NOV,47,47,45.01,45.23,430000,47.04
20Nov2020,MCB-NOV,40,MCB-NOV,175,175,175,175,1000,175.5
20Nov2020,NML-NOV,40,NML-NOV,88.9,91.5,88.5,88.8,585500,87.93
20Nov2020,ENGRO-NOV,40,ENGRO-NOV,303.2,304,303.2,303.6,1000,305
20Nov2020,FFC-NOV,40,FFC-NOV,104,104,104,104,1000,104.52
20Nov2020,FFBL-NOV,40,FFBL-NOV,21.95,22,21.54,21.63,406500,21.94
20Nov2020,LOTCHEM-NOV,40,LOTCHEM-NOV,12.15,12.18,12.01,12.05,83500,12.21
20Nov2020,DGKC-NOV,40,DGKC-NOV,105.01,105.5,103.7,103.88,836500,105.23
20Nov2020,POL-NOV,40,POL-NOV,359.51,360.55,358,359.71,10500,361.19
20Nov2020,NBP-NOV,40,NBP-NOV,39,39.05,38.9,39.05,38000,39.13
20Nov2020,MLCF-NOV,40,MLCF-NOV,39.62,39.97,38.59,38.71,3582000,40.12
20Nov2020,LUCK-NOV,40,LUCK-NOV,656,662,650.04,651.75,119500,658.45
20Nov2020,SSGC-NOV,40,SSGC-NOV,14.1,14.43,14.01,14.04,84500,14.25
20Nov2020,BOP-NOV,40,BOP-NOV,9.19,9.19,8.85,8.87,268000,9.08
20Nov2020,AKBL-NOV,40,AKBL-NOV,0,0,0,18.67,0,19.6
20Nov2020,PPL-NOV,40,PPL-NOV,85.2,85.4,84.3,84.54,76000,84.93
20Nov2020,OGDC-NOV,40,OGDC-NOV,94,94.5,93.5,93.7,52500,93.96
20Nov2020,PIOC-NOV,40,PIOC-NOV,87.85,89.4,87.3,87.45,207500,88.71
20Nov2020,KEL-NOV,40,KEL-NOV,3.66,3.68,3.63,3.65,727500,3.68
20Nov2020,BAFL-NOV,40,BAFL-NOV,34.4,34.4,33.6,34.16,33500,34.5
20Nov2020,KAPCO-NOV,40,KAPCO-NOV,28.01,28.09,27.71,27.84,48000,28.25
20Nov2020,OGDC-CNOV,40,OGDC-CNOV,0,0,0,93.82,0,93.91
20Nov2020,NBP-CNOV,40,NBP-CNOV,0,0,0,39.07,0,39.14
20Nov2020,OGDC-CDEC,40,OGDC-CDEC,0,0,0,94.64,0,94.73
20Nov2020,NBP-CDEC,40,NBP-CDEC,0,0,0,39.41,0,39.48
20Nov2020,OGDC-CJAN,40,OGDC-CJAN,0,0,0,95.66,0,95.75
20Nov2020,NBP-CJAN,40,NBP-CJAN,0,0,0,39.84,0,39.91
20Nov2020,PPL-CNOV,40,PPL-CNOV,0,0,0,84.38,0,84.75
20Nov2020,PSO-CNOV,40,PSO-CNOV,0,0,0,192.02,0,194.07
20Nov2020,ENGRO-CNOV,40,ENGRO-CNOV,0,0,0,304.31,0,304.15
20Nov2020,BOP-CNOV,40,BOP-CNOV,0,0,0,8.84,0,9.02
20Nov2020,MCB-CNOV,40,MCB-CNOV,0,0,0,175.06,0,176.14
20Nov2020,HUBC-CNOV,40,HUBC-CNOV,0,0,0,79.75,0,80.37
20Nov2020,LUCK-CNOV,40,LUCK-CNOV,0,0,0,651.69,0,660.65
20Nov2020,BAFL-CNOV,40,BAFL-CNOV,0,0,0,33.52,0,34.66
20Nov2020,PPL-CDEC,40,PPL-CDEC,0,0,0,85.12,0,85.49
20Nov2020,PSO-CDEC,40,PSO-CDEC,0,0,0,193.7,0,195.77
20Nov2020,ENGRO-CDEC,40,ENGRO-CDEC,0,0,0,306.97,0,306.81
20Nov2020,BOP-CDEC,40,BOP-CDEC,0,0,0,8.91,0,9.1
20Nov2020,MCB-CDEC,40,MCB-CDEC,0,0,0,176.59,0,177.68
20Nov2020,HUBC-CDEC,40,HUBC-CDEC,0,0,0,80.45,0,81.07
20Nov2020,LUCK-CDEC,40,LUCK-CDEC,0,0,0,657.38,0,666.43
20Nov2020,BAFL-CDEC,40,BAFL-CDEC,0,0,0,33.82,0,34.96
20Nov2020,AICL-NOV,40,AICL-NOV,36.99,37.39,36.99,37.1,2000,36.65
20Nov2020,ATRL-NOV,40,ATRL-NOV,135.9,136.18,132.25,132.99,448500,136.07
20Nov2020,FCCL-NOV,40,FCCL-NOV,21.25,21.45,20.9,21.01,234500,21.3
20Nov2020,NETSOL-NOV,40,NETSOL-NOV,76.98,77.5,72.8,73.59,3182500,75.27
20Nov2020,UBL-NOV,40,UBL-NOV,115.02,121,115.02,119.05,18500,121.18
20Nov2020,NRL-NOV,40,NRL-NOV,169,169.15,165.3,166.13,85500,169.21
20Nov2020,HBL-NOV,40,HBL-NOV,132,131.99,130.15,130.57,42500,131.67
20Nov2020,PPL-CJAN,40,PPL-CJAN,0,0,0,86.04,0,86.41
20Nov2020,PSO-CJAN,40,PSO-CJAN,0,0,0,195.79,0,197.89
20Nov2020,ENGRO-CJAN,40,ENGRO-CJAN,0,0,0,310.29,0,310.14
20Nov2020,BOP-CJAN,40,BOP-CJAN,0,0,0,9.01,0,9.2
20Nov2020,HUBC-CJAN,40,HUBC-CJAN,0,0,0,81.32,0,81.95
20Nov2020,LUCK-CJAN,40,LUCK-CJAN,0,0,0,664.5,0,673.65
20Nov2020,BAFL-CJAN,40,BAFL-CJAN,0,0,0,34.18,0,35.34
20Nov2020,LOTCHEM-CNOV,40,LOTCHEM-CNOV,0,0,0,12.04,0,12.22
20Nov2020,LOTCHEM-CDEC,40,LOTCDEC-CDEC,0,0,0,12.15,0,12.32
20Nov2020,BAHL-NOV,40,BAHL-NOV,68,68.29,67.99,68.12,41500,68.11
20Nov2020,DOL-NOV,40,DOL-NOV,33.11,33.59,32,32.14,204000,33
20Nov2020,EPCL-NOV,40,EPCL-NOV,43.91,45.9,43.61,43.94,1428000,44.1
20Nov2020,INIL-NOV,40,INIL-NOV,136.99,137,133.05,133.89,28500,137.52
20Nov2020,PAEL-NOV,40,PAEL-NOV,32.85,33,31.62,31.7,2236500,32.82
20Nov2020,PRL-NOV,40,PRL-NOV,18.2,18.3,17.51,17.7,2036500,18.26
20Nov2020,TREET-NOV,40,TREET-NOV,26.75,26.75,26.05,26.25,43500,26.86
20Nov2020,LOTCHEM-CJAN,40,LOTCHEM-CJAN,0,0,0,12.28,0,12.46
20Nov2020,PIOC-CNOV,40,PIOC-CNOV,0,0,0,87.58,0,88.56
20Nov2020,FCCL-CDEC,40,FCCL-CDEC,0,0,0,21.27,0,21.48
20Nov2020,PIOC-CDEC,40,PIOC-CDEC,0,0,0,88.35,0,89.34
20Nov2020,SNGP-CDEC,40,SNGP-CDEC,0,0,0,45.61,0,47.39
20Nov2020,FCCL-CJAN,40,FCCL-CJAN,0,0,0,21.5,0,21.72
20Nov2020,PIOC-CJAN,40,PIOC-CJAN,0,0,0,89.31,0,90.31
20Nov2020,SNGP-CJAN,40,SNGP-CJAN,0,0,0,46.1,0,47.91
20Nov2020,CHCC-CNOV,40,CHCC-CNOV,0,0,0,129.35,0,131.63
20Nov2020,EPCL-CNOV,40,EPCL-CNOV,0,0,0,44.16,0,44.12
20Nov2020,KEL-CNOV,40,KEL-CNOV,0,0,0,3.66,0,3.67
20Nov2020,MLCF-CNOV,40,MLCF-CNOV,0,0,0,38.73,0,40.14
20Nov2020,PAEL-CNOV,40,PAEL-CNOV,0,0,0,31.74,0,32.86
20Nov2020,MLCF-CDEC,40,MLCF-CDEC,0,0,0,39.07,0,40.49
20Nov2020,KEL-CDEC,40,KEL-CDEC,0,0,0,3.69,0,3.7
20Nov2020,PAEL-CDEC,40,PAEL-CDEC,0,0,0,32.02,0,33.15
20Nov2020,GATM-CDEC,40,GATM-CDEC,0,0,0,34.24,0,33.86
20Nov2020,EPCL-CDEC,40,EPCL-CDEC,0,0,0,44.55,0,44.5
20Nov2020,CHCC-CDEC,40,CHCC-CDEC,0,0,0,130.48,0,132.78
20Nov2020,CHCC-NOV,40,CHCC-NOV,130.51,130.7,129,129.43,68500,131.45
20Nov2020,CHCC-CJAN,40,CHCC-CJAN,0,0,0,131.89,0,134.22
20Nov2020,EPCL-CJAN,40,EPCL-CJAN,0,0,0,45.03,0,44.98
20Nov2020,KEL-CJAN,40,KEL-CJAN,0,0,0,3.73,0,3.74
20Nov2020,MLCF-CJAN,40,MLCF-CJAN,0,0,0,39.49,0,40.93
20Nov2020,PAEL-CJAN,40,PAEL-CJAN,0,0,0,32.36,0,33.51
20Nov2020,EFERT-CNOV,40,EFERT-CNOV,0,0,0,67.1,0,67.07
20Nov2020,EFERT-CDEC,40,EFERT-CDEC,0,0,0,67.68,0,67.65
20Nov2020,EFERT-NOV,40,EFERT-NOV,62.03,62.25,61.92,62.2,45000,62.11
20Nov2020,EFERT-CJAN,40,EFERT-CJAN,0,0,0,68.41,0,68.39
20Nov2020,ASTL-CNOV,40,ASTL-CNOV,0,0,0,40.19,0,41.04
20Nov2020,TRG-CNOV,40,TRG-CNOV,0,0,0,53.64,0,55.87
20Nov2020,ISL-CNOV,40,ISL-CNOV,0,0,0,72.37,0,74.86
20Nov2020,HASCOL-CNOV,40,HASCOL-CNOV,0,0,0,14.15,0,14.37
20Nov2020,ASTL-CDEC,40,ASTL-CDEC,0,0,0,40.54,0,41.4
20Nov2020,TRG-CDEC,40,TRG-CDEC,0,0,0,54.11,0,56.36
20Nov2020,ISL-CDEC,40,ISL-CDEC,0,0,0,73,0,75.52
20Nov2020,HASCOL-CDEC,40,HASCOL-CDEC,0,0,0,14.27,0,14.5
20Nov2020,TRG-NOV,40,TRG-NOV,55.85,55.92,53.16,53.6,14403000,55.9
20Nov2020,ISL-NOV,40,ISL-NOV,75,75,72.11,72.52,825000,74.87
20Nov2020,POWER-NOV,40,POWER-NOV,9.79,9.79,9.4,9.41,1218000,9.8
20Nov2020,HASCOL-NOV,40,HASCOL-NOV,14.4,14.43,14.08,14.13,1330000,14.37
20Nov2020,ASTL-NOV,40,ASTL-NOV,40.85,40.85,40,40.2,79000,41.07
20Nov2020,ASTL-CJAN,40,ASTL-CJAN,0,0,0,40.98,0,41.85
20Nov2020,TRG-CJAN,40,TRG-CJAN,0,0,0,54.69,0,56.97
20Nov2020,ISL-CJAN,40,ISL-CJAN,0,0,0,73.79,0,76.34
20Nov2020,HASCOL-CJAN,40,HASCOL-CJAN,0,0,0,14.42,0,14.65
20Nov2020,GATM-NOV,40,GATM-NOV,33.8,34.8,33.6,33.91,174000,33.85
20Nov2020,GATM-CJAN,40,GATM-CJAN,0,0,0,34.61,0,34.22
20Nov2020,MUGHAL-CDEC,40,MUGHAL-CDEC,0,0,0,64.81,0,65.19
20Nov2020,DCR-NOV,40,DCR-NOV,0,0,0,10.53,0,10.58
20Nov2020,PIBTL-NOV,40,PIBTL-NOV,12.35,12.37,12.05,12.08,1688000,12.33
20Nov2020,UNITY-NOV,40,UNITY-NOV,23.45,24.34,23.36,23.78,22198500,23.4
20Nov2020,MEBL-CNOV,40,MEBL-CNOV,0,0,0,91.39,0,91.66
20Nov2020,MUGHAL-CNOV,40,MUGHAL-CNOV,0,0,0,64.25,0,64.62
20Nov2020,SEARL-CNOV,40,SEARL-CNOV,0,0,0,233.46,0,234.87
20Nov2020,MEBL-CDEC,40,MEBL-CDEC,0,0,0,92.19,0,92.46
20Nov2020,SEARL-CDEC,40,SEARL-CDEC,0,0,0,235.5,0,236.93
20Nov2020,GHNI-NOV,40,GHNI-NOV,253.02,255.8,245.05,246.74,442000,253.68
20Nov2020,GTYR-NOV,40,GTYR-NOV,64.55,64.55,64.25,64.32,9500,65.01
20Nov2020,PSMC-NOV,40,PSMC-NOV,194,195,190.11,191.37,25000,194.07
20Nov2020,MEBL-NOV,40,MEBL-NOV,91.5,91.5,91,91,11500,91.5
20Nov2020,KOHC-NOV,40,KOHC-NOV,213,215,208,212,11500,213
20Nov2020,MUGHAL-NOV,40,MUGHAL-NOV,63.99,64.68,63.71,64.23,148500,64.49
20Nov2020,MEBL-CJAN,40,MEBL-CJAN,0,0,0,93.19,0,93.46
20Nov2020,SEARL-CJAN,40,SEARL-CJAN,0,0,0,238.05,0,239.49
20Nov2020,UNITY-CNOV,40,UNITY-CNOV,0,0,0,23.76,0,23.38
20Nov2020,KOHC-CNOV,40,KOHC-CNOV,0,0,0,212.74,0,215.54
20Nov2020,INIL-CNOV,40,INIL-CNOV,0,0,0,133.65,0,137.32
20Nov2020,UNITY-CDEC,40,UNITY-CDEC,0,0,0,23.97,0,23.59
20Nov2020,INIL-CDEC,40,INIL-CDEC,0,0,0,134.82,0,138.52
20Nov2020,KOHC-CDEC,40,KOHC-CDEC,0,0,0,214.6,0,217.43
20Nov2020,CEPB-NOV,40,CEPB-NOV,107.5,107.5,107.25,107.25,6000,110.36
20Nov2020,SYS-NOV,40,SYS-NOV,332,332,325,327.3,25500,337.01
20Nov2020,TGL-NOV,40,TGL-NOV,0,0,0,81.62,0,83.41
20Nov2020,AVN-NOV,40,AVN-NOV,67.5,67.5,64.8,65.3,1066000,67.5
20Nov2020,GHNL-NOV,40,GHNL-NOV,86.99,86.99,84.5,84.96,7000,86.91
20Nov2020,FEROZ-NOV,40,FEROZ-NOV,316.5,319.5,310.91,312,26000,313.75
20Nov2020,INIL-CJAN,40,INIL-CJAN,0,0,0,136.28,0,140.02
20Nov2020,MUGHAL-CJAN,40,MUGHAL-CJAN,0,0,0,65.51,0,65.89
20Nov2020,UNITY-CJAN,40,UNITY-CJAN,0,0,0,24.23,0,23.84
20Nov2020,SEARL-NOVB,40,SEARL-NOVB,235,235,233,233.31,33000,234.83
20Nov2020,DCR,836,Dolmen CityXD,10.55,10.55,10.5,10.51,44500,10.55
20Nov2020,UBLP-ETF,837,UBLPakistanETF,12.92,12.96,12.92,12.92,2500,12.9
20Nov2020,NITG-ETF,837,NIT Pakistan Ga,11.26,11.26,11.26,11.26,1500,11.23
20Nov2020,MZNP-ETF,837,Meezan Pakistan,10.2,11,10.12,10.16,38500,10.24