09DEC2020,HGFA,0806,HBL	Growth	Fund,8.47,8.94,8.47,8.85,29000
09DEC2020,HIFA,0806,HBL	Invest	Fund,3,3.25,3,3.24,45500
09DEC2020,SINDM,0819,Sindh	Modaraba,8.60,8.60,8.50,8.50,2000
09DEC2020,FANM,0819,AL-Noor	Mod,2.72,2.72,2.72,2.72,500
09DEC2020,ARM,0819,Allied	Rent.,10,10,10,10,9000
09DEC2020,BRR,0819,B.R.R.Guardian,10.15,10.43,10.15,10.43,5000
09DEC2020,FECM,0819,Elite	Cap.Mod,2.65,3,2.65,3,3500
09DEC2020,ORIXM,0819,Orix	ModarabaXD,17.65,17.65,17.65,17.65,1500
09DEC2020,FHAM,0819,Habib	Modaraba,9.70,9.70,9.70,9.70,500
09DEC2020,HMM,0819,Habib	Metro	Mod,8,8,8,8,500
09DEC2020,FIMM,0819,Imrooz	Modaraba,110.11,110.11,110.11,110.11,500
09DEC2020,KASBM,0819,KASB	Mod,1.01,1.01,1.01,1.01,1000
09DEC2020,MODAM,0819,Mod.Al-Mali,4.12,4.18,4.12,4.17,3500
09DEC2020,PAKMI,0819,Pak	Mod.,1.69,1.70,1.64,1.64,3500
09DEC2020,TRSM,0819,Trust	Modaraba,2.56,2.60,2.56,2.60,3000
09DEC2020,FUDLM,0819,U.D.L.Modaraba,7.32,7.37,7.32,7.37,1000
09DEC2020,CPAL,0815,Cap.Assets	Leas,6.55,6.58,6.55,6.58,2500
09DEC2020,GRYL,0815,Grays	Leasing,5.05,5.10,5,5,2500
09DEC2020,OLPL,0815,Orix	Leasing,26,26,25.55,25.65,109500
09DEC2020,SLL,0815,SME	Leasing	Ltd,3.50,3.50,3.25,3.38,23500
09DEC2020,SPLC,0815,Saudi	Pak	Leasi,1.26,1.30,1.23,1.29,27000
09DEC2020,MCBAH,0813,MCB-ARIF	Habib,29.46,29.46,28.77,28.83,12500
09DEC2020,AHL,0813,Arif	Habib	Ltd.,55.80,55.80,54.01,55.54,60000
09DEC2020,AHCL,0809,Arif	Habib	Corp,38,38.05,37.25,37.50,14000
09DEC2020,ICIBL,0813,Invest	Bank,0.92,0.97,0.92,0.92,82500
09DEC2020,FDIBL,0813,Ist.Dawood	Bank,2.07,2.07,1.93,1.95,41000
09DEC2020,JSCL,0813,Jah.Sidd.	Co.,28.75,29.48,28.20,28.57,8480000
09DEC2020,BIPLS,0813,BIPL	Securities,9.65,10.28,9.65,10.28,14500
09DEC2020,NEXT,0813,Next	Capital,9.13,9.17,8.52,8.60,14500
09DEC2020,AMBL,0813,Apna	Microfin.,19.89,19.99,19.55,19.99,3000
09DEC2020,ESBL,0813,Escorts	Bank,9.85,10.05,9.50,9.76,132500
09DEC2020,PSX,0813,Pak	Stock	Exchange,14.56,14.65,14.27,14.35,202000
09DEC2020,FCSC,0813,Ist.Capital	Sec,1.21,1.25,1.18,1.21,247000
09DEC2020,EFGH,0813,EFG	Hermes	Pak,20.66,22.69,20.66,22.56,21500
09DEC2020,FNEL,0813,F.	Nat.Equities,13.70,13.90,13.50,13.76,416000
09DEC2020,JSIL,0813,JS	Investments,25.50,25.50,25.50,25.50,500
09DEC2020,JSGCL,0813,JS	Global	Cap.,62,66.65,62,64.45,9000
09DEC2020,786,0813,786	Invest	Ltd,11.20,11.20,11,11,37000
09DEC2020,DEL,0813,Dawood	Equities,5.02,5.02,5.02,5.02,500
09DEC2020,PASL,0813,Pervez	Ahmed	Co,0.83,0.88,0.83,0.86,157500
09DEC2020,TSBL,0813,Trust	Brokerage,8.84,9.83,8.84,8.84,12500
09DEC2020,ABL,0807,Allied	Bank	Ltd,83,83,81.80,82.20,129500
09DEC2020,SMBL,0807,Summit	Bank,2.05,2.05,2,2,839000
09DEC2020,AKBL,0807,Askari	Bank,19.46,19.80,19.40,19.47,389000
09DEC2020,BAFL,0807,Bank	Al-FalahXD,34.39,34.59,34.01,34.34,232308
09DEC2020,BIPL,0807,Bankislami	Pak.,10.36,10.60,10.36,10.50,3891500
09DEC2020,BOK,0807,Bank	Of	Khyber,13.27,14,13.26,14,8500
09DEC2020,BAHL,0807,Bank	AL-Habib,70.55,70.80,69,69.95,785845
09DEC2020,BOP,0807,B.O.Punjab,9.07,9.15,8.98,9,2575500
09DEC2020,FABL,0807,Faysal	Bank,17.57,17.57,17.19,17.21,664000
09DEC2020,HBL,0807,Habib	Bank,130.99,132.07,130.59,131.31,4784767
09DEC2020,MEBL,0807,Meezan	Bank,98.75,98.75,96.50,97.74,1092284
09DEC2020,NBP,0807,National	Bank,41.33,42.30,41.16,41.89,2109500
09DEC2020,HMB,0807,Habib	Metropol.,38.90,38.90,38.21,38.83,17500
09DEC2020,MCB,0807,MCB	Bank	Ltd,182,184,181.70,181.97,934590
09DEC2020,JSBL,0807,JS	Bank	Ltd,6.39,6.39,6.14,6.18,229500
09DEC2020,SBL,0807,Samba	Bank,8.30,8.30,8,8,8500
09DEC2020,SILK,0807,Silk	Bank	Ltd,0.92,0.93,0.90,0.91,1673000
09DEC2020,SNBL,0807,Soneri	Bank	Ltd,9.90,10.50,9.90,9.99,890000
09DEC2020,SCBPL,0807,St.Chart.Bank,34.40,34.85,34.40,34.62,15500
09DEC2020,UBL,0807,United	Bank,125.79,128.15,125.50,126.52,1156584
09DEC2020,AICL,0812,Adamjee	Ins.,38.25,38.79,38.20,38.35,257500
09DEC2020,IGIL,0812,IGI	Life	Ins,60,62,60,62,2000
09DEC2020,CYAN,0812,Cyan	Limited,34.49,34.49,33.25,33.52,17500
09DEC2020,CENI,0812,Century	Ins.,21.50,21.50,21.50,21.50,8000
09DEC2020,JLICL,0812,Jubile	Life	Ins,356.20,365,356,361.47,29500
09DEC2020,CSIL,0812,Cres.Star	Ins.,2.68,2.69,2.55,2.59,221500
09DEC2020,EFUL,0812,EFU	Life	Assr,191,191,191,191,1100
09DEC2020,EWIC,0812,East	West	Ins.,0,95,95,95,0
09DEC2020,IGIHL,0812,IGI	Holdings,196.01,198.90,194.11,196.67,14200
09DEC2020,ALAC,0812,Askari	Life	Ass,7.21,7.30,7.21,7.30,5500
09DEC2020,ATIL,0812,Atlas	Ins.	Ltd,60.20,60.25,59,59.45,17000
09DEC2020,PIL,0812,PICIC	Ins.Ltd.,1.75,1.75,1.55,1.55,35000
09DEC2020,PKGI,0812,Pak	Gen.Ins.,2.35,3.38,2.35,3.38,12000
09DEC2020,PAKRI,0812,Pak	Reinsurance,26.50,26.80,26.25,26.70,50500
09DEC2020,PINL,0812,Premier	Ins.,4.90,4.90,4.90,4.90,500
09DEC2020,SHNI,0812,Shaheen	Ins.,4.64,4.95,4.45,4.55,13500
09DEC2020,UNIC,0812,United	InsuranceXD,8.15,8.15,8.10,8.10,9500
09DEC2020,ASTM,0830,Asim	Textile,7.99,8.10,7.76,8.10,31500
09DEC2020,BILF,0830,Bilal	Fibres,1.78,1.78,1.60,1.60,9000
09DEC2020,CWSM,0830,Chakwal	Spinning,2.05,2.05,2,2,9000
09DEC2020,HIRAT,0830,Hira	Textile,2.80,2.95,2.78,2.85,87000
09DEC2020,DFSM,0830,Dewan	Farooque	Sp.,2.07,2.07,1.95,1.99,30500
09DEC2020,DWTM,0830,Dewan	Textile,4,4.20,3.80,3.80,7000
09DEC2020,DINT,0830,Din	Textile,50,50,50,50,500
09DEC2020,DSIL,0830,D.S.	Ind.	Ltd.,2.24,2.30,2.24,2.28,27500
09DEC2020,FZCM,0830,Fazal	Cloth,135,135,135,133.67,100
09DEC2020,GADT,0830,Gadoon	Textile,198,199,198,198,3200
09DEC2020,IDSM,0830,Ideal	Spinning,25,25,25,25,1000
09DEC2020,IDRT,0830,Idrees	Textile,16,16,16,16,1000
09DEC2020,JATM,0830,J.A.Textile,7.75,7.80,7.50,7.75,16500
09DEC2020,JKSM,0830,J.K.Spinning,37.10,38,37,37.61,7500
09DEC2020,KOHTM,0830,Kohat	Textile,14,14,14,14,3000
09DEC2020,KOSM,0830,Kohinoor	Spining,3.80,3.98,3.70,3.76,4595000
09DEC2020,MQTM,0830,Maqbool	Textile,0,23.1278,23.1278,23.1278,0
09DEC2020,NCML,0830,Nazir	Cotton	Mills,3.75,3.75,3.44,3.50,10000
09DEC2020,RAVT,0830,Ravi	Textile,7.80,8,7.35,7.99,31500
09DEC2020,RUBY,0830,Ruby	Textile,7.69,8.35,7.69,8.35,2000
09DEC2020,SLYT,0830,Sally	Textile,4.50,4.50,4.41,4.41,3500
09DEC2020,SNAI,0830,Sana	Ind,49.75,49.75,49.68,49.75,9000
09DEC2020,SSML,0830,Saritow	Spinning,5.63,5.80,5.63,5.79,36500
09DEC2020,SERT,0830,Service	Textile,14.90,15.85,14.90,15.35,24500
09DEC2020,SHDT,0830,Shadab	Textile,32,33.45,32,32.77,13000
09DEC2020,SHCM,0830,Shadman	Cotton,20.77,20.77,20.76,20.76,7500
09DEC2020,UNITY,0834,Unity	Foods	Ltd,27.31,28.10,26.95,27.92,26151500
09DEC2020,ASHT,0831,Ashfaq	Textile,0,9.61,9.61,9.52,1000
09DEC2020,FML,0829,Feroze	1888,99,99,98,99,7000
09DEC2020,SERF,0831,Service	Fabrics,26,27.28,25.61,27.18,1787500
09DEC2020,YOUW,0831,Yousuf	Weaving,4.01,4.05,3.81,3.91,141500
09DEC2020,ZTL,0831,Zephyr	Textile,10.75,11.68,10.75,11.41,41500
09DEC2020,AHTM,0829,Ahmed	Hassan,0,47.50,47.50,47.50,5500
09DEC2020,ADMM,0829,Artistic	Denim,90,92,88.50,88.89,30000
09DEC2020,ARUJ,0829,Aruj	Industries,13.90,13.90,13.90,13.90,500
09DEC2020,CRTM,0829,Crescent	Tex.,24.49,25,24.20,24.62,326500
09DEC2020,NCL,0829,Nishat	(Chun.)XD,38.40,38.50,37.80,38,263000
09DEC2020,DLL,0829,Dawood	Law,197.99,207.12,195,204.95,22200
09DEC2020,REWM,0829,Reliance	Weaving,38.90,38.90,38.90,38.90,500
09DEC2020,GFIL,0829,Ghazi	Fabrics,4,4.25,4,4.21,20000
09DEC2020,GATM,0829,Gul	Ahmed,33.76,34,33.30,33.49,458500
09DEC2020,HAEL,0829,Hala	Enterprise,7.30,7.30,6.60,7.09,12000
09DEC2020,INKL,0829,Int.Knitwear,13.42,13.42,13.42,13.42,5500
09DEC2020,ILP,0829,Interloop	Ltd.,61.81,62.60,61.25,61.65,1300500
09DEC2020,KML,0829,Kohinoor	Mills,35.50,35.50,35.50,35.50,500
09DEC2020,KOIL,0829,Kohinoor	Ind.,8.60,8.87,8.41,8.84,6500
09DEC2020,KTML,0829,Kohinoor	Textile,59,59.80,58,58,3500
09DEC2020,ANL,0829,Azgard	Nine,21.25,21.44,20.70,20.75,450000
09DEC2020,MTIL,0829,Mian	Textile,8.10,8.72,8.10,8.59,91500
09DEC2020,NML,0829,Nishat	Mills	Ltd,91.20,92.60,91,91.08,753500
09DEC2020,TOWL,0829,Towellers	Limited,76,76,76,76.46,500
09DEC2020,MSOT,0829,Masood	Textile,57.29,57.29,57.29,57.29,1000
09DEC2020,SAPT,0829,Sapphire	Tex.,1049.98,1049.98,986,986,150
09DEC2020,BNWM,0835,Bannu	Woollen,47.97,47.97,46,46,5000
09DEC2020,BNL,0835,Bunnys	Limited,42.65,44.50,39.56,39.56,93000
09DEC2020,AGL,0805,Agritech	Limited,5.08,5.42,4.90,5.23,4243000
09DEC2020,IBFL,0827,Ibrahim	Fibres,73,74,73,73.67,1500
09DEC2020,PSYL,0827,Pak	Synthetics,19,19.38,19,19.38,60500
09DEC2020,RUPL,0827,Rupali	Polyester,21.36,21.36,21.36,21.36,500
09DEC2020,TRPOL,0827,Tri-Star	Poly,8,8.40,8,8.20,145500
09DEC2020,THALL,0802,Thal	Limited,457.11,467.90,454.98,457.12,37100
09DEC2020,AABS,0826,AL-Abbas	Sugar,343,343,343,343,200
09DEC2020,AGSML,0826,Abdullah	Shah,4.80,5.80,4.45,5.80,1431500
09DEC2020,BAFS,0826,Baba	Farid,0,31.1480,31.1480,31.1480,0
09DEC2020,CHAS,0826,Chashma	Sugar,94,94,91.51,92,16000
09DEC2020,IML,0826,Imperial	Limited,16.05,16.26,16,16,65000
09DEC2020,DWSM,0826,Dewan	Sugar,3.08,3.35,3,3.15,49000
09DEC2020,FCEPL,0810,Frieslandcampina,69.85,70.50,69.10,70.14,100000
09DEC2020,FRSM,0826,Faran	Sugar,46.50,46.51,46.50,46.50,2000
09DEC2020,HABSM,0826,Habib	Sugar,35.50,35.51,35.25,35.25,15500
09DEC2020,HRPL,0826,Habib	Rice	Prod,33,33,32.60,32.60,3000
09DEC2020,HSM,0826,Husein	Sugar,18.25,18.25,17.20,17.24,61000
09DEC2020,JDWS,0826,J.D.W.Sugar,225.99,229.98,225.99,227.99,500
09DEC2020,JSML,0826,Jauharabad	Sug,26.39,27.45,25.37,26.20,9500
09DEC2020,SKRS,0826,Sakrand	Sugar,9.41,9.74,9.36,9.46,69000
09DEC2020,SHSML,0826,Shahmurad	Sugar,100,101.50,99.75,100.13,2000
09DEC2020,SASML,0826,Sindh	Abadgar,13.10,13.10,13.10,13.10,500
09DEC2020,ACPL,0804,Attock	Cement,146.80,146.99,144.40,145.15,75100
09DEC2020,BWCL,0804,Bestway	Cement,155,160,154,157.21,22000
09DEC2020,CHCC,0804,Cherat	Cement,136,138.40,135.70,137.82,312500
09DEC2020,DNCC,0804,Dandot	Cement,9.47,9.47,9.25,9.25,2000
09DEC2020,DGKC,0804,D.G.K.Cement,107.90,109.90,107.75,108.11,4993416
09DEC2020,POWER,0804,Power	Cement,9.75,9.81,9.54,9.58,4769000
09DEC2020,FCCL,0804,Fauji	Cement,21.10,21.42,21.10,21.35,3159000
09DEC2020,FECTC,0804,Fecto	Cement,34.49,34.49,33.50,33.75,82500
09DEC2020,FLYNG,0804,Flying	Cement,9.85,9.93,9.66,9.70,91500
09DEC2020,GWLC,0804,Gharibwal	Cement,29.35,30.50,29,29.92,427000
09DEC2020,JVDC,0804,Javedan	Corp.,23.02,23.02,22.50,22.50,5500
09DEC2020,KOHC,0804,Kohat	Cement,221,222,216.50,219.59,166100
09DEC2020,LUCK,0804,Lucky	Cement,673,679,671,673.01,476800
09DEC2020,MLCF,0804,Maple	Leaf,42.10,42.54,40.90,41.16,21907425
09DEC2020,DCL,0804,Dewan	Cement,10.16,10.35,9.86,9.91,2881000
09DEC2020,PIOC,0804,Pioneer	Cement,94.60,95.59,93.26,93.56,695500
09DEC2020,SMCPL,0804,Safe	Mix	Con.Lt,6.93,6.99,6.82,6.85,93000
09DEC2020,THCCL,0804,Thatta	Cement,21.50,21.95,20.20,20.56,660500
09DEC2020,KHTC,0832,Khyber	Tobacco,413,425,408,411.34,9100
09DEC2020,PMPK,0832,Philip	Morris	Pak.,1440,1465,1440,1446.38,180
09DEC2020,PAKT,0832,Pak	Tobacco,1600,1600,1567.50,1567.50,120
09DEC2020,ATRL,0825,Attock	Refinery,156,162.48,155.01,157.97,5648000
09DEC2020,BYCO,0825,Byco	Petroleum,9.49,9.66,9.46,9.51,3394500
09DEC2020,NRL,0825,National	Refinery,249.10,266.26,246,266.26,4287200
09DEC2020,PRL,0825,Pak	Refinery,19.46,19.99,19.39,19.49,12773500
09DEC2020,ALTN,0824,Altern	Energy,0,27.41,27.41,26.80,500
09DEC2020,EPQL,0824,Engro	PowergenXD,19.88,19.88,19.51,19.63,69500
09DEC2020,AEL,0824,Arshad	Energy,9.25,9.25,9.25,9.25,1000
09DEC2020,HUBC,0824,Hub	Power	Co.,83.85,84.90,83.23,83.62,3578845
09DEC2020,KEL,0824,K-Electric	Ltd.,3.68,3.74,3.63,3.69,9448500
09DEC2020,KOHE,0824,Kohinoor	Energy,34.01,34.25,34,34,19000
09DEC2020,KOHP,0824,Kohinoor	Power,3.70,4,3.65,3.65,28000
09DEC2020,LPL,0824,Lalpir	Power,12.85,12.90,12.75,12.77,19000
09DEC2020,KAPCO,0824,Kot	Addu	Power,28.65,28.95,28.65,28.83,1525000
09DEC2020,NCPL,0824,Nishat	ChunPow,13.82,14.16,13.52,13.69,191000
09DEC2020,NPL,0824,Nishat	Power,22.66,23.10,22.66,22.72,5500
09DEC2020,PKGP,0824,Pakgen	Power,18.65,18.90,18.10,18.25,643000
09DEC2020,SPWL,0824,Saif	Power	Ltd.,15.23,15.23,14.93,15,44000
09DEC2020,SEL,0824,Sitara	Energy,15.40,16.70,15.26,16.70,2500
09DEC2020,TSPL,0824,Tri-Star	Power	XD,4.17,4.17,4,4.02,49500
09DEC2020,APL,0821,Attock	Petroleum,326,331.99,319.99,322.86,378800
09DEC2020,PSO,0821,P.S.O.,199.76,202.50,199.20,199.66,1152184
09DEC2020,BPL,0821,Burshane	LPG,28.34,28.65,28.34,28.65,4000
09DEC2020,SHEL,0821,Shell	Pakistan,238,249.50,238,246.48,1072800
09DEC2020,SSGC,0821,Sui	South	Gas,14.38,14.80,14.35,14.43,2589000
09DEC2020,SNGP,0821,Sui	North	Gas,43.89,44.75,43.88,44.17,2767510
09DEC2020,HASCOL,0821,Hascol	Petrol,14.84,15.21,14.76,14.83,24655604
09DEC2020,HTL,0821,HI-Tech	Lub.XD,41.45,43.78,41.05,43.57,1484500
09DEC2020,MARI,0820,Mari	Petroleum,1410,1466.48,1391.02,1399.79,50540
09DEC2020,OGDC,0820,Oil	&	Gas	Dev.,100.17,102,100.17,101.79,1872727
09DEC2020,POL,0820,Pak	Oilfields,403.90,403.90,400,402.79,130650
09DEC2020,PPL,0820,Pak	Petroleum,89.05,90.49,89.05,90.06,1670051
09DEC2020,ADOS,0808,Ados	Pakistan,23.50,24.25,23.30,24.25,2000
09DEC2020,AGHA,0808,Agha	Steel	Ind.,34.49,34.85,33.75,33.89,2239000
09DEC2020,ASL,0808,Aisha	Steel	Mill,19.29,20.01,18.90,19.28,14198500
09DEC2020,ASTL,0808,Amreli	Steels,46.29,47.98,45.50,46.51,4803000
09DEC2020,BCL,0808,Bolan	Casting,100,100,100,100,2000
09DEC2020,DSL,0808,Dost	Steels	Ltd.,4.40,4.50,4.40,4.45,869000
09DEC2020,CSAP,0808,Crescent	Steel,87.05,88.50,84.99,85.30,656500
09DEC2020,INIL,0808,Int.	Ind.Ltd.,154.49,156,151.01,152.14,670000
09DEC2020,ISL,0808,Inter.Steel	Ltd,84,85.55,82.80,83.08,2857000
09DEC2020,ITTEFAQ,0808,Ittefaq	Iron	Ind,16.89,17.30,16.65,16.89,383000
09DEC2020,KSBP,0808,K.S.B.Pumps,387,398,387,389,800
09DEC2020,MUGHAL,0808,Mughal	Iron,67.60,68.20,66.30,66.79,1562000
09DEC2020,MSCL,0808,Metro	Steel,15.40,15.47,15.40,15.47,2500
09DEC2020,AGTL,0801,AL-Ghazi	Tractors,380,385,379,380,2500
09DEC2020,ATLH,0801,Atlas	Honda	Ltd,495,500,495,500,900
09DEC2020,DFML,0801,Dewan	Motors,6.71,7.20,6.71,7.17,114000
09DEC2020,GAIL,0801,Ghani	Automobile,5.24,5.28,5.05,5.14,1108000
09DEC2020,GHNI,0801,Ghandhara	Ind.,271,278.50,270.02,271.13,1542600
09DEC2020,GHNL,0801,Ghand	Nissan,91.40,93.25,90.27,90.59,531000
09DEC2020,HINO,0801,Hinopak	Motor,424,424.99,422,424.50,500
09DEC2020,HCAR,0801,Honda	Atlas	Cars,314.20,320.88,314.20,316.02,255600
09DEC2020,INDU,0801,Indus	Motor	Co,1180,1189,1168.04,1175.62,7450
09DEC2020,MTL,0801,Millat	Tractors,1095.01,1105,1084,1085.13,13450
09DEC2020,PSMC,0801,Pak	Suzuki,217.50,226,217,218.64,716600
09DEC2020,SAZEW,0801,Sazgar	Eng,157.90,163,157.90,160.18,580000
09DEC2020,AGIL,0802,Agriautos	Ind.,235,235.50,235,235,2000
09DEC2020,ATBA,0802,Atlas	Battery,247.50,248,243,244,33000
09DEC2020,EXIDE,0802,Exide	(PAK),355,357,354,354,4700
09DEC2020,GTYR,0802,General	Tyre,77,79.75,76.60,77.05,1088000
09DEC2020,LOADS,0802,Loads	Limited,18.80,19.20,18.60,18.67,462000
09DEC2020,JOPP,0803,Johnson	&	Philips,53,53,53,53,500
09DEC2020,PCAL,0803,Pakistan	Cables,129,132.75,129,129.47,13100
09DEC2020,PAEL,0803,Pak	Elektron,35.55,36.16,35.25,35.37,6351000
09DEC2020,TPL,0828,TPL	Corp	Ltd,7.70,7.70,7.42,7.46,1015500
09DEC2020,TPLT,0828,TPL	Trakker	Ltd,9.80,10,9.75,10,19000
09DEC2020,AVN,0828,Avanceon	Ltd,76.94,79,76.11,76.76,9397500
09DEC2020,WAVES,0803,Waves	Singer,28.45,28.85,28.09,28.12,983000
09DEC2020,SIEM,0803,Siemens	Pak.,530,535,530,532.06,1300
09DEC2020,SPEL,0818,Synthetic	Prod,43.55,44.40,43,44.40,23500
09DEC2020,PNSC,0833,P.N.S.C,91.90,91.90,90,90.70,44000
09DEC2020,PIBTL,0833,Pak	Int.Bulk,12.56,13.10,12.56,12.90,17232000
09DEC2020,PICT,0833,Pak.Int.Cont.,179,180.99,179,180.14,13700
09DEC2020,PIAA,0833,P.I.A.C.(A),4.42,4.53,4.42,4.46,355500
09DEC2020,PIAB,0833,P.I.A.C.(B),15.85,18.41,15.85,18.41,1000
09DEC2020,HUMNL,0828,Hum	Network,5.82,5.95,5.75,5.88,4738000
09DEC2020,NETSOL,0828,Netsol	Tech.,111.50,117.99,111.50,117.99,10465500
09DEC2020,PAKD,0828,Pak	Datacom,71.99,72.93,70,72.93,131500
09DEC2020,MDTL,0828,Media	Times	Ltd,1.32,1.45,1.32,1.39,910500
09DEC2020,SYS,0828,Systems	Limited,378,385,372,373.42,237200
09DEC2020,PTC,0828,P.T.C.L.,9.10,9.17,8.88,8.93,1710000
09DEC2020,TRG,0828,TRG	Pak	Ltd,74,76.40,73.67,75.72,33734000
09DEC2020,TELE,0828,Telecard	Limited,2.15,2.34,2.11,2.15,10334000
09DEC2020,WTL,0828,WorldCall	Telecom,1.05,1.07,1.02,1.02,7353000
09DEC2020,DAWH,0813,Dawood	HerculesXD,118.50,121.44,118.27,119.45,38394
09DEC2020,ENGRO,0809,Engro	CorpXD,302.25,306.97,302.25,305.82,246174
09DEC2020,EFERT,0809,Engro	Fert.XD,61.40,61.70,60.95,61.58,1316049
09DEC2020,FFBL,0809,Fauji	Fert	Bin,20.72,21.22,20.62,20.94,4994000
09DEC2020,FFBLR,0809,Fauji	Bin(R),6.26,6.76,6.20,6.54,3377500
09DEC2020,FFC,0809,Fauji	Fert.XD,100.16,100.99,99.95,100.07,763677
09DEC2020,ABOT,0823,Abbott	Lab.XD,758.59,769.85,757.05,767.14,7400
09DEC2020,AGP,0823,AGP	Limited,117,119.50,115.60,118.44,698500
09DEC2020,FEROZ,0823,Ferozsons	(Lab)XB,314,321,313,315.03,254900
09DEC2020,GLAXO,0823,GlaxoSmithKline,186,186.50,183.60,185.46,86000
09DEC2020,GSKCH,0823,Glaxo	Healthcar,270,272.47,265.50,267.78,24300
09DEC2020,HINOON,0823,Highnoon	(Lab),645,647.97,640,645.67,6550
09DEC2020,SAPL,0823,Sanofi-Aventis,777.50,777.50,777.50,777.50,50
09DEC2020,SEARL,0823,The	Searle	Co.,233,238.39,233,235.02,318553
09DEC2020,SEARLR1,0823,The	Searle	Co.(R),62.95,66.50,62.95,63.63,215400
09DEC2020,WYETH,0823,Wyeth	Pak	Ltd,1109,1110,1105,1106.25,550
09DEC2020,BAPL,0805,Bawany	Air	Products,19,19,18,18.40,2500
09DEC2020,BIFO,0805,Biafo	Ind.,150.60,151.65,149.95,151.01,17400
09DEC2020,BERG,0805,Berger	Paints,82.15,83.95,81.50,82.61,511000
09DEC2020,ARPL,0805,Archroma	Pak,582.99,582.99,571,573.20,1300
09DEC2020,CTM,0830,Colony	Tex.Mills	Ltd,4.01,4.14,4,4.01,124500
09DEC2020,DOL,0805,Descon	Oxychem,31.99,32.30,31.50,31.83,1209500
09DEC2020,DAAG,0805,Data	Agro,10.60,11,10.60,11,1500
09DEC2020,DYNO,0805,Dynea	Pakistan,198.35,204.49,196.01,196.65,27000
09DEC2020,EPCL,0805,Engro	Polymer,46.83,47.49,46.10,47.26,7824000
09DEC2020,FATIMA,0809,Fatima	Fert.,28,28.25,27.81,27.81,8500
09DEC2020,GGL,0805,Ghani	Glo	Hol,12.76,13.03,12.51,12.73,1175000
09DEC2020,GGLR1,0805,Ghani	Global(R),2.70,2.80,2.51,2.55,3596000
09DEC2020,ICI,0805,ICI	Pakistan,726.10,728.99,709,712.36,20950
09DEC2020,ICL,0805,Ittehad	Chem.,31.56,31.59,31,31.11,279500
09DEC2020,LOTCHEM,0805,Lotte	Chemical,13.33,14.24,13.30,14.18,27190000
09DEC2020,PPVC,0805,Pak.P.V.C.,3.43,3.63,3.33,3.62,10000
09DEC2020,NICL,0805,Nimir	Ind.Chem.,88,89,88,89,1500
09DEC2020,PAKOXY,0805,Pak	Oxygen	Ltd.,160,161,158.50,158.85,26500
09DEC2020,NRSL,0805,Nimir	Resins,8.11,8.58,8.10,8.38,1957500
09DEC2020,SARC,0805,Sardar	Chemical,35.23,35.23,35.23,35.23,16000
09DEC2020,SITC,0805,Sitara	Chemical,330,330,325,329.95,400
09DEC2020,SPL,0805,Sitara	Peroxide,23.01,23.80,22.95,23.09,357000
09DEC2020,WAHN,0805,Wah-NobleXD,0,264,264,264.75,500
09DEC2020,CEPB,0822,Century	Paper,105.50,108.20,105,106.08,477500
09DEC2020,CPPL,0822,Cherat	Pack,204.11,208.99,204.11,205.02,64500
09DEC2020,MERIT,0822,Merit	Packaging,13.70,14.10,13.70,13.76,114500
09DEC2020,PKGS,0822,Packages	Ltd.,550.05,570,550.05,559.53,50800
09DEC2020,PPP,0822,Pak	Paper	Prod,100,100,95.10,98.90,54000
09DEC2020,RPL,0822,Roshan	Packages,36.22,37.65,36.22,37.10,686500
09DEC2020,SEPL,0822,Security	Paper,170,172.50,169,169.74,82300
09DEC2020,POML,0834,Punjab	Oil,198,198,187,193,2700
09DEC2020,SSOM,0834,S.S.Oil,94.88,97.28,93.75,95,6500
09DEC2020,BATA,0816,Bata	(Pak),1500,1500,1500,1500,360
09DEC2020,LEUL,0816,Leather	Up	Ltd.,13.94,14.35,13.92,13.92,11000
09DEC2020,SRVI,0816,Service	Ind.Ltd,722,725,720,723.61,16600
09DEC2020,ASC,0810,Al-Shaheer	Corp,16.65,17.67,16.65,17.31,8712000
09DEC2020,PREMA,0810,At-Tahur	Ltd.,18.10,18.75,18.10,18.55,5419000
09DEC2020,CLOV,0810,Clover	Pakistan,78.06,78.90,77,77.41,153000
09DEC2020,GLPL,0810,Gillette	Pak,378.99,392.56,345,350,12600
09DEC2020,IBLHL,0823,IBL	HealthCare,91,96,91,95.62,48000
09DEC2020,MACTER,0823,Macter	Int.	Ltd,165,165,157,157,3000
09DEC2020,ISIL,0810,Ismail	Ind,413.99,413.99,397,397.50,500
09DEC2020,MFL,0810,Matco	Foods	Ltd,23.64,23.70,22.49,22.72,192000
09DEC2020,NESTLE,0810,Nestle	Pakistan,6749.99,6750,6749.99,6750,100
09DEC2020,MFFL,0810,MithchellsFruit,292,293,280,289.47,20500
09DEC2020,MFFLR,0810,Mitchell	Fruit(,209.90,209.90,194.75,198.41,48700
09DEC2020,MUREB,0810,Murree	Brewery,548.95,549,545,545,500
09DEC2020,NATF,0810,National	Foods,210.21,213.75,210,212.55,34300
09DEC2020,FFL,0810,Fauji	Foods	Ltd,15.95,16.33,15.60,15.71,13435000
09DEC2020,QUICE,0810,Quice	Food,4.50,4.50,4.40,4.44,520500
09DEC2020,UPFL,0810,Unilever	Foods,14500,14500,14500,14500,120
09DEC2020,RMPL,0810,Rafhan	Maize,9000,9000,8791,8791,80
09DEC2020,SHEZ,0810,Shezan	Inter.,333,333,333,333,100
09DEC2020,TOMCL,0810,The	Organic	Mea,29.10,29.85,28.80,28.92,795000
09DEC2020,SCL,0810,Shield	Corp.,260,264.99,260,260,800
09DEC2020,TREET,0810,Treet	Corp,33.12,33.79,32,32.18,2591500
09DEC2020,ZIL,0810,ZIL	Limited,108,109.96,106,107.33,3100
09DEC2020,BGL,0811,Bal.Glass,6.48,6.65,6.40,6.48,438000
09DEC2020,EMCO,0803,EMCO	Industries,31,32.15,31,32.15,2500
09DEC2020,FRCL,0811,Frontier	Ceram,18.50,19.50,18.50,19.50,5500
09DEC2020,GHGL,0811,Ghani	Glass	Ltd,64.75,64.75,63.65,63.83,17000
09DEC2020,GGGL,0811,GhaniGlobalGlass,14.38,14.49,14.17,14.39,98500
09DEC2020,GVGL,0811,Ghani	Value	Glas,41.95,41.95,40.75,40.75,12500
09DEC2020,TGL,0811,Tariq	Glass	Ind.,88.50,91,86.99,87.76,282000
09DEC2020,STCL,0811,Shabbir	Tiles,19.80,20.89,19.65,20.20,3633000
09DEC2020,MACFL,0818,MACPAC	Films,23.35,24,23.10,23.34,968500
09DEC2020,ECOP,0818,ECOPACK	Ltd,31.05,33.78,31.05,33.50,3096000
09DEC2020,PACE,0818,Pace	(Pak)	Ltd.,2.95,3,2.92,2.96,333000
09DEC2020,PHDL,0818,Pak	Hotels,93.96,94,93.96,94,1000
09DEC2020,SHFA,0818,Shifa	Int.Hosp,203.55,208.97,203.55,206.45,41600
09DEC2020,STPL,0818,Siddiqsons	Tin,17.98,18.76,17.98,18.76,1854500
09DEC2020,TPLP,0818,TPL	Properties,9.25,9.30,9.05,9.13,96000
09DEC2020,TRIPF,0818,Tri-Pack	Films,170,171.50,167,169.01,18500
09DEC2020,UBDL,0818,United	Brands,29.98,31.17,28.85,31.17,112500
09DEC2020,UDPL,0818,United	Dist.,45.06,45.06,45.06,45.06,6000
09DEC2020,KELSC4,36,K-Elect(SUKUK-4,0,0,0,101.30,0
09DEC2020,BAFLTFC6,36,Bank	Al-Falah(T,0,0,0,100.3750,0
09DEC2020,DAWHSC1,36,Dawood	Her(Suku,0,0,0,101.2043,0
09DEC2020,DAWHSC2,36,Dawood	Her(Suku,0,0,0,101.60,0
09DEC2020,UBLTFC5,36,United	Bank(TFC,0,0,0,99.8827,0
09DEC2020,EPCLSC,36,Engro	Polymer(S,0,0,0,77.5519,0
09DEC2020,HBLTFC2,36,Habib	Bank(TFC2,0,0,0,97.4167,0
09DEC2020,HUBCSC2,36,Hub	PowerSC2,0,102.20,102.20,102.4624,200
09DEC2020,BIPLSC,36,Bank	IslamiSC,0,0,0,99.9999,0
09DEC2020,PESC2,36,Pak	Energy(Suku,0,0,0,100.60,0
09DEC2020,KELSC5,36,K-Electric(SUKUK5),0,103,103,73.7308,2000
09DEC2020,HBL-CFEB,40,HBL-CFEB,0,0,0,134.59,0
09DEC2020,BAFL-CFEB,40,BAFL-CFEB,0,0,0,35.20,0
09DEC2020,ENGRO-CFEB,40,ENGRO-CFEB,0,0,0,313.46,0
09DEC2020,FCCL-CFEB,40,FCCL-CFEB,0,0,0,21.88,0
09DEC2020,FFBL-CFEB,40,FFBL-CFEB,0,0,0,21.46,0
09DEC2020,FFC-CFEB,40,FFC-CFEB,0,0,0,102.57,0
09DEC2020,HUBC-CFEB,40,HUBC-CFEB,0,0,0,85.71,0
09DEC2020,KAPCO-CFEB,40,KAPCO-CFEB,0,0,0,29.55,0
09DEC2020,LUCK-CFEB,40,LUCK-CFEB,0,0,0,689.83,0
09DEC2020,NML-CFEB,40,NML-CFEB,0,0,0,93.36,0
09DEC2020,PPL-CFEB,40,PPL-CFEB,0,0,0,92.31,0
09DEC2020,PSO-CFEB,40,PSO-CFEB,0,0,0,204.65,0
09DEC2020,SNGP-CFEB,40,SNGP-CFEB,0,0,0,45.27,0
09DEC2020,UBL-CFEB,40,UBL-CFEB,0,0,0,129.68,0
09DEC2020,DGKC-CDEC,40,DGKC-CDEC,0,0,0,108.68,0
09DEC2020,FFC-CDEC,40,FFC-CDEC,0,0,0,100.60,0
09DEC2020,HBL-CDEC,40,HBL-CDEC,0,0,0,132.01,0
09DEC2020,KAPCO-CDEC,40,KAPCO-CDEC,0,0,0,28.98,0
09DEC2020,NML-CDEC,40,NML-CDEC,0,0,0,91.56,0
09DEC2020,UBL-CDEC,40,UBL-CDEC,0,0,0,127.19,0
09DEC2020,DGKC-CJAN,40,DGKC-CJAN,0,0,0,109.87,0
09DEC2020,FFC-CJAN,40,FFC-CJAN,0,0,0,101.70,0
09DEC2020,HBL-CJAN,40,HBL-CJAN,0,0,0,133.44,0
09DEC2020,KAPCO-CJAN,40,KAPCO-CJAN,0,0,0,29.30,0
09DEC2020,NML-CJAN,40,NML-CJAN,0,0,0,92.56,0
09DEC2020,UBL-CJAN,40,UBL-CJAN,0,0,0,128.57,0
09DEC2020,BOP-CFEB,40,BOP-CFEB,0,0,0,9.22,0
09DEC2020,DGKC-CFEB,40,DGKC-CFEB,0,0,0,110.81,0
09DEC2020,NCL-DEC,40,NCL-DEC,38.45,38.45,38.25,38.25,11000
09DEC2020,HUBC-DEC,40,HUBC-DEC,80.50,80.85,79.81,80.06,36500
09DEC2020,PSO-DEC,40,PSO-DEC,202.50,203.69,200.10,200.43,180000
09DEC2020,SNGP-DEC,40,SNGP-DEC,44.60,45,44.10,44.36,717000
09DEC2020,MCB-DEC,40,MCB-DEC,174.65,182.01,174.65,180.53,4000
09DEC2020,NML-DEC,40,NML-DEC,92,93.20,91.50,91.60,162500
09DEC2020,ENGRO-DEC,40,ENGRO-DEC,306.50,306.90,305.10,306,4000
09DEC2020,FFC-DEC,40,FFC-DEC,100.50,100.50,100.50,100.50,500
09DEC2020,FFBL-DEC,40,FFBL-DEC,20.80,21.34,20.60,21.05,1935000
09DEC2020,LOTCHEM-DEC,40,LOTCHEM-DEC,13.47,14.36,13.47,14.18,9247000
09DEC2020,PPL-DEC,40,PPL-DEC,89.66,90.88,89.66,90.42,475500
09DEC2020,OGDC-DEC,40,OGDC-DEC,98.40,100.50,98.40,100.26,692000
09DEC2020,POL-DEC,40,POL-DEC,402.50,404.55,402.30,404.31,12000
09DEC2020,DGKC-DEC,40,DGKC-DEC,108,110.30,108,108.61,1896500
09DEC2020,LUCK-DEC,40,LUCK-DEC,678,680.90,674,675.42,52000
09DEC2020,MLCF-DEC,40,MLCF-DEC,42.30,42.70,41.10,41.35,11390000
09DEC2020,BOP-DEC,40,BOP-DEC,9.10,9.18,9.05,9.06,80000
09DEC2020,NBP-DEC,40,NBP-DEC,41.50,42,41.45,41.71,63000
09DEC2020,AKBL-DEC,40,AKBL-DEC,0,0,0,19.58,0
09DEC2020,SSGC-DEC,40,SSGC-DEC,14.78,14.90,14.50,14.50,257500
09DEC2020,BAFL-DEC,40,BAFL-DEC,34.60,34.60,34.25,34.50,11000
09DEC2020,PIOC-DEC,40,PIOC-DEC,94.46,95.90,93.80,94.08,317000
09DEC2020,KAPCO-DEC,40,KAPCO-DEC,27.25,27.46,27.25,27.46,43500
09DEC2020,OGDC-CDEC,40,OGDC-CDEC,0,0,0,102.33,0
09DEC2020,NBP-CDEC,40,NBP-CDEC,0,0,0,42.11,0
09DEC2020,OGDC-CJAN,40,OGDC-CJAN,0,0,0,103.44,0
09DEC2020,NBP-CJAN,40,NBP-CJAN,0,0,0,42.57,0
09DEC2020,OGDC-CFEB,40,OGDC-CFEB,0,0,0,104.33,0
09DEC2020,NBP-CFEB,40,NBP-CFEB,0,0,0,42.94,0
09DEC2020,PPL-CDEC,40,PPL-CDEC,0,0,0,90.54,0
09DEC2020,PSO-CDEC,40,PSO-CDEC,0,0,0,200.72,0
09DEC2020,ENGRO-CDEC,40,ENGRO-CDEC,0,0,0,307.44,0
09DEC2020,BOP-CDEC,40,BOP-CDEC,0,0,0,9.05,0
09DEC2020,MCB-CDEC,40,MCB-CDEC,0,0,0,182.94,0
09DEC2020,HUBC-CDEC,40,HUBC-CDEC,0,0,0,84.06,0
09DEC2020,LUCK-CDEC,40,LUCK-CDEC,0,0,0,676.58,0
09DEC2020,BAFL-CDEC,40,BAFL-CDEC,0,0,0,34.52,0
09DEC2020,PPL-CJAN,40,PPL-CJAN,0,0,0,91.52,0
09DEC2020,PSO-CJAN,40,PSO-CJAN,0,0,0,202.90,0
09DEC2020,ENGRO-CJAN,40,ENGRO-CJAN,0,0,0,310.79,0
09DEC2020,BOP-CJAN,40,BOP-CJAN,0,0,0,9.15,0
09DEC2020,HUBC-CJAN,40,HUBC-CJAN,0,0,0,84.98,0
09DEC2020,LUCK-CJAN,40,LUCK-CJAN,0,0,0,683.94,0
09DEC2020,BAFL-CJAN,40,BAFL-CJAN,0,0,0,34.90,0
09DEC2020,AICL-DEC,40,AICL-DEC,0,0,0,38.57,0
09DEC2020,ATRL-DEC,40,ATRL-DEC,156.30,163.26,154.56,158.82,4652000
09DEC2020,FCCL-DEC,40,FCCL-DEC,21.22,21.50,21.22,21.41,251000
09DEC2020,NETSOL-DEC,40,NETSOL-DEC,111,118.17,111,118.17,4202500
09DEC2020,UBL-DEC,40,UBL-DEC,126.75,127,126,126.95,12000
09DEC2020,NRL-DEC,40,NRL-DEC,248.49,266.67,247.01,266.67,2663500
09DEC2020,HBL-DEC,40,HBL-DEC,132,132.50,131.01,131.67,366500
09DEC2020,LOTCHEM-CDEC,40,LOTCDEC-CDEC,0,0,0,14.26,0
09DEC2020,LOTCHEM-CJAN,40,LOTCHEM-CJAN,0,0,0,14.41,0
09DEC2020,BAHL-DEC,40,BAHL-DEC,70,70,70,70,3000
09DEC2020,LOTCHEM-CFEB,40,LOTCHEM-CFEB,0,0,0,14.53,0
09DEC2020,FCCL-CDEC,40,FCCL-CDEC,0,0,0,21.46,0
09DEC2020,PIOC-CDEC,40,PIOC-CDEC,0,0,0,94.06,0
09DEC2020,SNGP-CDEC,40,SNGP-CDEC,0,0,0,44.40,0
09DEC2020,FCCL-CJAN,40,FCCL-CJAN,0,0,0,21.70,0
09DEC2020,PIOC-CJAN,40,PIOC-CJAN,0,0,0,95.08,0
09DEC2020,SNGP-CJAN,40,SNGP-CJAN,0,0,0,44.89,0
09DEC2020,PIOC-CFEB,40,PIOC-CFEB,0,0,0,95.90,0
09DEC2020,MLCF-CDEC,40,MLCF-CDEC,0,0,0,41.38,0
09DEC2020,KEL-CDEC,40,KEL-CDEC,0,0,0,3.71,0
09DEC2020,PAEL-CDEC,40,PAEL-CDEC,0,0,0,35.56,0
09DEC2020,GATM-CDEC,40,GATM-CDEC,0,0,0,33.67,0
09DEC2020,EPCL-CDEC,40,EPCL-CDEC,0,0,0,47.51,0
09DEC2020,CHCC-CDEC,40,CHCC-CDEC,0,0,0,138.55,0
09DEC2020,CHCC-CJAN,40,CHCC-CJAN,0,0,0,140.06,0
09DEC2020,EPCL-CJAN,40,EPCL-CJAN,0,0,0,48.03,0
09DEC2020,KEL-CJAN,40,KEL-CJAN,0,0,0,3.75,0
09DEC2020,MLCF-CJAN,40,MLCF-CJAN,0,0,0,41.83,0
09DEC2020,PAEL-CJAN,40,PAEL-CJAN,0,0,0,35.94,0
09DEC2020,CHCC-DEC,40,CHCC-DEC,137.50,138.50,136.04,138.21,110500
09DEC2020,EPCL-DEC,40,EPCL-DEC,47.40,47.76,46.25,47.44,1629500
09DEC2020,KEL-DEC,40,KEL-DEC,3.70,3.75,3.66,3.70,2960500
09DEC2020,PAEL-DEC,40,PAEL-DEC,35.78,36.30,35.01,35.51,4179500
09DEC2020,MLCF-CFEB,40,MLCF-CFEB,0,0,0,42.19,0
09DEC2020,PAEL-CFEB,40,PAEL-CFEB,0,0,0,36.25,0
09DEC2020,EPCL-CFEB,40,EPCL-CFEB,0,0,0,48.44,0
09DEC2020,CHCC-CFEB,40,CHCC-CFEB,0,0,0,141.26,0
09DEC2020,KEL-CFEB,40,KEL-CFEB,0,0,0,3.78,0
09DEC2020,EFERT-CDEC,40,EFERT-CDEC,0,0,0,61.91,0
09DEC2020,EFERT-CJAN,40,EFERT-CJAN,0,0,0,62.58,0
09DEC2020,EFERT-DEC,40,EFERT-DEC,61.38,61.84,61.35,61.80,77500
09DEC2020,EFERT-CFEB,40,EFERT-CFEB,0,0,0,63.12,0
09DEC2020,ASTL-CDEC,40,ASTL-CDEC,0,0,0,46.76,0
09DEC2020,TRG-CDEC,40,TRG-CDEC,0,0,0,76.12,0
09DEC2020,ISL-CDEC,40,ISL-CDEC,0,0,0,83.52,0
09DEC2020,HASCOL-CDEC,40,HASCOL-CDEC,0,0,0,14.91,0
09DEC2020,ASTL-CJAN,40,ASTL-CJAN,0,0,0,47.27,0
09DEC2020,TRG-CJAN,40,TRG-CJAN,0,0,0,76.95,0
09DEC2020,ISL-CJAN,40,ISL-CJAN,0,0,0,84.43,0
09DEC2020,HASCOL-CJAN,40,HASCOL-CJAN,0,0,0,15.07,0
09DEC2020,TRG-DEC,40,TRG-DEC,74.06,76.75,74,76.09,33417000
09DEC2020,ISL-DEC,40,ISL-DEC,84,85.87,83.01,83.57,1625500
09DEC2020,HASCOL-DEC,40,HASCOL-DEC,14.89,15.30,14.86,14.90,9131500
09DEC2020,ASTL-DEC,40,ASTL-DEC,46.48,48.15,46.40,46.89,1418000
09DEC2020,ASTL-CFEB,40,ASTL-CFEB,0,0,0,47.67,0
09DEC2020,TRG-CFEB,40,TRG-CFEB,0,0,0,77.61,0
09DEC2020,ISL-CFEB,40,ISL-CFEB,0,0,0,85.16,0
09DEC2020,HASCOL-CFEB,40,HASCOL-CFEB,0,0,0,15.20,0
09DEC2020,GATM-CJAN,40,GATM-CJAN,0,0,0,34.03,0
09DEC2020,TREET-DEC,40,TREET-DEC,33.75,33.90,32.02,32.44,1233000
09DEC2020,POWER-DEC,40,POWER-DEC,9.75,9.85,9.60,9.64,1331000
09DEC2020,GATM-DEC,40,GATM-DEC,33.89,34.20,33.62,33.63,32000
09DEC2020,POWER-CFEB,40,POWER-CFEB,0,0,0,9.82,0
09DEC2020,GATM-CFEB,40,GATM-CFEB,0,0,0,34.33,0
09DEC2020,MUGHAL-CDEC,40,MUGHAL-CDEC,0,0,0,67.14,0
09DEC2020,DCR-DEC,40,DCR-DEC,0,0,0,10.76,0
09DEC2020,DOL-DEC,40,DOL-DEC,32,32.40,31.70,32.03,305500
09DEC2020,PIBTL-DEC,40,PIBTL-DEC,12.70,13.15,12.70,12.99,4326000
09DEC2020,PRL-DEC,40,PRL-DEC,19.71,20.10,19.50,19.59,5074500
09DEC2020,SEARL-DEC,40,SEARL-DEC,235,239,235,236.55,151000
09DEC2020,UNITY-DEC,40,UNITY-DEC,27.46,28.25,27.15,28.03,15594500
09DEC2020,MEBL-CDEC,40,MEBL-CDEC,0,0,0,98.26,0
09DEC2020,SEARL-CDEC,40,SEARL-CDEC,0,0,0,236.27,0
09DEC2020,MEBL-CJAN,40,MEBL-CJAN,0,0,0,99.33,0
09DEC2020,SEARL-CJAN,40,SEARL-CJAN,0,0,0,238.84,0
09DEC2020,INIL-DEC,40,INIL-DEC,155,156.70,151.82,152.74,137000
09DEC2020,GTYR-DEC,40,GTYR-DEC,76.50,79.80,76.50,77.26,294500
09DEC2020,PSMC-DEC,40,PSMC-DEC,219.75,227.90,219,219.60,194000
09DEC2020,MEBL-DEC,40,MEBL-DEC,98.99,99,97.10,98,29000
09DEC2020,KOHC-DEC,40,KOHC-DEC,220,220,213.40,215.52,7500
09DEC2020,MUGHAL-DEC,40,MUGHAL-DEC,68,68.50,66.70,67.27,442000
09DEC2020,MEBL-CFEB,40,MEBL-CFEB,0,0,0,100.18,0
09DEC2020,SEARL-CFEB,40,SEARL-CFEB,0,0,0,240.89,0
09DEC2020,UNITY-CDEC,40,UNITY-CDEC,0,0,0,28.07,0
09DEC2020,INIL-CDEC,40,INIL-CDEC,0,0,0,152.95,0
09DEC2020,KOHC-CDEC,40,KOHC-CDEC,0,0,0,220.76,0
09DEC2020,INIL-CJAN,40,INIL-CJAN,0,0,0,154.61,0
09DEC2020,MUGHAL-CJAN,40,MUGHAL-CJAN,0,0,0,67.87,0
09DEC2020,UNITY-CJAN,40,UNITY-CJAN,0,0,0,28.37,0
09DEC2020,CEPB-DEC,40,CEPB-DEC,106.24,109,106.24,108.50,41500
09DEC2020,TGL-DEC,40,TGL-DEC,90.50,90.50,89.99,90,12500
09DEC2020,AVN-DEC,40,AVN-DEC,77.30,79.40,76.51,77.17,4355000
09DEC2020,GHNL-DEC,40,GHNL-DEC,90.90,93.89,90.90,90.91,142500
09DEC2020,FEROZ-DEC,40,FEROZ-DEC,317,323,316.36,316.36,26000
09DEC2020,GHNI-DEC,40,GHNI-DEC,273.85,279.75,271.50,272.84,1123500
09DEC2020,UNITY-CFEB,40,UNITY-CFEB,0,0,0,28.62,0
09DEC2020,INIL-CFEB,40,INIL-CFEB,0,0,0,155.94,0
09DEC2020,MUGHAL-CFEB,40,MUGHAL-CFEB,0,0,0,68.46,0
09DEC2020,DCR,0836,Dolmen	City,10.70,10.75,10.65,10.70,80000
09DEC2020,UBLP-ETF,0837,UBLPakistanETF,0,13.3698,13.3698,13.3698,0
09DEC2020,MZNP-ETF,0837,Meezan	Pakistan,10.33,10.43,10.33,10.43,15500
