,Date,Open,High,Low,Close,Volume,Predicted Price
2073,2017-08-02,37.6835,37.6835,37.1759,37.6835,116500.0,37.308907
2074,2017-08-03,37.4883,37.4883,37.4883,37.4883,33000.0,36.53162
2075,2017-08-04,37.4883,37.4883,37.0978,37.0978,30500.0,36.918762
2076,2017-08-07,37.0978,37.6445,36.7151,37.1056,71000.0,38.733253
2077,2017-08-08,37.0978,37.4883,37.0978,37.1759,35000.0,36.09214
2078,2017-08-09,37.1759,37.6757,37.0978,37.4883,47500.0,36.89987
2079,2017-08-10,37.1056,37.4883,37.0978,37.0978,83000.0,37.507042
2080,2017-08-11,37.0978,37.4727,37.0978,37.3711,11500.0,36.484352
2081,2017-08-14,37.0978,37.4727,37.0978,37.3711,11500.0,36.617462
2082,2017-08-15,37.1759,37.1759,35.5045,35.8482,74000.0,38.582375
2083,2017-08-16,36.1215,36.5042,35.9731,35.9731,1500.0,35.73831
2084,2017-08-17,35.9731,36.3168,34.7548,34.7782,46500.0,36.420483
2085,2017-08-18,34.4424,35.528,34.2081,35.528,33500.0,36.296844
2086,2017-08-21,35.9185,36.0044,33.9816,34.2862,34500.0,35.44813
2087,2017-08-22,33.5833,34.3643,33.5833,34.169000000000004,75500.0,34.600876
2088,2017-08-23,34.7548,35.1375,34.7548,35.1375,4500.0,35.933086
2089,2017-08-24,35.5358,35.8091,35.1453,35.2078,24500.0,33.829594
2090,2017-08-25,35.9263,35.9263,35.3405,35.3405,5500.0,34.47577
2091,2017-08-28,35.1453,35.1453,34.7548,34.7548,80500.0,35.199825
2092,2017-08-29,35.3405,35.3405,34.3799,34.7548,6500.0,34.503735
2093,2017-08-30,35.1453,35.2624,35.1453,35.2624,3000.0,34.423332
2094,2017-08-31,35.4889,35.4889,35.4889,35.4889,500.0,36.198906
2095,2017-09-01,35.4889,35.4889,35.4889,35.4889,500.0,34.23973
2096,2017-09-04,35.4889,35.4889,35.4889,35.4889,500.0,34.662834
2097,2017-09-05,34.9578,35.1375,34.95,34.95,12500.0,35.609055
2098,2017-09-06,35.5202,35.5202,34.9891,35.1453,17000.0,34.894253
2099,2017-09-07,34.9891,34.9891,34.5595,34.5595,2500.0,34.67863
2100,2017-09-08,34.5595,35.1453,34.5595,35.1453,1500.0,36.210342
2101,2017-09-11,34.7548,35.1375,34.7548,35.1375,10500.0,34.078552
2102,2017-09-12,34.9969,35.1453,34.9891,35.1453,5500.0,34.57596
2103,2017-09-13,35.1453,35.1453,35.1453,35.1453,11000.0,35.316402
2104,2017-09-14,35.3171,35.5202,35.1453,35.1453,18000.0,34.585484
2105,2017-09-15,34.7938,35.4186,34.7548,35.4186,24000.0,34.557556
2106,2017-09-18,35.3015,35.3015,34.8719,34.8797,45000.0,36.41223
2107,2017-09-19,34.95,35.692,34.7548,35.5905,36500.0,34.20246
2108,2017-09-20,35.2234,36.0825,35.2234,35.8638,61000.0,34.80897
2109,2017-09-21,35.731,36.2387,35.3483,35.9107,68500.0,35.69243
2110,2017-09-22,35.9263,35.9263,35.1453,35.1687,2463000.0,35.001648
2111,2017-09-25,35.9185,35.9263,35.2234,35.2624,15000.0,34.953022
2112,2017-09-26,35.9185,35.9185,34.9891,35.1062,8500.0,36.69279
2113,2017-09-27,35.2234,35.2234,34.5049,34.7157,30500.0,34.39171
2114,2017-09-28,34.7548,35.0594,34.7548,35.0594,6000.0,34.919895
2115,2017-09-29,35.0594,35.0672,35.0672,35.0672,2000.0,35.295574
2116,2017-10-02,35.0594,35.0672,35.0672,35.0672,2000.0,34.621
2117,2017-10-03,35.1453,35.1453,34.8173,34.8173,28500.0,34.43305
2118,2017-10-04,34.5283,34.5283,33.9738,33.9738,33500.0,36.14883
2119,2017-10-05,34.0519,34.7157,34.0519,34.3643,118500.0,33.79496
2120,2017-10-06,34.7548,35.5358,34.7548,35.4967,10500.0,34.36691
2121,2017-10-09,35.731,35.9263,35.1453,35.1453,72500.0,35.02117
2122,2017-10-10,34.8719,35.1453,34.8719,35.1453,16500.0,34.328278
2123,2017-10-11,34.7548,35.1453,34.7548,35.1453,3000.0,34.37425
2124,2017-10-12,34.9891,35.1453,34.7548,34.95,33000.0,36.30494
2125,2017-10-13,34.5595,34.8329,34.3721,34.3721,39000.0,34.194473
2126,2017-10-16,34.5595,34.8719,34.5595,34.6064,122000.0,34.6152
2127,2017-10-17,35.1453,35.5358,34.7548,35.4811,301000.0,35.04353
2128,2017-10-18,36.151,36.151,33.741,34.7622,38000.0,34.48382
2129,2017-10-19,34.7213,35.3259,34.7213,35.3259,1500.0,34.30383
2130,2017-10-20,35.1298,35.3259,34.7213,35.3259,25500.0,36.198536
2131,2017-10-23,35.2932,35.2932,34.7377,34.7949,3500.0,34.20751
2132,2017-10-24,34.7213,34.7213,34.3128,34.3128,95000.0,34.76491
2133,2017-10-25,34.3128,35.5301,34.3128,35.1216,24000.0,35.115185
2134,2017-10-26,35.1135,35.1216,34.7213,34.7213,6500.0,34.580822
2135,2017-10-27,34.3128,34.321,34.3128,34.3128,1500.0,34.246964
2136,2017-10-30,34.3047,34.3047,33.4959,33.7981,3000.0,35.825096
2137,2017-10-31,33.6593,33.7001,32.9648,33.6756,3500.0,33.49295
2138,2017-11-01,33.6756,34.3128,33.6756,34.3128,35000.0,34.09637
2139,2017-11-02,34.3128,34.321,34.3128,34.3128,125500.0,34.38835
2140,2017-11-03,34.3128,34.4354,34.1086,34.3128,36500.0,33.760944
2141,2017-11-06,33.9044,33.9044,33.4959,33.9044,31000.0,33.589516
2142,2017-11-07,33.9044,33.9125,33.4959,33.741,72500.0,35.29407
2143,2017-11-08,33.7001,33.7001,32.6789,32.6871,153000.0,33.23073
2144,2017-11-09,33.1691,34.321,33.0874,34.321,8000.0,33.57499
2145,2017-11-10,34.3128,35.8651,34.3128,35.8651,6000.0,34.015884
2146,2017-11-13,35.5301,35.8651,35.1216,35.1216,31000.0,33.710804
2147,2017-11-14,34.3128,34.3128,33.3733,33.4877,221000.0,34.028507
2148,2017-11-15,33.4959,33.4959,32.5155,32.638000000000005,96000.0,35.66616
2149,2017-11-16,32.6626,32.6789,32.5155,32.5155,21500.0,33.132523
2150,2017-11-17,33.0874,33.0874,31.6577,31.7394,42000.0,33.920357
2151,2017-11-20,31.4616,31.4534,30.1545,30.1545,338500.0,33.144005
2152,2017-11-21,29.4192,29.8113,28.6512,28.7166,615500.0,32.15726
2153,2017-11-22,29.2803,29.2803,28.1855,28.3244,79500.0,30.446764
2154,2017-11-23,28.1855,28.8963,27.3686,27.3767,725000.0,30.704407
2155,2017-11-24,27.6872,27.8588,27.4258,27.6627,45000.0,28.625546
2156,2017-11-27,28.0957,28.1039,26.9601,27.0663,435000.0,28.62698
2157,2017-11-28,26.9601,26.9601,26.5516,26.5516,176000.0,28.006485
2158,2017-11-29,26.5516,27.8751,26.1431,26.6823,106000.0,27.81493
2159,2017-11-30,26.9601,26.9601,25.7918,25.8245,210000.0,26.630468
2160,2017-12-01,26.9601,26.9601,25.7918,25.8245,210000.0,27.474098
2161,2017-12-04,25.5876,26.8702,25.1628,25.2771,29500.0,26.337734
2162,2017-12-05,24.7134,24.7543,24.1007,24.3049,302000.0,26.262407
2163,2017-12-06,24.9095,24.9177,24.1007,24.8605,178000.0,25.728765
2164,2017-12-07,24.5092,24.6726,23.6187,23.7902,220500.0,25.759703
2165,2017-12-08,24.5092,24.9177,24.5092,24.5173,15000.0,24.412428
2166,2017-12-11,24.5255,25.318,24.5092,24.934,57000.0,25.261414
2167,2017-12-12,24.7134,24.8768,24.7134,24.8768,3000.0,24.79022
2168,2017-12-13,25.0811,25.318,25.0811,25.3016,5500.0,24.795904
2169,2017-12-14,24.9177,25.1219,24.836,24.934,34500.0,25.083158
2170,2017-12-15,25.3261,25.3261,24.1415,24.5092,104000.0,25.444656
2171,2017-12-18,24.5092,24.5092,24.0272,24.4275,8000.0,24.60873
2172,2017-12-19,24.117,24.3049,23.6922,23.7412,57500.0,25.565277
2173,2017-12-20,23.5288,23.6922,23.4063,23.4471,115000.0,24.720203
2174,2017-12-21,23.4553,24.6154,23.3491,24.2069,7059000.0,24.600233
2175,2017-12-22,24.4275,25.416,23.7821,24.5582,136000.0,24.324652
2176,2017-12-25,24.4275,25.416,23.7821,24.5582,136000.0,24.689407
2177,2017-12-26,25.1219,25.2444,24.6726,24.9258,627500.0,23.900618
2178,2017-12-27,25.1546,26.1676,24.934,26.1676,804500.0,25.319778
2179,2017-12-28,26.184,27.4748,25.7346,27.4748,39000.0,25.26935
2180,2017-12-29,27.6954,28.8473,27.7771,27.7771,626500.0,25.441465
2181,2018-01-01,27.7771,27.7771,27.3686,27.3686,8500.0,26.755964
2182,2018-01-02,26.9601,27.1643,26.7967,26.9601,425500.0,27.081413
2183,2018-01-03,27.3686,27.3686,26.9601,26.9601,681500.0,26.859392
2184,2018-01-04,26.5516,26.9601,26.5434,26.5516,91000.0,28.12527
2185,2018-01-05,26.5679,27.3686,26.5679,27.0254,11000.0,27.023296
2186,2018-01-08,27.5728,27.7607,27.05,27.4421,6500.0,27.060871
2187,2018-01-09,27.1643,27.3686,26.9683,26.9764,43500.0,27.316648
2188,2018-01-10,27.0009,27.3686,26.3474,26.9764,570500.0,27.392641
2189,2018-01-11,26.9601,27.0009,26.7558,26.9601,4500.0,26.669443
2190,2018-01-12,26.7313,26.7558,26.1431,26.331,27000.0,27.947584
2191,2018-01-15,26.1431,26.9601,26.1431,26.5516,27000.0,26.882475
2192,2018-01-16,26.9601,26.9601,26.1431,26.5353,110000.0,26.87288
2193,2018-01-17,26.9519,26.9519,26.7232,26.7232,1500.0,26.92935
2194,2018-01-18,26.9601,26.9601,26.6333,26.9601,172500.0,27.061754
2195,2018-01-19,26.6741,26.9519,26.5516,26.6496,88000.0,26.302141
2196,2018-01-22,26.9601,26.9601,26.5516,26.7232,67500.0,27.624908
2197,2018-01-23,26.3147,26.5516,25.8572,25.9797,225500.0,26.762962
2198,2018-01-24,26.1431,26.9519,26.1431,26.5516,245000.0,26.735815
2199,2018-01-25,26.6333,27.0418,26.5516,26.9438,371500.0,26.821003
2200,2018-01-26,26.6333,26.9192,26.4699,26.9192,157000.0,27.010044
2201,2018-01-29,26.9111,26.9192,26.4699,26.4699,23000.0,26.311964
2202,2018-01-30,26.233,26.2983,26.1023,26.1431,131000.0,27.558813
2203,2018-01-31,26.2248,26.7558,26.2248,26.6333,24000.0,26.596275
2204,2018-02-01,26.3474,26.6741,26.3065,26.4209,18500.0,26.742546
2205,2018-02-02,26.5516,26.7477,26.4781,26.7477,24500.0,26.796177
2206,2018-02-05,26.5516,26.7477,26.4781,26.7477,24500.0,26.914686
2207,2018-02-06,26.3474,26.7477,26.1758,26.2493,54000.0,26.22638
2208,2018-02-07,26.5761,26.5761,26.3474,26.3474,4500.0,27.453838
2209,2018-02-08,26.7068,26.7068,25.7346,25.8408,413500.0,26.527687
2210,2018-02-09,25.5712,27.1235,25.5222,26.6823,128000.0,26.550198
2211,2018-02-12,27.0418,28.014,27.0418,28.014,370500.0,26.653357
2212,2018-02-13,28.9208,28.9208,28.0222,28.2427,290000.0,27.023699
2213,2018-02-14,27.9976,28.594,27.9813,28.1855,2395500.0,26.837732
2214,2018-02-15,28.5042,28.5042,27.3686,27.4258,82500.0,28.6522
2215,2018-02-16,27.4503,27.5728,26.9601,27.0091,77500.0,27.6801
2216,2018-02-19,27.1643,27.1643,26.715,26.7885,68500.0,27.860714
2217,2018-02-20,26.3555,26.9601,26.2248,26.9601,101000.0,27.697252
2218,2018-02-21,27.3686,27.8588,25.6529,25.9062,382000.0,27.699425
2219,2018-02-22,25.6529,26.3392,25.6529,26.2493,35000.0,26.408243
2220,2018-02-23,26.5516,26.2248,25.5386,25.7755,247500.0,27.346796
2221,2018-02-26,25.9389,26.1431,25.4078,25.6039,133500.0,26.320843
2222,2018-02-27,25.5712,25.7346,25.4242,25.6774,42500.0,26.31694
2223,2018-02-28,25.6529,25.7346,25.4324,25.6611,56500.0,26.10467
2224,2018-03-01,25.7346,26.9438,25.7346,26.8866,691500.0,26.302546
2225,2018-03-02,26.3147,26.7885,25.9716,26.0124,70500.0,25.615269
2226,2018-03-05,26.184,26.9601,26.184,26.7068,371000.0,26.97211
2227,2018-03-06,26.5516,26.7068,26.4781,26.5679,8500.0,26.354963
2228,2018-03-07,26.8621,27.3277,26.9601,27.295,308500.0,26.393173
2229,2018-03-08,27.1235,27.3686,26.764,26.9519,331500.0,27.038038
2230,2018-03-09,26.9601,27.1235,26.6333,26.6578,23500.0,27.103363
2231,2018-03-12,26.5516,26.7558,26.1513,26.4372,14000.0,26.509476
2232,2018-03-13,26.3065,26.4372,26.3065,26.3147,13500.0,27.641674
2233,2018-03-14,26.3065,26.3147,26.1431,26.2657,23500.0,26.68161
2234,2018-03-15,26.3474,26.3474,26.2248,26.2248,15500.0,26.664604
2235,2018-03-16,26.5516,26.5516,26.5516,26.5516,500.0,26.64773
2236,2018-03-19,26.7558,26.9438,26.715,26.7558,82500.0,26.806946
2237,2018-03-20,26.7967,27.1643,26.6415,26.8375,62500.0,26.100218
2238,2018-03-21,26.9928,27.3196,26.9601,27.2705,161000.0,27.502623
2239,2018-03-22,27.3196,27.3196,27.0009,27.0908,9500.0,26.85403
2240,2018-03-23,27.3196,27.3196,27.0009,27.0908,9500.0,26.894539
2241,2018-03-26,26.764,26.9601,26.4699,26.5516,455000.0,27.33227
2242,2018-03-27,26.3474,26.9192,26.3474,26.4862,10000.0,27.37419
2243,2018-03-28,26.5516,26.7967,26.5516,26.5516,64500.0,26.486418
2244,2018-03-29,26.8784,26.9192,26.3964,26.9029,236500.0,27.555246
2245,2018-03-30,26.8784,26.8784,26.4045,26.4045,2500.0,26.7557
2246,2018-04-02,26.3474,26.9111,26.1431,26.8375,39500.0,26.648287
2247,2018-04-03,26.7967,26.9601,26.7967,26.9601,15000.0,26.945843
2248,2018-04-04,27.0418,27.2052,26.9601,27.0826,29000.0,27.147497
2249,2018-04-05,27.2379,27.2379,27.0336,27.1643,31000.0,26.50371
2250,2018-04-06,27.0418,27.3767,27.0418,27.2134,48000.0,27.880049
2251,2018-04-09,27.5156,27.5156,26.9683,26.9683,43000.0,27.095205
2252,2018-04-10,26.9601,26.9601,26.5516,26.7558,59500.0,27.108906
2253,2018-04-11,26.6333,26.6333,26.4699,26.5516,85000.0,27.305622
2254,2018-04-12,26.8375,26.8784,26.1431,26.2657,75500.0,27.352285
2255,2018-04-13,26.4617,26.5516,26.1431,26.1758,75000.0,26.339098
2256,2018-04-16,26.1431,26.9601,25.4487,26.9274,49500.0,27.330647
2257,2018-04-17,26.4699,26.715,26.1431,26.2085,32500.0,26.595602
2258,2018-04-18,26.3882,26.4291,26.3882,26.4291,13000.0,26.512201
2259,2018-04-19,26.5516,26.6333,26.1431,26.3882,16000.0,26.706146
2260,2018-04-20,26.1431,26.6333,26.1431,26.6333,19500.0,26.867172
2261,2018-04-23,26.0287,26.6333,26.0287,26.1595,28500.0,26.146826
2262,2018-04-24,26.4699,26.666,26.1431,26.3964,84500.0,27.272392
2263,2018-04-25,26.3065,26.3882,25.8245,25.9879,171500.0,26.45742
2264,2018-04-26,26.1349,26.3065,26.0614,26.1431,156000.0,26.439777
2265,2018-04-27,26.1431,26.1431,25.5712,25.9307,86000.0,26.528498
2266,2018-04-30,26.3065,26.6333,25.8245,26.0124,36500.0,26.595387
2267,2018-05-01,26.3065,26.6333,25.8245,26.0124,36500.0,25.731949
2268,2018-05-02,26.6333,26.6333,26.1431,26.1431,4000.0,26.884306
2269,2018-05-03,25.8163,25.8163,25.8163,25.8163,1000.0,26.169186
2270,2018-05-04,25.6938,25.8163,25.5794,25.7428,8500.0,26.10362
2271,2018-05-07,25.7346,25.7346,25.7346,25.7346,6500.0,26.220636
2272,2018-05-08,26.1431,26.1431,25.5794,25.8,3000.0,26.377779
2273,2018-05-09,25.5304,25.5304,25.1628,25.318,16000.0,25.490171
2274,2018-05-10,25.9389,25.9389,25.9389,25.9389,9500.0,26.518818
2275,2018-05-11,25.3261,25.1219,24.6481,24.6481,654000.0,25.843447
2276,2018-05-14,24.6726,24.6726,23.9373,23.9781,13000.0,25.712156
2277,2018-05-15,24.0598,24.501,24.0598,24.2886,32500.0,25.306658
2278,2018-05-16,23.7739,24.4275,23.7739,24.4193,3500.0,25.40029
2279,2018-05-17,23.9046,23.9046,23.8964,23.9046,1000.0,24.242086
2280,2018-05-18,23.6922,23.6105,23.6105,23.6105,21000.0,25.041695
2281,2018-05-21,23.6105,23.6105,23.2837,23.3491,26000.0,24.30323
2282,2018-05-22,23.8964,23.8964,23.2837,23.2919,146000.0,24.283707
2283,2018-05-23,23.8964,23.8964,23.2102,23.2102,102000.0,23.945831
2284,2018-05-24,23.8147,23.8147,23.684,23.6922,8000.0,24.106716
2285,2018-05-25,23.6922,23.6922,23.6922,23.6922,1000.0,23.149836
2286,2018-05-28,23.6105,23.8883,23.6105,23.8883,172000.0,24.294975
2287,2018-05-29,23.6922,23.7249,23.4226,23.5778,279500.0,23.980597
2288,2018-05-30,23.4308,23.733,23.2837,23.733,107000.0,23.880219
2289,2018-05-31,23.5697,23.488000000000003,23.1367,23.2919,88500.0,24.02456
2290,2018-06-01,23.2837,23.2837,22.8752,22.8752,143500.0,24.252258
2291,2018-06-04,22.8752,22.8752,21.8949,21.9847,122500.0,23.166561
2292,2018-06-05,22.671,22.671,21.6498,21.6661,253000.0,23.71885
2293,2018-06-06,21.6579,22.6465,21.6498,22.3524,110500.0,22.950947
2294,2018-06-07,22.3442,23.1121,22.3442,22.8752,108000.0,22.929483
2295,2018-06-08,22.3442,23.1121,22.3442,22.8752,108000.0,22.696413
2296,2018-06-11,23.2837,24.019,23.2837,24.019,97000.0,23.01815
2297,2018-06-12,24.1007,24.1089,23.2837,23.2837,130500.0,22.629576
2298,2018-06-13,23.488000000000003,23.488000000000003,23.0795,23.0876,73000.0,24.042492
2299,2018-06-14,23.6922,23.7004,23.2837,23.6922,366000.0,23.638285
2300,2018-06-15,23.6922,23.7004,23.2837,23.6922,366000.0,23.678349
2301,2018-06-18,23.6922,23.7004,23.2837,23.6922,366000.0,23.87018
2302,2018-06-19,23.733,24.1007,23.6922,23.8883,29000.0,24.10201
2303,2018-06-20,23.488000000000003,23.8556,23.488000000000003,23.7004,2084500.0,23.382446
2304,2018-06-21,23.2919,23.6922,23.2919,23.6922,287500.0,24.557344
2305,2018-06-22,23.6922,23.6922,22.8834,23.2184,80500.0,24.078014
2306,2018-06-25,22.9733,23.2837,22.5484,22.7935,116500.0,23.976568
2307,2018-06-26,22.8752,23.9291,22.8752,23.5125,510500.0,23.692087
2308,2018-06-27,23.6922,24.6807,23.5697,24.4765,164000.0,24.007763
2309,2018-06-28,24.4275,25.2444,24.2641,25.0402,357000.0,23.282543
2310,2018-06-29,24.3131,24.9177,24.019,24.2151,854500.0,24.859798
2311,2018-07-02,24.3703,24.3703,23.2837,23.3409,72000.0,24.483568
2312,2018-07-03,23.6514,23.6922,23.6514,23.684,3000.0,24.398762
2313,2018-07-04,23.1203,23.1203,22.5076,22.7935,48500.0,24.351213
2314,2018-07-05,22.6301,23.0795,22.6301,22.9651,2500.0,24.470058
2315,2018-07-06,23.4716,23.4716,23.0795,23.0795,3000.0,23.058863
2316,2018-07-09,22.8752,22.8752,21.9439,22.0746,68500.0,23.884321
2317,2018-07-10,21.7723,22.4586,21.7723,22.4586,3000.0,23.2587
2318,2018-07-11,22.8344,22.8344,22.189,22.4667,6000.0,23.101433
2319,2018-07-12,22.5893,22.6301,22.5893,22.6301,1500.0,22.883028
2320,2018-07-13,22.7118,22.8752,22.7118,22.8752,60000.0,23.225079
2321,2018-07-16,22.8752,22.8752,22.671,22.7118,6000.0,22.30331
2322,2018-07-17,22.7118,22.8752,22.0664,22.6792,29000.0,23.457378
2323,2018-07-18,22.8752,23.2837,22.8752,23.2429,31000.0,23.133848
2324,2018-07-19,23.2429,24.3703,23.2429,23.6677,80000.0,34.55376
2325,2018-07-20,23.3654,23.6922,23.3654,23.6922,1500.0,33.133934
2326,2018-07-23,23.3654,23.6105,23.3654,23.5043,39000.0,28.43132
2327,2018-07-24,23.5697,24.2559,23.5697,23.8719,39000.0,29.436712
2328,2018-07-25,23.5697,24.2559,23.5697,23.8719,39000.0,25.73969
2329,2018-07-26,24.3049,24.501,24.3049,24.3866,21000.0,24.330761
2330,2018-07-27,24.3866,24.8768,24.3866,24.8523,24000.0,23.623129
2331,2018-07-30,25.1137,26.0941,24.1007,26.0859,222500.0,25.051874
2332,2018-07-31,25.3425,26.1349,25.3425,25.4977,153000.0,25.073837
2333,2018-08-01,25.3507,25.7346,25.3507,25.3507,20500.0,24.96843
2334,2018-08-02,25.1219,25.5304,24.9177,25.0811,399000.0,25.608347
2335,2018-08-03,24.9585,24.9585,24.5419,24.9177,23000.0,25.874199
2336,2018-08-06,24.6726,24.6726,24.5092,24.5582,38000.0,24.995693
2337,2018-08-07,24.6726,24.6726,24.5092,24.5582,38000.0,25.823208
2338,2018-08-08,24.2641,24.5909,24.2641,24.3948,17000.0,25.045834
2339,2018-08-09,24.5092,24.5092,24.3458,24.3458,35500.0,24.980116
2340,2018-08-10,24.1089,24.501,23.7494,23.8474,34000.0,24.823652
2341,2018-08-13,23.6922,23.6922,22.6628,22.6628,724000.0,24.925661
2342,2018-08-14,23.6922,23.6922,22.6628,22.6628,724000.0,23.621325
2343,2018-08-15,21.5436,23.2674,21.5354,22.0746,869500.0,24.131615
2344,2018-08-16,22.0583,22.2625,21.6498,21.7723,190500.0,23.32653
2345,2018-08-17,22.1808,22.3442,21.8949,21.9847,212000.0,23.155113
2346,2018-08-20,22.0501,22.0583,21.5681,21.8295,24000.0,22.487595
2347,2018-08-21,22.0501,22.0583,21.5681,21.8295,24000.0,22.762545
2348,2018-08-22,22.0501,22.0583,21.5681,21.8295,24000.0,21.667171
2349,2018-08-23,22.0501,22.0583,21.5681,21.8295,24000.0,22.600784
2350,2018-08-24,22.0583,22.9161,22.0583,22.5076,97000.0,22.374752
2351,2018-08-27,22.4667,22.4667,22.4586,22.4586,2000.0,22.34122
2352,2018-08-28,22.2216,22.385,22.2216,22.336,19000.0,22.475477
2353,2018-08-29,22.385,22.4667,21.6661,21.6661,39500.0,22.85581
2354,2018-08-30,21.6498,21.6988,21.2413,21.5272,45000.0,21.949083
2355,2018-08-31,21.6498,21.6498,21.4047,21.6498,46500.0,22.736425
2356,2018-09-03,21.4047,21.6498,21.4047,21.6498,7500.0,22.356857
2357,2018-09-04,21.4864,21.854,21.4864,21.6498,26000.0,22.254623
2358,2018-09-05,21.6498,21.6498,21.4864,21.6498,34000.0,21.961971
2359,2018-09-06,21.6498,21.6498,21.6089,21.6498,28500.0,22.310587
2360,2018-09-07,21.5681,21.5681,21.0615,21.2413,55500.0,21.435335
2361,2018-09-10,21.0044,21.0044,20.8328,20.8328,79500.0,22.294498
2362,2018-09-11,21.2413,21.2413,20.4243,20.7348,31500.0,21.891132
2363,2018-09-12,20.8328,20.9145,20.7103,20.7266,31500.0,21.784145
2364,2018-09-13,20.5469,21.6498,20.5469,21.2413,24000.0,21.310637
2365,2018-09-14,21.4374,21.7315,21.2576,21.5517,19000.0,21.668863
2366,2018-09-17,21.2495,21.5681,20.5142,20.7919,55000.0,20.857494
2367,2018-09-18,20.7511,21.4455,20.5142,21.2413,149000.0,21.825575
2368,2018-09-19,21.2413,21.2903,21.2413,21.2903,82000.0,21.69599
2369,2018-09-20,21.2413,21.2903,21.2413,21.2903,82000.0,21.697102
2370,2018-09-21,21.2413,21.2903,21.2413,21.2903,82000.0,21.575832
2371,2018-09-24,21.323,21.323,21.2249,21.2249,57000.0,21.870874
2372,2018-09-25,21.2249,22.0583,20.8491,21.4047,606500.0,21.065191
2373,2018-09-26,21.2413,22.0583,20.8328,21.2985,6285500.0,22.041218
2374,2018-09-27,21.3393,22.287,20.4243,21.5191,6774000.0,21.881886
2375,2018-09-28,21.2413,21.6416,20.9635,21.4047,654000.0,21.794762
2376,2018-10-01,21.2413,21.2413,21.1596,21.2413,38000.0,21.715681
2377,2018-10-02,21.2413,21.2413,20.8328,21.2004,26500.0,22.07004
2378,2018-10-03,21.2413,21.2413,20.6694,20.939,33000.0,21.118193
2379,2018-10-04,20.9145,21.037,20.4652,20.8328,38500.0,21.944092
2380,2018-10-05,20.4325,20.4652,19.7952,19.8524,89500.0,21.65892
2381,2018-10-08,19.6155,20.024,18.8639,19.2152,70000.0,21.421738
2382,2018-10-09,19.6073,19.6073,19.1989,19.3132,14500.0,20.60786
2383,2018-10-10,19.1989,19.1989,19.1989,19.1989,68500.0,20.736052
2384,2018-10-11,19.2479,20.0158,19.2479,19.926,2082500.0,19.416014
2385,2018-10-12,19.7707,19.9341,19.689,19.7381,10500.0,20.168777
2386,2018-10-15,19.7381,19.7381,19.1989,19.2397,14500.0,20.267998
2387,2018-10-16,19.2315,20.0158,19.2315,19.9913,68000.0,20.03965
2388,2018-10-17,20.4526,20.9748,19.9304,20.9313,38000.0,19.987694
2389,2018-10-18,21.2359,21.2359,20.8877,20.9835,14500.0,20.701008
2390,2018-10-19,21.3229,22.0279,21.3229,21.3403,71000.0,20.11393
2391,2018-10-22,21.4099,22.4021,21.4099,21.8364,143000.0,21.4621
2392,2018-10-23,21.9757,22.1497,20.8877,21.3229,29500.0,21.744024
2393,2018-10-24,21.7581,22.3847,21.7581,22.3847,108000.0,21.697182
2394,2018-10-25,22.846,23.2811,22.6284,23.0636,42000.0,21.97466
2395,2018-10-26,23.2376,23.4117,23.0636,23.0636,32000.0,22.659056
2396,2018-10-29,23.4987,24.195,23.1245,24.1079,40000.0,22.221737
2397,2018-10-30,24.0992,24.1515,23.1245,23.4987,62500.0,23.842733
2398,2018-10-31,23.1158,23.4987,22.9417,23.4117,112000.0,23.746845
2399,2018-11-01,23.4117,24.1515,23.0636,23.4726,88000.0,23.713707
2400,2018-11-02,23.9165,24.0644,23.8904,23.9426,32500.0,23.81773
2401,2018-11-05,24.1515,24.1515,23.2898,23.873,700000.0,24.311722
2402,2018-11-06,23.9339,24.369,23.4987,24.2994,88000.0,23.404074
2403,2018-11-07,24.369,25.5005,24.369,25.396,202000.0,24.705894
2404,2018-11-08,24.6824,25.0218,24.3777,25.0218,20500.0,24.646194
2405,2018-11-09,25.1958,25.8921,24.8042,25.0044,60000.0,24.617695
2406,2018-11-12,24.4561,25.2394,24.4561,25.2394,36000.0,25.108004
2407,2018-11-13,25.4569,25.4569,24.4561,24.8216,102000.0,25.502638
2408,2018-11-14,24.8042,25.1088,24.8042,25.0653,92000.0,24.771515
2409,2018-11-15,24.4561,25.0218,24.4561,24.8216,116000.0,25.866236
2410,2018-11-16,25.222,25.222,24.9783,24.9783,34000.0,25.195576
2411,2018-11-19,24.9783,25.0218,24.369,24.9522,83000.0,25.20445
2412,2018-11-20,24.8042,25.0218,24.8042,24.9957,22500.0,25.23577
2413,2018-11-21,24.8042,25.0218,24.8042,24.9957,22500.0,25.505915
2414,2018-11-22,25.0218,25.0218,24.8042,24.8042,16000.0,24.65341
2415,2018-11-23,24.8042,25.1523,24.8042,24.8042,20500.0,25.780764
2416,2018-11-26,24.8042,24.9783,24.8042,24.8042,157000.0,25.11951
2417,2018-11-27,24.8477,25.6658,24.8477,25.2394,80500.0,25.104704
2418,2018-11-28,25.2481,25.3699,25.2394,25.2394,37500.0,25.248312
2419,2018-11-29,25.2394,25.2481,25.2394,25.2481,30000.0,25.512478
2420,2018-11-30,24.8042,25.6745,24.5866,24.8477,219000.0,24.799637
2421,2018-12-03,24.369,24.369,23.6119,23.6467,279500.0,25.944622
2422,2018-12-04,24.2646,24.2646,23.7598,23.873,7000.0,24.945616
2423,2018-12-05,23.5248,23.5248,23.4987,23.4987,36000.0,24.948452
2424,2018-12-06,23.4987,23.4987,23.4117,23.4987,51000.0,24.401957
2425,2018-12-07,23.4987,23.4987,23.3247,23.3247,12500.0,24.509466
2426,2018-12-10,23.2376,23.4552,23.0636,23.1767,45000.0,23.277617
2427,2018-12-11,23.1767,23.1767,22.6458,22.8634,9000.0,24.203505
2428,2018-12-12,22.6284,22.6284,22.4543,22.4978,38500.0,23.60626
2429,2018-12-13,22.2803,22.2803,22.0192,22.1149,35500.0,23.501522
2430,2018-12-14,22.1932,22.2803,21.8016,21.9408,16500.0,23.022776
2431,2018-12-17,22.1062,22.1062,21.4099,21.6362,86500.0,23.188465
2432,2018-12-18,21.7494,21.7581,21.4099,21.4099,66500.0,21.909445
2433,2018-12-19,21.4099,21.4099,21.1924,21.3229,62000.0,22.557009
2434,2018-12-20,21.3229,21.732,21.3229,21.5144,75500.0,22.148056
2435,2018-12-21,21.3229,21.3403,20.9313,21.2359,120000.0,22.056034
2436,2018-12-24,21.2359,21.3229,20.8965,20.8965,57500.0,21.739525
2437,2018-12-25,21.2359,21.3229,20.8965,20.8965,57500.0,21.972887
2438,2018-12-26,21.3142,21.9321,21.3142,21.8277,258500.0,20.936562
2439,2018-12-27,21.7581,22.9156,21.7581,22.2977,300500.0,21.981249
2440,2018-12-28,22.1932,23.3072,21.1924,22.463,430500.0,22.113962
2441,2018-12-31,22.5414,23.5857,22.5414,23.5857,340000.0,21.967184
2442,2019-01-01,22.5414,23.5857,22.5414,23.5857,340000.0,22.700657
2443,2019-01-02,22.846,22.9765,22.846,22.933000000000003,11000.0,23.385159
2444,2019-01-03,22.933000000000003,24.0731,22.2803,23.0636,99500.0,22.82609
2445,2019-01-04,23.0636,23.7163,22.846,23.5074,63500.0,23.945107
2446,2019-01-07,23.4987,23.9339,23.1506,23.6989,30500.0,23.696898
2447,2019-01-08,23.9252,23.9252,23.1941,23.2289,14500.0,23.658867
2448,2019-01-09,23.1593,23.1593,22.846,22.8634,16500.0,23.637102
2449,2019-01-10,22.8895,22.8895,22.6284,22.6284,54500.0,23.886766
2450,2019-01-11,22.4543,22.4543,22.1932,22.3238,32000.0,22.869926
2451,2019-01-14,22.1932,22.4543,22.1932,22.4108,22500.0,23.57764
2452,2019-01-15,22.2803,22.6197,22.2803,22.5762,36000.0,23.059952
2453,2019-01-16,22.7154,22.846,22.7154,22.7589,25500.0,22.969328
2454,2019-01-17,22.6719,22.6719,22.1932,22.4195,29000.0,22.878633
2455,2019-01-18,22.6284,22.6284,22.5501,22.5501,6500.0,23.156033
2456,2019-01-21,22.4717,22.6284,22.4543,22.6284,46000.0,22.309032
2457,2019-01-22,22.6284,22.6284,22.3673,22.376,114500.0,23.347908
2458,2019-01-23,22.3238,22.3238,21.7581,21.7755,137000.0,22.99505
2459,2019-01-24,21.9321,22.1932,21.9321,22.1932,16000.0,22.797125
2460,2019-01-25,22.1932,22.1932,21.7581,21.8625,24000.0,22.576696
2461,2019-01-28,21.8016,21.8103,21.5405,21.7494,41000.0,22.85885
2462,2019-01-29,21.5405,22.5849,21.5405,22.1584,51000.0,21.744993
2463,2019-01-30,22.1497,22.1932,21.8016,21.906,130000.0,22.700659
2464,2019-01-31,21.8538,22.6284,21.8538,22.5936,128000.0,22.489986
2465,2019-02-01,22.6284,22.8025,22.6284,22.6371,20500.0,22.418312
2466,2019-02-04,22.6284,22.8025,22.3586,22.8025,64500.0,22.596144
2467,2019-02-05,22.6284,22.8025,22.3586,22.8025,64500.0,23.078909
2468,2019-02-06,22.2367,22.7067,22.228,22.6632,3000.0,22.36616
2469,2019-02-07,22.5849,22.5849,22.5849,22.5849,36000.0,23.50166
2470,2019-02-08,22.6284,22.6284,22.6284,22.6284,1000.0,23.131128
2471,2019-02-11,22.6197,22.6284,22.1932,22.1932,4500.0,23.086754
2472,2019-02-12,22.2803,22.8373,22.1932,22.524,15000.0,22.860054
2473,2019-02-13,22.0279,22.0279,21.497,21.7581,736500.0,23.173689
2474,2019-02-14,21.497,21.9757,21.497,21.5927,104000.0,22.080694
2475,2019-02-15,21.4099,22.1932,21.4099,22.1932,2000.0,22.797272
2476,2019-02-18,21.4099,22.4543,21.4099,22.3064,5500.0,22.512522
2477,2019-02-19,22.3151,22.3151,22.3151,22.3151,500.0,22.495378
2478,2019-02-20,21.7581,21.9408,21.584,21.7146,46000.0,22.413534
2479,2019-02-21,21.5405,21.5405,21.4535,21.4535,42000.0,22.688026
2480,2019-02-22,21.3229,21.9757,21.3229,21.9757,64500.0,21.736713
2481,2019-02-25,21.4099,21.4099,20.8877,21.0009,15500.0,22.607311
2482,2019-02-26,21.0183,21.0183,20.8877,20.8877,33500.0,22.168407
2483,2019-02-27,20.5396,20.705,19.8434,20.6876,76500.0,21.946575
2484,2019-02-28,20.4526,20.6092,19.7998,20.6092,54500.0,21.455889
2485,2019-03-01,20.5918,21.1053,20.5918,21.1053,3500.0,21.75818
2486,2019-03-04,21.3229,21.7581,21.3229,21.5405,2500.0,20.645647
2487,2019-03-05,21.0009,21.7581,20.9922,21.7581,46500.0,21.755766
2488,2019-03-06,21.9757,21.9757,21.7494,21.7581,36000.0,21.839077
2489,2019-03-07,21.5405,21.5405,21.3229,21.3229,34500.0,21.714956
2490,2019-03-08,21.2359,21.2359,20.7137,20.8877,6500.0,21.842173
2491,2019-03-11,21.2359,21.2359,20.7137,20.8877,6500.0,22.137617
2492,2019-03-12,20.7137,20.8877,20.6702,20.7659,27500.0,21.051933
2493,2019-03-13,20.4961,20.557,20.4961,20.5396,11500.0,21.741993
2494,2019-03-14,20.4526,21.1053,20.4526,21.0531,62500.0,21.435226
2495,2019-03-15,20.8877,21.0966,20.8877,20.8965,73000.0,21.322552
2496,2019-03-18,20.7137,21.0879,20.7137,20.8877,564000.0,21.180807
2497,2019-03-19,21.3229,21.7581,20.8877,21.0183,137000.0,21.539648
2498,2019-03-20,20.9748,21.7581,20.8877,20.9835,403000.0,20.70366
2499,2019-03-21,20.8965,21.671,20.8877,21.0183,616000.0,21.69881
2500,2019-03-22,20.9313,21.1053,20.879,20.9487,100500.0,21.573803
2501,2019-03-25,20.8965,21.9757,20.879,21.1488,1716000.0,21.454174
2502,2019-03-26,21.3229,21.7581,21.5405,21.7581,30000.0,21.366085
2503,2019-03-27,21.7581,21.9757,21.4535,21.7581,19000.0,21.869745
2504,2019-03-28,21.3229,21.7581,20.9313,21.497,35500.0,21.179457
2505,2019-03-29,21.7581,21.9757,21.7581,21.9757,14500.0,22.268778
2506,2019-04-01,21.5405,21.5405,21.3229,21.3229,15000.0,22.202852
2507,2019-04-02,21.9669,21.9669,21.671,21.8277,10000.0,22.128511
2508,2019-04-03,21.584,21.9757,21.584,21.7581,85000.0,22.002462
2509,2019-04-04,21.6275,21.6275,21.5492,21.5927,4500.0,22.36405
2510,2019-04-05,21.7581,21.7581,21.7581,21.7581,1500.0,21.479124
2511,2019-04-08,21.5405,21.7581,20.6702,20.9139,121000.0,22.427006
2512,2019-04-09,20.6354,20.6354,20.0174,20.0522,385500.0,22.06253
2513,2019-04-10,20.0522,20.8877,19.1471,20.0,181000.0,21.834648
2514,2019-04-11,20.0174,20.148,19.0079,19.3473,39500.0,21.057304
2515,2019-04-12,19.2341,20.3133,18.9295,20.2176,118500.0,21.145563
2516,2019-04-15,20.4526,21.2098,20.3743,20.5309,92500.0,19.854355
2517,2019-04-16,21.0966,21.4535,20.6789,20.6789,7000.0,20.762373
2518,2019-04-17,21.2359,21.2359,20.0,20.0,47000.0,20.92038
2519,2019-04-18,19.7998,20.8703,19.7998,20.7485,5000.0,20.626125
2520,2019-04-19,20.8877,21.7581,20.6702,21.1488,8500.0,20.785645
2521,2019-04-22,21.3229,22.141,20.8877,21.0531,34500.0,21.343487
2522,2019-04-23,20.8877,20.8877,20.0174,20.1219,30000.0,20.592045
2523,2019-04-24,20.0174,20.0609,19.7998,20.0174,21500.0,21.412678
2524,2019-04-25,20.3917,20.8703,19.8521,20.0087,38000.0,21.141773
2525,2019-04-26,20.235,21.0009,20.235,21.0009,64000.0,21.098349
2526,2019-04-29,22.0453,22.0453,21.5405,21.5405,67000.0,20.78917
2527,2019-04-30,21.4099,21.5318,21.1053,21.4709,8000.0,21.264536
2528,2019-05-01,21.4099,21.5318,21.1053,21.4709,8000.0,20.745506
2529,2019-05-02,21.7581,21.7581,20.6267,20.705,25000.0,22.00692
2530,2019-05-03,20.47,20.8877,20.4526,20.7137,52000.0,21.788023
2531,2019-05-06,20.5483,20.5483,20.0174,20.0174,55000.0,21.740479
2532,2019-05-07,20.4091,20.4091,20.148,20.148,1000.0,21.111118
2533,2019-05-08,20.0174,20.0174,19.1471,19.4952,30000.0,21.327866
2534,2019-05-09,19.7998,20.235,19.7998,20.235,3000.0,19.98187
2535,2019-05-10,20.4439,21.1488,20.0174,20.2611,66000.0,20.733538
2536,2019-05-13,20.0174,20.879,20.0174,20.0435,213000.0,20.739502
2537,2019-05-14,20.1915,21.0357,20.1915,20.879,30000.0,20.5676
2538,2019-05-15,21.1053,21.9147,20.8877,21.7494,194500.0,20.591902
2539,2019-05-16,22.1932,22.8286,20.6702,22.7241,205500.0,21.350811
2540,2019-05-17,22.5762,23.8207,21.5927,21.6971,139500.0,21.086975
2541,2019-05-20,22.1932,22.5762,21.3229,21.8277,108500.0,22.461334
2542,2019-05-21,22.1932,22.6284,21.3229,22.2455,297000.0,22.334072
2543,2019-05-22,22.6284,23.1506,22.2803,22.7763,131000.0,22.453
2544,2019-05-23,22.8895,23.4987,22.8895,23.49,128000.0,22.609348
2545,2019-05-24,22.9463,23.2688,22.5777,23.103,13500.0,23.051931
2546,2019-05-27,22.8081,22.9463,22.5777,22.9463,20500.0,22.566572
2547,2019-05-28,22.5869,23.02,22.1169,22.1169,23500.0,23.802216
2548,2019-05-29,22.5777,22.6698,22.5777,22.6238,37000.0,23.236544
2549,2019-05-30,22.8081,23.0385,22.4855,22.5777,25500.0,23.311901
2550,2019-05-31,22.8081,23.0385,22.4855,22.5777,25500.0,22.957357
2551,2019-06-03,22.7159,22.7989,22.7159,22.7989,16000.0,23.244242
2552,2019-06-04,22.7159,22.7989,22.7159,22.7989,16000.0,22.330385
2553,2019-06-05,22.7159,22.7989,22.7159,22.7989,16000.0,23.479343
2554,2019-06-06,22.7159,22.7989,22.7159,22.7989,16000.0,23.179302
2555,2019-06-07,22.7159,22.7989,22.7159,22.7989,16000.0,23.10542
2556,2019-06-10,22.3934,22.4395,22.3934,22.4395,1000.0,23.116846
2557,2019-06-11,22.4395,22.4395,21.8958,21.8958,37000.0,23.38022
2558,2019-06-12,22.1169,22.1169,22.1169,22.1169,6000.0,22.275015
2559,2019-06-13,22.1169,22.1169,22.1169,22.1169,5000.0,23.058706
2560,2019-06-14,21.6562,21.6562,21.1954,21.2783,7000.0,22.708324
2561,2019-06-17,21.1954,21.1954,21.1954,21.1954,5500.0,22.471607
2562,2019-06-18,21.1954,21.1954,21.1954,21.1954,500.0,21.977608
2563,2019-06-19,21.1954,21.6469,21.0111,21.5548,71500.0,22.276217
2564,2019-06-20,21.8312,22.6238,21.564,22.3012,76500.0,21.209501
2565,2019-06-21,22.3473,23.361,22.163,22.8542,66500.0,22.33158
2566,2019-06-24,23.0385,23.9969,22.5777,23.2136,288000.0,22.509266
2567,2019-06-25,23.2688,24.3655,23.1306,24.3194,181000.0,22.446438
2568,2019-06-26,23.96,25.5266,23.6835,24.9921,571500.0,23.346478
2569,2019-06-27,25.5727,25.7939,24.9,25.4898,1069000.0,24.108086
2570,2019-06-28,24.8908,26.2546,24.8815,25.3792,790500.0,24.085112
2571,2019-07-01,25.158,26.6417,25.158,26.2362,61000.0,25.80137
2572,2019-07-02,25.8031,25.8031,24.9829,25.3607,16500.0,25.613071
2573,2019-07-03,25.6096,26.2638,25.5727,26.0795,259500.0,25.593151
2574,2019-07-04,26.2638,26.2638,25.3423,25.3423,117500.0,26.038483
2575,2019-07-05,26.0335,26.4942,24.8815,24.8815,37000.0,26.180037
2576,2019-07-08,24.8815,24.8815,24.8815,24.8815,1000.0,25.210077
2577,2019-07-09,24.8815,24.8815,23.96,24.4208,12500.0,26.0474
2578,2019-07-10,24.6512,24.6512,24.4208,24.4208,3000.0,25.203957
2579,2019-07-11,23.5084,23.5084,23.3149,23.4992,2000.0,25.084236
2580,2019-07-12,23.2688,23.2688,22.3289,22.8726,14500.0,24.632181
2581,2019-07-15,22.9463,23.0292,22.9463,22.974,2000.0,24.629734
2582,2019-07-16,22.6238,23.5914,22.5777,23.2965,251500.0,23.248262
2583,2019-07-17,22.6698,22.6698,22.5777,22.5777,3000.0,24.046879
2584,2019-07-18,22.6698,22.6698,22.5777,22.5777,3000.0,23.42542
2585,2019-07-19,22.3934,22.5777,22.3934,22.5316,1500.0,23.254799
2586,2019-07-22,22.3473,22.762,22.3012,22.762,2000.0,23.060034
2587,2019-07-23,22.3473,22.762,22.3012,22.762,2000.0,23.418852
2588,2019-07-24,23.02,23.02,22.1169,22.1169,72000.0,22.412638
2589,2019-07-25,23.02,23.02,22.1169,22.1169,72000.0,23.322044
2590,2019-07-26,23.02,23.02,22.1169,22.1169,72000.0,22.858456
2591,2019-07-29,21.9326,21.9326,21.4258,21.4258,2000.0,22.833298
2592,2019-07-30,21.2875,21.2875,21.2875,21.2875,16500.0,22.362326
2593,2019-07-31,21.2875,21.2875,21.2875,21.2875,10000.0,22.48828
2594,2019-08-01,21.2875,21.2875,21.2875,21.2875,10000.0,21.364422
2595,2019-08-02,21.2875,21.2875,21.2875,21.2875,10000.0,22.135784
2596,2019-08-05,21.2875,22.3473,21.1954,22.1999,103500.0,21.878094
2597,2019-08-06,21.2875,22.3473,21.1954,22.1999,103500.0,21.862192
2598,2019-08-07,21.435,22.1999,21.435,22.1999,2500.0,22.065622
2599,2019-08-08,21.435,21.435,21.435,21.435,500.0,22.509035
2600,2019-08-09,21.4718,22.0985,21.1954,21.223000000000003,24000.0,21.687561
2601,2019-08-12,21.4718,22.0985,21.1954,21.223000000000003,24000.0,22.490242
2602,2019-08-13,21.4718,22.0985,21.1954,21.223000000000003,24000.0,22.089548
2603,2019-08-14,21.4718,22.0985,21.1954,21.223000000000003,24000.0,21.99693
2604,2019-08-15,21.4718,22.0985,21.1954,21.223000000000003,24000.0,21.589159
2605,2019-08-16,20.7346,20.7346,20.5042,20.5042,1000.0,21.922543
2606,2019-08-19,20.7346,20.7346,20.5042,20.5042,1000.0,20.87048
2607,2019-08-20,20.5503,21.5271,20.5134,21.5271,7000.0,21.568722
2608,2019-08-21,20.5503,21.5271,21.5271,21.5271,1500.0,21.582571
2609,2019-08-22,21.8865,22.0708,21.3336,21.905,3500.0,21.487667
2610,2019-08-23,21.1954,21.8773,21.1954,21.3613,3000.0,21.63676
2611,2019-08-26,21.1954,21.8773,21.1954,21.3613,3000.0,22.045473
2612,2019-08-27,21.1954,21.8773,21.1954,21.3613,3000.0,21.322218
2613,2019-08-28,21.3613,21.3613,20.3015,20.3015,50.0,22.200237
2614,2019-08-29,20.3015,20.3015,20.2738,20.2738,2000.0,21.734306
2615,2019-08-30,19.9144,19.9329,19.4445,19.4445,10000.0,21.536144
2616,2019-09-02,19.8131,19.8131,18.4768,19.0021,33500.0,20.75377
2617,2019-09-03,19.8039,19.9513,19.8039,19.8131,29000.0,20.79883
2618,2019-09-04,19.8039,19.9513,19.8039,19.8131,1.0,19.519655
2619,2019-09-05,19.8131,20.2738,19.8131,20.2738,10500.0,20.325718
2620,2019-09-06,20.5042,20.5042,20.5042,20.5042,500.0,20.461145
2621,2019-09-09,20.5042,20.5042,20.5042,20.5042,500.0,20.300957
2622,2019-09-10,20.5042,20.5042,20.5042,20.5042,500.0,20.588663
2623,2019-09-11,20.2278,20.2278,20.2278,20.2278,500.0,21.030117
2624,2019-09-12,20.6885,20.6885,20.2738,20.4305,86000.0,20.23105
2625,2019-09-13,20.7346,20.7346,20.5042,20.7346,97500.0,21.125006
2626,2019-09-16,20.6425,20.8728,20.5503,20.7807,4500.0,21.137566
2627,2019-09-17,20.7346,20.7346,20.7346,20.7346,500.0,21.014656
2628,2019-09-18,20.965,21.6377,19.7025,20.2738,55.0,20.959986
2629,2019-09-19,20.2278,20.965,19.8131,20.6701,25000.0,21.299183
2630,2019-09-20,20.965,20.965,20.2831,20.2831,2000.0,20.4272
2631,2019-09-23,20.4582,20.4582,20.2738,20.2738,8500.0,21.226284
2632,2019-09-24,19.9144,19.9144,19.3523,19.8131,142000.0,21.060144
2633,2019-09-25,19.4905,19.8131,19.4905,19.8131,29000.0,20.834803
2634,2019-09-26,19.8131,19.9052,19.8131,19.8131,10000.0,20.458994
2635,2019-09-27,19.8131,20.7991,19.8131,20.6793,54500.0,20.722235
2636,2019-09-30,20.2831,21.6562,20.2831,21.4903,85500.0,19.89823
2637,2019-10-01,20.965,20.965,20.6425,20.7254,12500.0,21.194496
2638,2019-10-02,20.965,20.965,20.6425,20.7254,312.0,21.278854
2639,2019-10-03,20.7346,20.7346,20.7346,20.7346,5000.0,21.127377
2640,2019-10-04,20.2831,20.2831,19.8131,20.2738,53500.0,21.183115
2641,2019-10-07,20.5042,21.2875,20.5042,20.8268,52000.0,21.519152
2642,2019-10-08,21.4258,21.4258,20.9281,21.0203,6000.0,20.450369
2643,2019-10-09,21.4258,21.4258,20.9281,21.0203,6000.0,21.454645
2644,2019-10-10,21.6285,21.6285,21.3797,21.3797,1000.0,21.446486
2645,2019-10-11,21.6562,21.8405,21.4258,21.4534,7000.0,21.30938
2646,2019-10-14,21.6562,21.8405,21.4258,21.4534,7000.0,21.52091
2647,2019-10-15,21.4534,21.4534,21.4534,21.4534,51.0,21.962618
2648,2019-10-16,21.0111,21.0111,20.7346,20.8176,3000.0,21.173346
2649,2019-10-17,21.0111,20.8176,20.8176,20.8176,1000.0,22.026764
2650,2019-10-18,21.1493,21.1954,21.1493,21.1493,3000.0,21.702156
2651,2019-10-21,20.5042,20.7346,20.5042,20.7346,86000.0,21.65507
2652,2019-10-22,20.2831,20.2831,20.2738,20.2738,50000.0,21.309729
2653,2019-10-23,20.2831,20.2831,20.2738,20.2738,50000.0,21.463217
2654,2019-10-24,20.2738,21.1862,20.2738,21.1862,2.0,20.416681
2655,2019-10-25,21.1954,21.1954,20.4121,20.4582,14500.0,21.382153
2656,2019-10-28,20.965,20.965,20.366,20.366,164500.0,21.255203
2657,2019-10-29,20.965,20.965,20.366,20.366,164500.0,21.021278
2658,2019-10-30,20.7346,20.7346,20.7346,20.7346,500.0,20.845495
2659,2019-10-31,20.7346,20.7346,20.7346,20.7346,1.0,21.351398
2660,2019-11-01,20.7346,20.7346,20.7346,20.7346,1.0,20.368654
2661,2019-11-04,20.9097,21.1401,20.7346,21.1401,38000.0,21.36685
2662,2019-11-05,20.3844,20.7346,20.2738,20.3752,106000.0,21.40863
2663,2019-11-06,20.9558,21.3889,20.9466,21.2875,65000.0,21.258244
2664,2019-11-07,21.1954,21.2046,21.1954,21.1954,35000.0,21.208334
2665,2019-11-08,20.7346,21.1954,20.4582,21.1954,17500.0,21.662075
2666,2019-11-11,21.1954,22.2552,21.1954,22.2552,52500.0,20.87242
2667,2019-11-12,23.3149,23.361,23.0385,23.2043,216500.0,22.132725
2668,2019-11-13,23.2043,23.2228,23.1306,23.2043,7500.0,22.535675
2669,2019-11-14,23.0845,23.2136,22.1169,23.0385,18000.0,22.415262
2670,2019-11-15,22.8081,22.8081,22.3565,22.5777,14000.0,23.024168
2671,2019-11-18,23.0385,23.6375,23.0385,23.6098,104000.0,23.479555
2672,2019-11-19,23.96,24.7894,23.96,24.7433,143500.0,22.847181
2673,2019-11-20,24.8631,24.8631,24.6051,24.8262,12000.0,24.349983
2674,2019-11-21,24.8631,24.8631,24.6051,24.8262,3.0,24.33464
2675,2019-11-22,24.1996,26.0611,23.5914,25.3515,252500.0,24.184486
2676,2019-11-25,25.3423,26.2638,25.1119,25.1119,46000.0,25.073057
2677,2019-11-26,25.3331,25.3331,24.4208,24.8815,9000.0,25.506716
2678,2019-11-27,24.4208,24.8723,24.4208,24.8723,50.0,24.720064
2679,2019-11-28,24.8355,25.1119,24.4392,25.1119,11500.0,25.833479
2680,2019-11-29,24.4668,25.2962,24.4668,25.1119,162.0,25.257893
2681,2019-12-02,24.6051,25.1119,24.6051,24.8908,101.0,25.206028
2682,2019-12-03,24.5129,24.5129,23.9692,24.0706,45500.0,25.285696
2683,2019-12-04,24.4208,25.2686,24.4208,25.2502,59000.0,25.364155
2684,2019-12-05,25.5727,26.5127,25.5727,26.2638,33500.0,24.531982
2685,2019-12-06,26.7246,27.5724,24.9737,27.4066,69500.0,26.034235
2686,2019-12-09,27.6001,28.6598,27.1393,28.0608,194000.0,26.029274
2687,2019-12-10,27.6462,29.3049,27.4618,28.5216,362000.0,25.963005
2688,2019-12-11,27.9226,29.8394,27.1393,29.1575,360000.0,27.64786
2689,2019-12-12,28.8442,29.1206,28.3373,28.5769,74000.0,28.11267
2690,2019-12-13,28.3097,28.3373,27.6462,27.6738,27000.0,28.077751
2691,2019-12-16,27.6462,27.7291,27.4158,27.7291,2000.0,29.361103
2692,2019-12-17,27.1854,27.554,26.7246,27.554,5500.0,28.046375
2693,2019-12-18,27.1854,27.1854,26.1809,26.7246,125500.0,28.248749
2694,2019-12-19,26.0335,26.0335,25.1396,25.158,118500.0,27.83726
2695,2019-12-20,24.4668,24.6512,23.9047,24.43,230000.0,27.414402
2696,2019-12-23,23.96,24.1443,23.4992,24.1443,13000.0,25.780785
2697,2019-12-24,23.5453,24.8631,23.5453,24.5866,30500.0,25.994606
2698,2019-12-25,23.5453,24.8631,23.5453,24.5866,30500.0,25.045826
2699,2019-12-26,24.6051,25.1119,23.96,25.029,149000.0,24.84854
2700,2019-12-27,24.8815,24.8815,24.4208,24.4208,5500.0,24.911701
2701,2019-12-30,24.8815,25.5727,24.6512,25.2041,49000.0,25.10776
2702,2019-12-31,24.8815,25.1119,24.6512,25.1119,5500.0,24.479567
2703,2020-01-01,25.3423,25.7939,25.3423,25.5727,1500.0,25.76259
2704,2020-01-02,25.8031,26.2638,25.8031,25.8031,41000.0,25.353622
2705,2020-01-03,25.5727,25.5727,25.2502,25.3423,4500.0,25.288136
2706,2020-01-06,25.1119,25.2502,24.1904,25.1119,25500.0,25.740925
2707,2020-01-07,24.8815,24.8815,24.8815,24.8815,10500.0,25.889446
2708,2020-01-08,24.4668,24.4668,23.96,23.96,13500.0,24.976606
2709,2020-01-09,24.5129,24.8815,24.1904,24.3102,31500.0,25.692656
2710,2020-01-10,24.8815,25.1119,24.8815,24.8815,78500.0,24.836329
2711,2020-01-13,25.1119,25.3423,25.1119,25.2409,2000.0,24.889069
2712,2020-01-14,24.8723,24.8815,24.6972,24.6972,13000.0,25.019985
2713,2020-01-15,24.6512,24.6512,24.6512,24.6512,3000.0,25.156704
2714,2020-01-16,24.4208,24.43,24.4208,24.4208,4500.0,24.485151
2715,2020-01-17,24.4208,24.4208,24.2365,24.4208,4500.0,25.54293
2716,2020-01-20,24.2365,24.2365,23.5084,23.702,49000.0,24.873873
2717,2020-01-21,24.4208,25.0013,24.3378,24.4208,122000.0,24.697723
2718,2020-01-22,24.559,24.559,23.96,23.96,7000.0,24.590723
2719,2020-01-23,24.0522,24.2825,23.96,24.2825,82500.0,24.79038
2720,2020-01-24,24.4208,24.5129,24.4208,24.5129,1500.0,23.869633
2721,2020-01-27,24.1904,24.8815,24.1904,24.8631,11000.0,25.052183
2722,2020-01-28,24.1904,24.4668,23.96,24.3286,7500.0,24.752314
2723,2020-01-29,24.3286,24.3286,24.3286,24.3286,10000.0,24.585962
2724,2020-01-30,24.3286,24.3286,23.96,24.3286,18000.0,24.761768
2725,2020-01-31,24.6051,24.6051,23.9692,23.9692,1500.0,25.042984
2726,2020-02-03,23.7296,23.9508,23.3702,23.3702,114000.0,24.034544
2727,2020-02-04,23.3241,23.4992,23.3149,23.4992,1500.0,24.796825
2728,2020-02-05,23.3241,23.4992,23.3149,23.4992,1500.0,24.123323
2729,2020-02-06,23.4992,23.4992,23.4992,23.4992,2000.0,24.100704
2730,2020-02-07,23.1306,23.1306,23.1306,23.1306,500.0,23.861084
2731,2020-02-10,23.0477,23.0477,22.9463,22.9555,11000.0,24.021078
2732,2020-02-11,23.0385,23.2688,22.9463,23.0385,31000.0,23.02757
2733,2020-02-12,22.8081,22.8542,22.5777,22.6698,43000.0,23.937325
2734,2020-02-13,22.3473,23.0385,22.1169,22.9187,92500.0,23.417555
2735,2020-02-14,22.9187,23.0385,22.8542,23.0385,60500.0,23.322422
2736,2020-02-17,22.9187,23.0385,22.8542,23.0385,60500.0,23.242937
2737,2020-02-18,23.0292,23.0292,23.0292,23.0292,500.0,23.590242
2738,2020-02-19,22.8542,22.8542,22.1169,22.4855,31500.0,22.714338
2739,2020-02-20,22.7528,23.0385,22.7528,23.0385,27000.0,23.667122
2740,2020-02-21,23.0385,23.0385,23.0292,23.0385,13500.0,23.318438
2741,2020-02-24,22.974,22.974,22.8542,22.8542,2500.0,23.278366
2742,2020-02-25,22.8081,22.8081,22.5777,22.5777,6000.0,23.218367
2743,2020-02-26,22.9832,23.0385,22.6238,22.6238,12000.0,23.432852
2744,2020-02-27,22.9463,22.9463,21.1585,21.9787,28000.0,22.544863
2745,2020-02-28,22.0708,22.0708,21.9787,21.9787,2500.0,23.299133
2746,2020-03-02,22.1169,23.4992,21.7483,23.1306,10000.0,22.785091
2747,2020-03-03,23.4992,23.5914,22.7159,23.0569,54500.0,22.827526
2748,2020-03-04,23.5176,23.5176,21.9818,22.0682,36000.0,22.946457
2749,2020-03-05,21.5978,22.0778,21.5978,22.0778,3000.0,23.099394
2750,2020-03-06,22.0778,22.0778,22.0778,22.0778,500.0,22.224691
2751,2020-03-09,21.3579,21.3579,20.6379,20.6571,51000.0,23.088806
2752,2020-03-10,20.7339,20.7339,20.6667,20.6667,1500.0,22.34858
2753,2020-03-11,20.6667,21.1179,20.158,20.7819,11500.0,22.11137
2754,2020-03-12,20.6379,20.6379,20.398,20.398,10500.0,21.473356
2755,2020-03-13,21.1179,21.1179,19.7068,19.7068,3000.0,21.66345
2756,2020-03-16,19.486,19.486,18.2382,18.3438,21500.0,20.236898
2757,2020-03-17,18.9581,18.9581,17.7582,17.7582,93500.0,20.47729
2758,2020-03-18,17.2879,17.2879,16.4336,16.4624,17500.0,19.835297
2759,2020-03-19,15.2337,15.7424,15.2337,15.2721,242500.0,19.466187
2760,2020-03-20,15.2625,16.4144,15.2625,16.4144,67500.0,17.62586
2761,2020-03-23,15.2625,16.4144,15.2625,16.4144,67500.0,17.482382
2762,2020-03-24,15.8384,17.5662,15.8384,16.3184,12500.0,16.281948
2763,2020-03-25,17.5182,17.5374,16.3088,16.3088,11000.0,16.833088
2764,2020-03-26,16.5583,17.5182,16.5583,17.4798,66500.0,17.120884
2765,2020-03-27,17.2783,18.7853,17.2783,18.6509,48000.0,17.115757
2766,2020-03-30,18.2382,20.0428,17.9982,20.014,378500.0,17.593882
2767,2020-03-31,20.158,21.4922,20.062,21.2715,303000.0,18.515766
2768,2020-04-01,21.1179,21.5978,21.1179,21.3195,28000.0,18.926483
2769,2020-04-02,21.0699,21.1275,20.8779,21.0987,13500.0,20.937159
2770,2020-04-03,21.3579,21.3675,21.1179,21.1179,60000.0,21.300358
2771,2020-04-06,20.8779,20.8779,20.158,20.1868,369500.0,21.375364
2772,2020-04-07,20.158,20.158,19.678,19.678,18500.0,21.268454
2773,2020-04-08,20.158,20.158,19.1981,19.3997,37500.0,21.378029
2774,2020-04-09,19.678,20.398,19.678,20.2732,37500.0,20.007275
2775,2020-04-10,20.158,20.158,20.158,20.158,9500.0,20.676434
2776,2020-04-13,19.966,19.966,19.0061,19.1693,151000.0,20.663555
2777,2020-04-14,18.7181,18.7277,17.7582,18.7277,875500.0,20.308037
2778,2020-04-15,18.7181,18.7181,18.7181,18.7181,1500.0,19.819479
2779,2020-04-16,18.7181,18.7181,18.7181,18.7181,80000.0,20.121092
2780,2020-04-17,19.1981,20.1004,19.1981,19.4381,58000.0,18.856539
2781,2020-04-20,19.678,20.5419,19.4573,19.678,22000.0,19.624453
2782,2020-04-21,19.486,19.582,19.2461,19.2845,9000.0,19.906006
2783,2020-04-22,18.9581,19.4381,18.4781,19.1885,17500.0,19.67326
2784,2020-04-23,19.582,19.582,19.1981,19.1981,9500.0,19.633347
2785,2020-04-24,18.9581,20.398,18.9581,19.8028,10500.0,20.080044
2786,2020-04-27,19.87,20.1484,19.4381,19.5628,44500.0,19.256672
2787,2020-04-28,18.9581,19.0061,18.4877,19.0061,8000.0,20.158817
2788,2020-04-29,18.9965,19.0061,18.4781,18.6317,33500.0,20.083899
2789,2020-04-30,18.8141,19.9564,18.8141,19.2461,287000.0,19.876284
2790,2020-05-01,18.8141,19.9564,18.8141,19.2461,287000.0,19.555904
2791,2020-05-04,19.2461,19.3421,19.0061,19.0061,27500.0,19.89287
2792,2020-05-05,19.0061,19.1021,18.8717,18.9101,47500.0,18.91047
2793,2020-05-06,19.1885,19.5724,18.9101,19.0637,115000.0,19.711266
2794,2020-05-07,19.0541,20.4843,19.0541,19.4477,57500.0,19.820995
2795,2020-05-08,19.9084,19.9084,19.3421,19.3613,19500.0,19.693653
2796,2020-05-11,19.9084,19.3613,19.3613,19.3613,500.0,19.55874
2797,2020-05-12,19.534,19.582,19.0061,19.1981,159500.0,19.960415
2798,2020-05-13,19.2077,19.2077,19.2077,19.2077,3000.0,19.146128
2799,2020-05-14,19.2077,19.3901,19.1981,19.3325,61000.0,19.974283
2800,2020-05-15,19.2173,19.2173,19.2077,19.2077,5000.0,20.022146
2801,2020-05-18,19.2173,19.2173,19.2077,19.2077,5000.0,19.839718
2802,2020-05-19,19.0061,19.1981,18.7181,18.9581,20000.0,19.592018
2803,2020-05-20,18.9581,19.4381,18.9581,19.4381,23500.0,19.912733
2804,2020-05-21,18.9677,19.1981,18.9677,19.1981,11000.0,19.063427
2805,2020-05-22,18.9677,19.1981,18.9677,19.1981,11000.0,19.90086
2806,2020-05-25,18.9677,19.1981,18.9677,19.1981,11000.0,19.950886
2807,2020-05-26,18.9677,19.1981,18.9677,19.1981,11000.0,19.758999
2808,2020-05-27,18.9677,19.1981,18.9677,19.1981,11000.0,19.597437
2809,2020-05-28,18.7181,18.7181,18.2478,18.5261,29000.0,19.930763
2810,2020-05-29,18.5837,18.5837,18.5837,18.5837,500.0,18.907602
2811,2020-06-01,18.7085,19.1981,18.7085,19.1981,13000.0,19.533978
2812,2020-06-02,19.1981,19.1981,18.9101,18.9101,2000.0,19.678905
2813,2020-06-03,19.1981,19.1981,18.9101,18.9101,2000.0,19.466877
2814,2020-06-04,19.63,19.678,18.7277,19.486,20500.0,19.2213
2815,2020-06-05,18.8621,18.8621,18.8621,18.8621,500.0,19.739283
2816,2020-06-08,18.9101,18.9101,18.6221,18.7085,45000.0,18.941147
2817,2020-06-09,18.7181,19.2077,18.7181,19.1981,219500.0,19.653755
2818,2020-06-10,19.1981,19.2941,19.1981,19.2941,2500.0,19.769573
2819,2020-06-11,19.4381,19.63,19.0541,19.0829,8500.0,19.689255
2820,2020-06-12,19.0541,19.1021,19.0541,19.0829,3500.0,19.42496
2821,2020-06-15,18.7373,19.8796,18.7277,19.8796,35500.0,19.79634
2822,2020-06-16,18.7373,19.8796,18.7277,19.8796,35500.0,19.158747
2823,2020-06-17,19.822,21.1179,18.9101,19.918,101500.0,20.220901
2824,2020-06-18,19.4381,19.4381,19.1981,19.1981,4507000.0,20.366066
2825,2020-06-19,18.9101,20.6187,18.9101,20.4747,48000.0,20.1386
2826,2020-06-22,20.254,20.3404,19.678,19.966,8500.0,20.230606
2827,2020-06-23,19.966,21.4634,19.966,21.0699,46500.0,20.638613
2828,2020-06-24,21.5498,21.953000000000003,21.1179,21.4347,80500.0,20.015585
2829,2020-06-25,21.5978,21.5978,20.7339,21.3675,9500.0,21.359444
2830,2020-06-26,21.1179,21.3099,20.7819,20.8107,19500.0,21.594494
2831,2020-06-29,21.3579,22.3562,21.3579,21.7322,50500.0,21.348099
2832,2020-06-30,22.0778,22.0778,21.5018,21.7418,14500.0,21.627733
2833,2020-07-01,22.0298,22.0298,21.5978,21.5978,1000.0,22.129223
2834,2020-07-02,20.8779,20.8779,20.8779,20.8779,10500.0,21.290539
2835,2020-07-03,20.6379,20.7819,20.5419,20.7819,2500.0,22.129604
2836,2020-07-06,20.7531,21.3579,20.7531,21.1179,2500.0,21.805273
2837,2020-07-07,21.0699,21.2139,20.6475,20.6475,4500.0,21.763802
2838,2020-07-08,20.7147,21.0219,20.7147,20.8299,8000.0,21.305017
2839,2020-07-09,20.8299,22.385,20.6667,22.385,63500.0,21.55322
2840,2020-07-10,22.5481,22.5577,22.0778,22.0778,12500.0,20.981262
2841,2020-07-13,22.7881,22.7977,21.8378,21.8378,4500.0,22.333927
2842,2020-07-14,21.8282,21.8282,21.5498,21.6074,7500.0,22.218918
2843,2020-07-15,21.4059,21.4059,21.1851,21.2043,16500.0,22.141794
2844,2020-07-16,21.5978,21.7418,21.1659,21.1755,26500.0,22.070555
2845,2020-07-17,20.9739,21.5402,20.9739,21.2331,49000.0,22.272755
2846,2020-07-20,21.2619,21.6746,20.7339,21.5114,372500.0,21.154634
2847,2020-07-21,21.6938,22.8457,21.5978,22.5865,53500.0,22.066109
2848,2020-07-22,22.9417,22.9417,22.3178,22.5385,31000.0,22.198757
2849,2020-07-23,22.2698,22.4138,22.2698,22.3658,15500.0,22.102936
2850,2020-07-24,22.4617,22.4617,22.0778,22.0778,7500.0,22.464222
2851,2020-07-27,21.9818,22.9417,21.8858,22.6249,18500.0,22.86091
2852,2020-07-28,22.8937,23.604,22.3178,22.7977,88500.0,22.175219
2853,2020-07-29,23.0377,23.5176,22.8745,23.0761,111500.0,23.275042
2854,2020-07-30,23.0377,23.0377,22.3466,22.7305,93000.0,23.126116
2855,2020-07-31,23.0377,23.0377,22.3466,22.7305,93000.0,22.972725
2856,2020-08-03,23.0377,23.0377,22.193,22.2794,245500.0,23.110472
2857,2020-08-04,22.3274,22.3562,21.9914,22.0394,202000.0,23.374195
2858,2020-08-05,22.0778,22.1642,21.8378,22.049,59000.0,22.276657
2859,2020-08-06,22.0778,22.5673,22.0778,22.5481,211500.0,23.029446
2860,2020-08-07,22.7689,22.7977,22.0778,22.4809,53000.0,22.792542
2861,2020-08-10,22.5577,22.7113,22.3178,22.337,56000.0,22.651306
2862,2020-08-11,22.7977,24.0072,22.7977,23.94,1719500.0,22.64293
2863,2020-08-12,24.0,24.89,23.75,24.4,396500.0,23.2896
2864,2020-08-13,24.7,24.75,23.85,24.09,149000.0,23.009018
2865,2020-08-14,24.7,24.75,23.85,24.09,149000.0,24.54139
2866,2020-08-17,24.0,25.89,24.0,25.89,1946500.0,24.2081
2867,2020-08-18,26.15,27.45,26.0,26.49,923000.0,24.5942
2868,2020-08-19,26.75,26.75,25.5,25.75,351500.0,25.48522
2869,2020-08-20,25.75,26.48,23.82,23.82,2543500.0,25.745077
2870,2020-08-21,23.81,23.81,23.0,23.34,79000.0,24.995
2871,2020-08-24,23.2,23.5,22.65,22.87,69000.0,25.537605
2872,2020-08-25,22.99,23.5,22.87,23.49,119500.0,24.370157
2873,2020-08-26,23.49,24.0,23.04,23.6,157000.0,24.343252
2874,2020-08-27,23.75,23.75,23.4,23.51,58000.0,23.73625
2875,2020-08-28,23.26,24.1,23.25,24.04,43500.0,23.990665
2876,2020-08-31,24.0,24.0,23.96,23.99,22000.0,23.28874
2877,2020-09-01,24.0,24.08,23.55,23.9,27500.0,24.6015
2878,2020-09-02,23.7,24.05,23.65,23.99,10500.0,24.188274
2879,2020-09-03,23.75,24.0,23.7,23.88,31000.0,24.136482
2880,2020-09-04,23.5,23.9,23.5,23.9,6500.0,24.260921
2881,2020-09-07,23.52,23.65,23.31,23.41,1608500.0,24.529112
2882,2020-09-08,23.52,23.52,23.32,23.33,1565500.0,23.530094
2883,2020-09-09,23.26,23.3,23.0,23.03,10500.0,24.42647
2884,2020-09-10,23.01,23.4,23.01,23.2,60000.0,23.79691
2885,2020-09-11,23.0,23.2,23.0,23.12,31000.0,23.759903
2886,2020-09-14,23.2,23.74,23.0,23.74,94000.0,23.513523
2887,2020-09-15,23.52,23.7,23.0,23.4,214000.0,23.91002
2888,2020-09-16,23.11,23.3,23.0,23.3,54000.0,23.080824
2889,2020-09-17,23.45,23.5,23.05,23.1,41000.0,24.18771
2890,2020-09-18,23.05,23.11,22.95,23.01,30500.0,23.689724
2891,2020-09-21,22.95,22.95,22.86,22.9,8500.0,23.698668
2892,2020-09-22,22.8,22.8,22.05,22.28,43000.0,23.419832
2893,2020-09-23,22.12,22.6,22.12,22.6,5500.0,23.571619
2894,2020-09-24,22.12,22.25,22.12,22.25,5500.0,22.481466
2895,2020-09-25,22.05,22.5,22.0,22.05,26500.0,23.29835
2896,2020-09-28,22.15,22.34,22.0,22.0,28000.0,22.830374
2897,2020-09-29,21.35,22.5,21.35,22.5,25000.0,22.67524
2898,2020-09-30,22.4,23.48,22.18,23.31,110500.0,22.59215
2899,2020-10-01,22.36,22.7,22.0,22.7,21000.0,23.083689
2900,2020-10-02,22.3,22.5,22.0,22.21,14000.0,22.367216
2901,2020-10-05,21.11,22.5,21.11,22.5,27500.0,23.386896
2902,2020-10-06,22.6,22.6,21.51,21.94,9000.0,23.031189
2903,2020-10-07,22.5,22.75,22.5,22.75,8000.0,23.019236
2904,2020-10-08,22.1,23.0,22.1,22.98,8000.0,22.736782
