,Date,Predicted Price,Original Price,21 SMA,50 SMA,100 SMA,200 SMA,RSI,21-avg volume,Upper BBand,Middle BBand,Lower BBand,52-week high,52-week low,MACD,MACD Signal,MACD Trend
0,2019-05-03,0.7610359,9.6692,9.528447619047606,9.683035999999998,9.731186000000003,9.839149000000006,54.810936181752595,625000.0,9.680941563021944,9.52141,9.361878436978056,10.3577,9.4412,-0.011053152120195977,-0.044996017621801485,Bullish
1,2019-05-06,0.6500648,9.5847,9.524423809523798,9.679657999999998,9.728521000000006,9.836427500000008,49.26952527047975,628380.9523809524,9.685213161266246,9.52352,9.361826838733755,10.3577,9.4412,-0.01014316949411409,-0.038025447996264,Bullish
2,2019-05-07,0.49476099999999995,9.7114,9.532466666666654,9.679657999999998,9.727369000000003,9.834259500000009,56.38908197936389,632547.6190476189,9.714078793784967,9.53281,9.351541206215037,10.3577,9.4412,0.000792494039075109,-0.030261859589196177,Bullish
3,2019-05-08,0.76595527,9.7375,9.542557142857133,9.681024,9.726232000000003,9.832621500000009,57.705860684516495,577714.2857142857,9.745125694181237,9.546780000000002,9.348434305818767,10.3577,9.4412,0.011433341604517366,-0.021922819350453468,Bullish
4,2019-05-09,0.7888913000000001,9.7462,9.556276190476176,9.682564,9.725182000000009,9.831466500000008,58.1593627659206,578190.4761904762,9.773061938575763,9.561185000000002,9.34930806142424,10.3577,9.4412,0.02033391059049805,-0.013471473362263163,Bullish
5,2019-05-10,0.80218935,9.693999999999999,9.567509523809509,9.682216,9.723610000000006,9.83037000000001,54.39092399273158,586857.1428571428,9.786844467362693,9.57298,9.35911553263731,10.3577,9.4412,0.02291146280925105,-0.006194886127960321,Bullish
6,2019-05-13,0.77682024,9.5636,9.57253333333332,9.677739999999998,9.720734000000009,9.828781000000006,46.31716842475743,544619.0476190476,9.785031938203382,9.578680000000002,9.372328061796619,10.3577,9.4412,0.014267534059735354,-0.0021024020904211868,Bullish
7,2019-05-14,0.65504533,9.4941,9.574652380952367,9.670860000000001,9.717163000000006,9.82688450000001,42.680755788494075,541214.2857142857,9.781833711781664,9.581325,9.380816288218336,10.3577,9.4412,0.0017884726855008637,-0.0013242271352367765,Bullish
8,2019-05-15,0.49358335,9.4767,9.576342857142842,9.662788,9.713418000000008,9.824621500000006,41.79601677384834,398214.2857142858,9.781739707233685,9.581410000000002,9.38108029276632,10.3577,9.4412,-0.009396985344858777,-0.0029387787771611765,Bearish
9,2019-05-16,0.75444835,9.5549,9.580147619047604,9.655435999999998,9.71070100000001,9.822470000000006,47.10309543116379,391714.2857142858,9.77961735872168,9.58583,9.392042641278325,10.3577,9.4412,-0.011815256048473444,-0.00471407423142363,Bearish
10,2019-05-17,0.762139,9.4332,9.57856190476189,9.644973999999998,9.706767000000008,9.819310500000006,40.85913060831064,394333.33333333326,9.781926159164513,9.584585,9.387243840835488,10.3577,9.4412,-0.023283527898332324,-0.008427964964805369,Bearish
11,2019-05-20,0.77025634,9.3549,9.573647619047604,9.633789999999998,9.701886000000009,9.815839500000006,37.42201575968592,389857.1428571429,9.793830259541057,9.572670000000002,9.351509740458948,10.3577,9.4332,-0.0382494556678985,-0.014392263105423997,Bearish
12,2019-05-21,0.737219,9.3115,9.56023333333332,9.622414,9.69665300000001,9.812151500000006,35.63278113630473,388190.47619047615,9.810407791493477,9.562385000000004,9.314362208506527,10.3577,9.3549,-0.05300111468202751,-0.022114033420744698,Bearish
13,2019-05-22,0.62546027,9.2593,9.547952380952367,9.611681999999998,9.691719000000012,9.808322000000006,33.55471607095643,389833.33333333326,9.830504565381686,9.552445000000002,9.27438543461832,10.3577,9.3115,-0.06811878354287337,-0.03131498344517043,Bearish
14,2019-05-23,0.47973195,9.5288,9.551319047619033,9.604651999999998,9.689726000000013,9.805760000000006,49.82428201927104,397309.52380952385,9.831137012824126,9.55387,9.276602987175874,10.3577,9.2593,-0.05768825306584091,-0.036589637369304526,Bearish
15,2019-05-24,0.7244468000000001,9.5114,9.551847619047603,9.597274,9.687559000000013,9.803191000000009,48.99022375436716,392190.47619047615,9.830501832253765,9.552735000000002,9.27496816774624,10.3577,9.2593,-0.05024680322696007,-0.03932107054083563,Bearish
16,2019-05-27,0.74117297,9.468,9.548699999999988,9.589028,9.68463000000001,9.800005500000008,46.88213966682354,382095.2380952381,9.830458680458593,9.55112,9.271781319541411,10.3577,9.2593,-0.047306102604167684,-0.04091807695350204,Bearish
17,2019-05-28,0.76046395,9.468,9.54716190476189,9.579938,9.68161900000001,9.79682000000001,46.88213966682354,251809.52380952387,9.826443626224464,9.545285,9.264126373775538,10.3577,9.2593,-0.04446303399537932,-0.041627068361877496,Bearish
18,2019-05-29,0.7384395,9.4593,9.541190476190463,9.572362,9.678521000000009,9.793591000000008,46.41777230171953,251928.57142857145,9.8219653438774,9.539015,9.256064656122602,10.3577,9.2593,-0.042422874441538035,-0.0417862295778096,Bearish
19,2019-05-30,0.6332375,9.2941,9.527352380952363,9.562496000000001,9.674346000000009,9.789536000000009,38.59949061665309,248761.9047619048,9.800182255922016,9.51604,9.231897744077983,10.3577,9.2593,-0.05351935485443704,-0.044132854633135085,Bearish
20,2019-05-31,0.48362476,9.2941,9.505471428571417,9.551447999999999,9.66967800000001,9.78468250000001,38.59949061665311,259047.61904761905,9.787956115008543,9.497285000000002,9.20661388499146,10.3265,9.2593,-0.061603271361928336,-0.04762693797889374,Bearish
21,2019-06-03,0.7278378000000001,9.3549,9.490504761904747,9.544318,9.66570000000001,9.78045250000001,42.71771721938883,255000.0,9.779883486514489,9.485795,9.191706513485515,10.3265,9.2593,-0.06238465014857297,-0.05057848041282959,Bearish
22,2019-06-04,0.73004013,9.3549,9.479561904761887,9.537188,9.661968000000009,9.77718100000001,42.71771721938883,247452.3809523809,9.748084784330054,9.467970000000003,9.187855215669952,10.3265,9.2593,-0.062285905321601824,-0.05291996539458403,Bearish
23,2019-06-05,0.7451861,9.3549,9.4625857142857,9.526848,9.657990000000009,9.77359000000001,42.717717219388845,241238.09523809524,9.703846167769488,9.448839999999999,9.193833832230515,10.2875,9.2593,-0.06149873025407083,-0.05463571836648139,Bearish
24,2019-06-06,0.71893734,9.3549,9.444366666666651,9.519717999999996,9.654669000000009,9.77019850000001,42.717717219388845,242095.23809523808,9.6473973039958,9.429275,9.211152696004204,10.2875,9.2593,-0.06018115742048735,-0.05574480617728258,Bearish
25,2019-06-07,0.61880577,9.3549,9.425733333333318,9.513601999999997,9.651348000000011,9.766447500000009,42.71771721938885,237000.0,9.595398984048707,9.412320000000003,9.229241015951297,10.2875,9.2593,-0.05846304585661954,-0.05628845411314997,Bearish
26,2019-06-10,0.47990856,9.1724,9.400895238095226,9.501977999999998,9.646202000000011,9.761984000000009,33.07291292885678,223666.66666666663,9.590048452779977,9.392760000000004,9.195471547220027,10.2875,9.2593,-0.0710091060745981,-0.0592325845054396,Bearish
27,2019-06-11,0.71811813,9.155,9.38143809523808,9.490849999999996,9.640636000000011,9.757353500000008,32.32357817340735,186523.80952380953,9.592657138334657,9.375805000000003,9.158952861665352,10.2875,9.1724,-0.08141745403939993,-0.06366955841223168,Bearish
28,2019-06-12,0.7131615,9.1289,9.364047619047604,9.478355999999996,9.635055000000012,9.752073500000009,31.182310127122264,156547.61904761905,9.594998298439084,9.358415000000004,9.121831701560922,10.2875,9.155,-0.09072635966379572,-0.06908091866254447,Bearish
29,2019-06-13,0.7239738,8.9724,9.340033333333318,9.464925999999997,9.628237000000011,9.74625050000001,25.39284864033311,157000.0,9.602527697985323,9.329290000000002,9.05605230201468,10.2875,9.1289,-0.10947007364685568,-0.07715874965940672,Bearish
30,2019-06-14,0.6862954000000001,8.9637,9.311880952380935,9.450815999999996,9.620840000000012,9.740943000000009,25.113703393371576,164261.90476190473,9.617305431795948,9.305814999999999,8.994324568204052,10.2875,8.9724,-0.12360181453219532,-0.08644736263396444,Bearish
31,2019-06-17,0.5869101,8.9376,9.288280952380935,9.438717999999996,9.613264000000012,9.735105500000008,24.252355344165753,157214.2857142857,9.63411970945417,9.284950000000002,8.935780290545834,10.2875,8.9637,-0.13534717488928827,-0.0962273250850292,Bearish
32,2019-06-18,0.46136937,9.0159,9.27213809523808,9.428523999999996,9.606553000000012,9.729859500000009,31.808560021269574,156166.66666666663,9.638113327701866,9.270170000000002,8.902226672298138,10.2875,8.9376,-0.1367608085036558,-0.10433402176875453,Bearish
33,2019-06-19,0.67216325,8.9811,9.256404761904744,9.418983999999996,9.599330000000009,9.72443950000001,30.35903821168445,155404.7619047619,9.645229152504962,9.25626,8.867290847495044,10.2875,8.9376,-0.13908589685105355,-0.11128439678521433,Bearish
34,2019-06-20,0.665029,8.9376,9.241085714285699,9.408573999999994,9.591590000000009,9.71884200000001,28.604321195530638,299238.0952380953,9.618178040252989,9.226700000000003,8.835221959747017,10.2875,8.9376,-0.1427926082702271,-0.11758603908221688,Bearish
35,2019-06-21,0.6858473,8.9115,9.21169047619046,9.397641999999996,9.583999000000011,9.712794500000008,27.57449809652036,293928.5714285714,9.588260418683513,9.196705,8.80514958131649,10.2875,8.9376,-0.1461515119944199,-0.12329913366465747,Bearish
36,2019-06-24,0.65885305,8.842,9.17981428571427,9.385489999999997,9.575220000000009,9.706080000000009,24.994042084795858,289642.85714285716,9.565204722236354,9.165405000000003,8.765605277763653,10.2875,8.9115,-0.15266174696927948,-0.1291716563255819,Bearish
37,2019-06-25,0.5716425,8.9985,9.157457142857128,9.376635999999996,9.568006000000011,9.700148000000008,38.86725265864285,292904.7619047619,9.522579739787409,9.141930000000004,8.7612802602126,10.2875,8.842,-0.14353829292429232,-0.13204498364532394,Bearish
38,2019-06-26,0.45716503,8.8681,9.128890476190461,9.364497999999996,9.559488000000009,9.69356400000001,33.33469842652027,290952.3809523809,9.481491769068592,9.112370000000002,8.743248230931412,10.2875,8.842,-0.14515680279873955,-0.1346673474760071,Bearish
39,2019-06-27,0.6610955,8.7898,9.09700952380951,9.350963999999996,9.548752000000013,9.686588500000008,30.52496057599853,290023.80952380947,9.471749355002952,9.087155000000003,8.702560644997055,10.2875,8.842,-0.15101681135793754,-0.13793724025239318,Bearish
40,2019-06-28,0.64772886,8.842,9.075480952380936,9.338641999999997,9.538453000000011,9.679874000000009,34.48933532834068,370714.2857142858,9.450974406579293,9.064550000000004,8.678125593420715,10.2875,8.7898,-0.14972289428770225,-0.14029437105945497,Bearish
41,2019-07-01,0.6686833000000001,8.8072,9.052295238095224,9.322921999999997,9.528651000000009,9.672905500000008,33.132000529058715,359071.4285714286,9.414933777296675,9.037165000000003,8.659396222703332,10.2875,8.7898,-0.14977896616386846,-0.14219129008033768,Bearish
42,2019-07-02,0.64169097,8.7029,9.021247619047603,9.306635999999996,9.517130000000009,9.665615000000008,29.397730561851592,337309.5238095238,9.379549961165429,9.004565000000003,8.629580038834575,10.2875,8.7898,-0.15643624223592134,-0.1450402805114544,Bearish
43,2019-07-03,0.5569368,8.7637,8.993095238095226,9.292747999999994,9.50596400000001,9.658469000000009,34.06314506113293,341095.2380952381,9.32738946886916,8.975005000000003,8.622620531130847,10.2875,8.7029,-0.15501916517287384,-0.1470360574437383,Bearish
44,2019-07-04,0.44894674,8.7116,8.96246190476189,9.276973999999994,9.494699000000008,9.651501500000009,32.105347530959236,347928.5714285714,9.266952421237242,8.942840000000002,8.618727578762762,10.2875,8.7029,-0.15629844479387245,-0.14888853491376516,Bearish
45,2019-07-05,0.63973045,8.6942,8.930999999999985,9.260175999999994,9.482500000000009,9.644647000000008,31.455112323519725,350500.0,9.191033195421843,8.909805000000002,8.628576804578161,10.2875,8.7029,-0.1569075847272039,-0.15049234487645288,Bearish
46,2019-07-08,0.62166375,8.6942,8.899538095238078,9.244053999999997,9.47063900000001,9.637113500000009,31.45511232351973,634642.8571428572,9.15479725343114,8.885895000000003,8.616992746568862,10.2875,8.6942,-0.15559671049004464,-0.15151321799917122,Bearish
47,2019-07-09,0.6452097,8.6855,8.876352380952364,9.226069999999996,9.45902900000001,9.630055500000008,31.08997780739287,635047.6190476189,9.114713976147712,8.86242,8.610126023852288,10.2648,8.6942,-0.1534905074781392,-0.15190867589496482,Bearish
48,2019-07-10,0.619715,8.7203,8.855652380952362,9.208781999999996,9.44793600000001,9.622732500000009,34.371668793948345,627904.7619047619,9.06963009225178,8.841990000000003,8.614349907748222,10.2648,8.6855,-0.14731510047475815,-0.15098996081092347,Bullish
49,2019-07-11,0.54605263,8.7637,8.838261904761886,9.188983999999996,9.437192000000008,9.615826000000009,38.31693582279803,621500.0,9.05338593990783,8.831555000000002,8.609724060092173,10.2648,8.6855,-0.13733590580858035,-0.14825914981045485,Bullish
50,2019-07-12,0.4460245,8.7377,8.827085714285698,9.170353999999996,9.426695000000008,9.609109000000009,36.8863337969422,616071.4285714285,9.036974860419779,8.820255000000003,8.603535139580222,10.2648,8.6855,-0.1300264409754366,-0.1446126080434512,Bullish
51,2019-07-15,0.63496506,8.6072,8.810109523809508,9.150803999999997,9.41523100000001,9.603377000000004,30.692231465445428,607571.4285714285,9.032209009682482,8.803735000000003,8.57526099031752,10.2648,8.6855,-0.13322812589561828,-0.1423357116138846,Bullish
52,2019-07-16,0.6175764,8.6768,8.79769047619046,9.130111999999997,9.404885000000009,9.597833500000004,36.788862351383685,604023.8095238096,8.99954791675516,8.786780000000002,8.574012083244844,10.2648,8.6072,-0.12866616250378726,-0.13960180179186515,Bullish
53,2019-07-17,0.6422889,8.6942,8.782371428571414,9.109245999999997,9.395135000000009,9.592656500000006,38.251244532280666,603666.6666666665,8.968927313082117,8.772435000000002,8.575942686917887,10.2648,8.6072,-0.12223765941897645,-0.1361289733172874,Bullish
54,2019-07-18,0.61694634,8.6072,8.764566666666653,9.086465999999996,9.384515000000007,9.585407000000004,34.01403342765185,612595.2380952381,8.949621512798032,8.755915000000002,8.562208487201971,10.2648,8.6072,-0.12274823210843876,-0.13345282507551767,Bullish
55,2019-07-19,0.54165477,8.6072,8.748833333333321,9.064729999999997,9.373473000000008,9.579515500000008,34.01403342765185,467261.9047619047,8.93090546785062,8.740700000000002,8.550494532149385,10.2648,8.6072,-0.12174941319438835,-0.1311121426992918,Bullish
56,2019-07-22,0.44175854,8.529,8.730619047619031,9.044037999999997,9.36088900000001,9.574591000000003,30.492844422452308,464952.380952381,8.930255920968074,8.725050000000001,8.519844079031929,10.2648,8.6072,-0.12581758170110824,-0.1300532304996551,Bullish
57,2019-07-23,0.6202508000000001,8.5203,8.715299999999985,9.024561999999996,9.347711000000006,9.569303500000006,30.11927365871202,465547.61904761905,8.883491993683709,8.701139999999999,8.518788006316294,10.2648,8.529,-0.12826509170835365,-0.1296956027413948,Bullish
58,2019-07-24,0.5952195,8.4942,8.6912857142857,9.004911999999996,9.333850000000004,9.563845500000006,28.97252757582588,465571.4285714286,8.869110320561747,8.682445000000001,8.495779679438256,10.2648,8.5203,-0.13080299736407852,-0.12991708166593155,Bearish
59,2019-07-25,0.6187626,8.5638,8.676795238095224,8.985089999999996,9.320263000000006,9.558336000000004,35.97317423208638,465809.52380952385,8.857809109834818,8.671145000000001,8.484480890165184,10.2648,8.4942,-0.12574861578535312,-0.12908338848981588,Bullish
60,2019-07-26,0.59347135,8.5203,8.663961904761889,8.966831999999998,9.305903000000006,9.553008500000004,33.73517725784893,466738.0952380953,8.835396179399746,8.65506,8.474723820600255,10.2648,8.4942,-0.12382568302953878,-0.12803184739776047,Bullish
61,2019-07-29,0.5266232,8.6072,8.652780952380937,8.951877999999994,9.292834000000006,9.548275000000004,41.55732513007109,393690.47619047615,8.812242348351894,8.64506,8.477877651648107,10.2648,8.4942,-0.11397579915498925,-0.12522063774920622,Bullish
62,2019-07-30,0.4369659000000001,8.6768,8.646571428571415,8.939183999999996,9.280799000000004,9.543809500000004,46.957875694621094,383119.0476190476,8.80951240677379,8.643755000000002,8.477997593226215,10.2648,8.4942,-0.09940764741105568,-0.1200580396815761,Bullish
63,2019-07-31,0.61445916,8.6942,8.646157142857128,8.927881999999997,9.269782000000006,9.538792000000004,48.24547568560718,379904.7619047619,8.79857969804292,8.64028,8.481980301957082,10.2648,8.4942,-0.08547296843889995,-0.11314102543304087,Bullish
64,2019-08-01,0.60493636,8.6855,8.642433333333319,8.911015999999996,9.257834000000006,9.533491500000004,47.622987122688144,378666.66666666674,8.795319630545759,8.638975,8.482630369454242,10.2648,8.4942,-0.07427545108534518,-0.10536791056350173,Bullish
65,2019-08-02,0.63606215,8.6942,8.641604761904746,8.894671999999996,9.245973000000006,9.528993500000002,48.34079331351596,463071.4285714286,8.795319630545759,8.638975,8.482630369454242,10.2648,8.4942,-0.06396200642275396,-0.09708672973535218,Bullish
66,2019-08-05,0.6161930999999999,8.6855,8.64119047619046,8.879021999999997,9.234025000000006,9.524452000000002,47.63771759068607,462047.61904761905,8.794314971033298,8.638539999999999,8.482765028966702,10.2648,8.4942,-0.05584677762530888,-0.08883873931334353,Bullish
67,2019-08-06,0.5447885,8.6072,8.637047619047602,8.861805999999996,9.220872000000009,9.519559,41.75207856591216,182404.76190476192,8.789414933459327,8.634625000000002,8.479835066540678,10.2648,8.4942,-0.0550984157170511,-0.08209067459408502,Bullish
68,2019-08-07,0.44345439999999997,8.6768,8.636633333333316,8.846155999999997,9.209259000000003,9.514934000000002,47.91247372134404,184428.57142857145,8.783541713870878,8.63245,8.481358286129122,10.2648,8.4942,-0.04833205335910407,-0.07533895034708885,Bullish
69,2019-08-08,0.62687236,8.6507,8.63331904761903,8.833287999999996,9.197892000000003,9.509699,45.949888382188256,176142.8571428571,8.765804733733981,8.6268,8.487795266266017,10.2648,8.4942,-0.04456203096060918,-0.06918356646979291,Bullish
70,2019-08-09,0.60982746,8.9025,8.639928571428555,8.825455999999997,9.188452000000003,9.5053635,62.08549372334439,177904.76190476192,8.813346089633557,8.63504,8.456733910366442,10.2648,8.4942,-0.021013870608960872,-0.059549627297626515,Bullish
71,2019-08-12,0.64505315,8.9025,8.647776190476176,8.816407999999994,9.180363000000003,9.5009485,62.08549372334439,181809.52380952387,8.862109022336783,8.649805,8.437500977663218,10.2648,8.4942,-0.002324982919105878,-0.04810469842192238,Bullish
72,2019-08-13,0.6313474,8.9025,8.66183809523808,8.807359999999994,9.172274000000003,9.496692999999999,62.08549372334439,187976.19047619047,8.900231798104201,8.66109,8.421948201895798,10.2648,8.4942,0.012343803537836706,-0.03601499802997056,Bullish
73,2019-08-14,0.5609061,8.9025,8.672585714285699,8.798311999999994,9.162580000000004,9.492278,62.0854937233444,194619.04761904766,8.932639857689429,8.671505,8.410370142310567,10.2648,8.4942,0.023695772374040303,-0.024072843949168383,Bullish
74,2019-08-15,0.45452157,8.9025,8.682504761904747,8.789263999999994,9.154491000000004,9.48696,62.0854937233444,200214.2857142857,8.964054276733627,8.68627,8.408485723266374,10.2648,8.4942,0.032319727759967165,-0.012794329607341276,Bullish
75,2019-08-16,0.6597359,8.7317,8.688433333333316,8.776799999999994,9.145201000000009,9.4805415,48.00467871899983,194047.61904761905,8.968486785929453,8.692495,8.416503214070545,10.2648,8.4942,0.025083000751676462,-0.005218863535537726,Bullish
76,2019-08-19,0.6446894,8.8126,8.69821428571427,8.769603999999994,9.135791000000006,9.4746915,53.39612209124359,193857.1428571429,8.976686287727858,8.706675,8.436663712272143,10.2648,8.4942,0.02558091548020336,0.0009410922676104912,Bullish
77,2019-08-20,0.66506404,8.9025,8.715999999999985,8.764553999999992,9.127702000000006,9.4697425,58.540793286308315,200476.19047619047,8.994425438319531,8.725785,8.457144561680469,10.2648,8.4942,0.03285100917941719,0.007323075649971832,Bullish
78,2019-08-21,0.64118516,8.9025,8.734199999999985,8.760025999999991,9.119191000000006,9.464957999999998,58.540793286308315,201476.19047619047,9.003143402329215,8.7462,8.489256597670785,10.2648,8.4942,0.03817258106137267,0.013492976732252,Bullish
79,2019-08-22,0.56309867,8.9385,8.755357142857129,8.759347999999994,9.112137000000006,9.459819999999997,60.56267255730504,203523.80952380953,9.020586749652514,8.764935000000001,8.509283250347487,10.2648,8.4942,0.044778683463913886,0.019750118078584383,Bullish
80,2019-08-23,0.45471162,8.9025,8.771485714285701,8.758123999999992,9.104470000000006,9.454829999999998,57.540676597304184,215761.9047619048,9.02008020479015,8.784045000000003,8.548009795209856,10.2648,8.4942,0.04657231146061847,0.0251145567549912,Bullish
81,2019-08-26,0.65924954,8.9744,8.793109523809509,8.758859999999991,9.098789000000004,9.450076499999998,61.65594323588397,215642.85714285716,9.037684480406574,8.802405000000002,8.567125519593434,10.2009,8.4942,0.05318244950406914,0.030728135304806788,Bullish
82,2019-08-27,0.6565854,8.9025,8.807171428571413,8.756591999999992,9.092558000000004,9.444511999999998,55.82865185919022,197809.52380952387,9.045412911254974,8.813690000000003,8.581967088745028,10.2009,8.4942,0.052019652250315566,0.034986438693908536,Bullish
83,2019-08-28,0.6791995,8.9025,8.817919047619032,8.755019999999991,9.087002000000004,9.438947499999998,55.82865185919022,195142.85714285716,9.052103881357802,8.824105000000003,8.5961061186422,10.2009,8.4942,0.05051581221104762,0.03809231339733636,Bullish
84,2019-08-29,0.6541215,8.8845,8.82698095238094,8.753957999999992,9.081266000000006,9.433498499999997,54.3375583184505,199000.0,9.054224757006576,8.834055000000003,8.61388524299343,10.2009,8.4942,0.04732601375052603,0.039939053467974286,Bullish
85,2019-08-30,0.5699304000000001,8.8126,8.83303333333332,8.751979999999993,9.074811000000006,9.427648499999997,48.737968215920645,197261.9047619048,9.050960107295245,8.839975000000003,8.628989892704762,10.2009,8.4942,0.03855194357489822,0.039661631489359084,Bearish
86,2019-09-02,0.45487016,8.7227,8.834390476190464,8.749593999999991,9.067542000000008,9.421923999999997,42.79906936814,116380.95238095238,9.047939481029186,8.841835000000003,8.63573051897082,10.2009,8.4942,0.024066823709947727,0.03654266993347681,Bearish
87,2019-09-03,0.6512208,8.7586,8.837871428571416,8.744795999999992,9.060716000000006,9.416050499999997,45.647324416849365,122904.76190476194,9.030028182067863,8.849405000000003,8.668781817932139,10.2009,8.4942,0.015307634941569503,0.03229566293509535,Bearish
88,2019-09-04,0.63347405,8.8935,8.85150476190475,8.745303999999992,9.054901000000006,9.410646499999997,54.76270129372242,120119.04761904762,9.02329067187945,8.860240000000003,8.697189328120556,10.2009,8.4942,0.019031830237665304,0.029642896395609342,Bearish
89,2019-09-05,0.6600189000000001,8.8126,8.85797142857142,8.745759999999992,9.048362000000006,9.404878999999994,49.410925114348146,116880.95238095238,9.002483861718169,8.868335000000004,8.734186138281839,10.2009,8.4942,0.015279198857253816,0.02677015688793824,Bearish
90,2019-09-06,0.6360394,8.8216,8.866109523809511,8.745351999999992,9.04199700000001,9.399689999999994,49.99637968340173,118285.71428571428,8.9989519901843,8.864290000000002,8.729628009815704,10.2009,8.4942,0.012882929840039026,0.023992711478358398,Bearish
91,2019-09-09,0.5588491999999999,8.8216,8.86225714285713,8.745639999999991,9.034281000000009,9.394541999999994,49.99637968340173,118714.28571428572,8.99493312085808,8.860245000000003,8.725556879141925,10.2009,8.4942,0.010858697079088486,0.02136590859850441,Bearish
92,2019-09-10,0.45175909999999997,8.8216,8.858404761904747,8.74801399999999,9.027325000000006,9.389147499999991,49.99637968340173,114428.57142857145,8.990427538159599,8.856200000000003,8.721972461840402,10.2009,8.4942,0.00914901389510625,0.01892252965782478,Bearish
93,2019-09-11,0.64964086,8.8486,8.85583809523808,8.74971199999999,9.021230000000008,9.384298499999991,52.07453545706875,110142.85714285713,8.986059871280881,8.853505000000002,8.720950128719123,10.2009,8.4942,0.009859102410274543,0.017109844208314733,Bearish
94,2019-09-12,0.63906765,8.8126,8.851557142857127,8.75173199999999,9.014353000000009,9.379392999999991,49.141938667453715,103761.90476190476,8.980708578581007,8.849010000000002,8.717311421418996,10.2009,8.4942,0.007431290250817569,0.0151741334168153,Bearish
95,2019-09-13,0.6633548,8.8126,8.847276190476176,8.754099999999989,9.007138000000008,9.374445999999994,49.141938667453715,101976.19047619047,8.974676864400607,8.853055000000003,8.731433135599396,10.2009,8.4942,0.005444471148667418,0.013228200963185723,Bearish
96,2019-09-16,0.6386128000000001,8.8935,8.854980952380938,8.758085999999986,9.001070000000006,9.36973949999999,55.65110201888842,97904.76190476194,8.978451835587045,8.8571,8.735748164412957,10.2009,8.4942,0.010279362494292954,0.012638433269407171,Bearish
97,2019-09-17,0.5616041,8.8486,8.856695238095226,8.761347999999987,8.993709000000006,9.36472649999999,51.69644730593564,95810.71428571428,8.973985240425854,8.854405000000002,8.734824759574147,10.2009,8.4942,0.010368472665431838,0.012184441148612104,Bearish
98,2019-09-18,0.45299226,8.9025,8.856695238095226,8.764991999999987,8.986887000000008,9.360023999999992,55.760609608520134,87929.76190476191,8.973985240425854,8.854405000000002,8.734824759574147,10.2009,8.4942,0.014619844193640931,0.012671521757617871,Bullish
99,2019-09-19,0.38281533,8.9025,8.856695238095226,8.767767999999986,8.978376000000008,9.355690999999991,55.760609608520134,86977.38095238095,8.968080997074862,8.852605,8.737129002925139,10.2009,8.4942,0.017784082921512127,0.01369403399039672,Bullish
100,2019-09-20,0.44953611,8.8755,8.853695238095225,8.770523999999988,8.970439000000006,9.350812499999991,53.16201936111746,80574.38095238095,8.964984283389883,8.851255,8.737525716610115,10.2009,8.4942,0.01790667357244935,0.014536561906807247,Bullish
101,2019-09-23,0.34407195,8.8216,8.849842857142843,8.774811999999987,8.962808000000006,9.345664499999991,48.32080678948435,74669.61904761905,8.942831012318736,8.843615,8.744398987681263,10.2009,8.4942,0.013498940622927336,0.014329037650031263,Bearish
102,2019-09-24,0.37068433,8.7496,8.839138095238077,8.776267999999988,8.953190000000006,9.34027949999999,42.723855408552154,75479.14285714286,8.939334928290084,8.83597,8.732605071709916,10.2009,8.4942,0.004148164772185936,0.012292863074462198,Bearish
103,2019-09-25,0.3104175,8.7586,8.832285714285696,8.777555999999986,8.943401000000009,9.33481649999999,43.60321479235779,83479.14285714286,8.932646129292406,8.828774999999998,8.724903870707589,10.2009,8.4942,-0.002507265478648435,0.009332837363840073,Bearish
104,2019-09-26,0.21188809,8.9834,8.836138095238077,8.785079999999986,8.935773000000006,9.33047749999999,60.08669194502205,87360.09523809524,8.955589284073131,8.833719999999998,8.711850715926865,10.2009,8.4942,0.0102397024499421,0.009514210381060477,Bullish
105,2019-09-27,0.32469755,8.9924,8.841276190476174,8.792783999999985,8.928757000000006,9.32618349999999,60.58340375565178,85383.90476190476,8.982264647362408,8.842709999999997,8.703155352637589,10.2009,8.4942,0.02082790008687141,0.011776948322222664,Bullish
106,2019-09-30,0.32750234,8.8216,8.841704761904746,8.798635999999988,8.921337000000008,9.32103549999999,48.298980611066106,87145.80952380953,8.976442941595996,8.847654999999998,8.718867058404,10.2009,8.4942,0.015261070314245728,0.012473772720627278,Bullish
107,2019-10-01,0.26484063,8.8935,8.849838095238077,8.806099999999985,8.915331000000009,9.31624699999999,52.651429474501235,80288.66666666669,8.977844513853949,8.854399999999996,8.730955486146044,10.1849,8.4942,0.01646129120105755,0.01327127641671333,Bullish
108,2019-10-02,0.33316737,8.8126,8.852409523809506,8.812467999999985,8.908690000000005,9.31105399999999,47.777672446451156,76741.04761904763,8.973711337091276,8.850354999999997,8.726998662908718,10.1849,8.4942,0.0107604808850148,0.012769117310373626,Bearish
109,2019-10-03,0.29746163,8.9115,8.853266666666649,8.819421999999985,8.902256000000008,9.306478499999988,53.45051862714369,78979.14285714286,8.980126391443028,8.855299999999996,8.730473608556965,10.145,8.4942,0.014060866182873609,0.013027467084873623,Bullish
110,2019-10-04,0.2230917,8.9115,8.857976190476172,8.827245999999985,8.897039000000008,9.301902999999989,53.45051862714369,85241.04761904763,8.985911445797662,8.859794999999998,8.733678554202331,10.0811,8.4942,0.016486400348627583,0.013719253737624415,Bullish
111,2019-10-07,0.32853177,9.0284,8.867823809523793,8.835669999999984,8.893774000000008,9.297829999999989,59.48389063975392,143479.14285714287,9.014604557695025,8.870134999999998,8.72566544230497,10.0571,8.4942,0.027524224548592716,0.016480247899818074,Bullish
112,2019-10-08,0.33483696,9.0374,8.878099999999982,8.842881999999982,8.891033000000009,9.293842999999988,59.914658729846614,152217.2380952381,9.040706549311963,8.880924999999998,8.721143450688032,10.0571,8.4942,0.0365763748528547,0.0204994732904254,Bullish
113,2019-10-09,0.27766293,9.0824,8.890519047619033,8.850645999999982,8.889264000000008,9.290491499999987,62.08525294229503,155860.09523809527,9.07397920016243,8.892614999999997,8.711250799837565,10.0571,8.4942,0.046841434209722976,0.025767865474284914,Bullish
114,2019-10-10,0.34818348,9.3072,8.912357142857125,8.863079999999984,8.887048000000009,9.288386999999988,70.63863351245111,153907.7142857143,9.169421071654172,8.917344999999997,8.665268928345823,10.0571,8.4942,0.07228281764647447,0.03507085590872283,Bullish
115,2019-10-11,0.32717803,9.496,8.944899999999983,8.879115999999984,8.886894000000009,9.287226499999985,75.614337713398,156669.61904761905,9.303148344693923,8.951514999999997,8.599881655306069,10.0154,8.4942,0.10645275831462442,0.04934723638990315,Bullish
116,2019-10-14,0.2825844,9.6399,8.98429523809522,8.898203999999984,8.888613000000008,9.286621499999985,78.5921350312282,168122.0,9.449461218425077,8.988834999999998,8.52820878157492,10.0154,8.4942,0.14349014478323596,0.0681758180685697,Bullish
117,2019-10-15,0.35527655,9.8018,9.027547619047603,8.922095999999984,8.891951000000008,9.286784999999988,81.3513122457138,172502.95238095234,9.612116279923267,9.036495,8.46087372007673,10.0154,8.4942,0.1837879245545615,0.09129823936576806,Bullish
118,2019-10-16,0.42697516,9.8917,9.077219047619034,8.946393999999984,8.896275000000008,9.287397999999985,82.68577604010468,174120.80952380953,9.767305774491764,9.085954999999998,8.404604225508232,10.0154,8.4942,0.2204373198220715,0.11712605545702875,Bullish
119,2019-10-17,0.3994722,9.8917,9.124323809523794,8.971213999999984,8.902251000000009,9.288298499999984,82.6857760401047,173858.90476190473,9.895393660950775,9.135414999999998,8.375436339049221,10.0154,8.4942,0.2466391272844,0.14302866982250298,Bullish
120,2019-10-18,0.46017188,9.9276,9.17313809523808,8.991715999999984,8.908586000000009,9.289131999999984,83.24117641785496,173977.95238095234,10.011730309757276,9.188019999999998,8.36430969024272,10.0154,8.4942,0.26722072427301313,0.167867080712605,Bullish
121,2019-10-21,0.44692773,9.8917,9.221528571428557,9.011499999999987,8.913954000000007,9.289826999999985,80.46161318162295,179738.09523809524,10.101308646913784,9.241525,8.381741353086214,10.0154,8.4942,0.27743683901596405,0.1897810323732768,Bullish
122,2019-10-22,0.41396043,9.9456,9.275052380952367,9.032361999999985,8.919861000000008,9.290914499999985,81.4624640182621,187928.57142857145,10.182046317727867,9.301325,8.420603682272132,10.0154,8.4942,0.28657895923889143,0.20914061774639972,Bullish
123,2019-10-23,0.38555467,9.9366,9.331576190476175,9.053043999999987,8.925678000000008,9.291833999999984,80.71894079965958,183000.0,10.245435697800424,9.360225,8.475014302199575,10.0154,8.4942,0.2897577832398888,0.22526405084509754,Bullish
124,2019-10-24,0.48791540000000005,10.0715,9.394095238095225,9.076423999999989,8.932844000000006,9.293756499999985,83.19484401832389,175238.09523809527,10.333619321156881,9.41463,8.495640678843117,10.0154,8.4942,0.29970748542596937,0.2401527377612719,Bullish
125,2019-10-25,0.44734898,9.9996,9.442485714285699,9.101781999999988,8.939291000000006,9.295319499999984,77.48380239643528,171214.2857142857,10.39621456990806,9.464989999999998,8.533765430091936,10.0715,8.4942,0.2983517536865641,0.2517925409463304,Bullish
126,2019-10-28,0.49200156,10.3053,9.505004761904747,9.131635999999988,8.950620000000006,9.298410999999987,82.86853977952559,173238.09523809527,10.489753551988453,9.539174999999998,8.588596448011545,10.0715,8.4942,0.31827587550114345,0.2650892078572929,Bullish
127,2019-10-29,0.48131517,10.2873,9.574799999999987,9.159331999999988,8.961943000000005,9.301289499999985,81.6306429718446,169239.47619047618,10.564234960329749,9.608864999999998,8.653495039670245,10.3053,8.4942,0.32882296950970336,0.277835960187775,Bullish
128,2019-10-30,0.45131809999999994,10.1075,9.63260952380951,9.183431999999991,8.971729000000005,9.303391999999985,70.32923583080934,165144.2380952381,10.578532031779844,9.673609999999998,8.768687968220153,10.3053,8.4942,0.3189960720006297,0.28606798255034593,Bullish
129,2019-10-31,0.40170723,10.2604,9.701552380952368,9.20986999999999,8.984609000000004,9.306422999999985,73.66786278003201,159572.80952380953,10.60903584189712,9.741055000000001,8.873074158102881,10.3053,8.4942,0.3198588039009209,0.2928261468204609,Bullish
130,2019-11-01,0.5274629,10.2604,9.765785714285702,9.23702799999999,8.997576000000004,9.309207999999984,73.66786278003201,157310.90476190473,10.615659820605881,9.8085,9.001340179394118,10.3053,8.4942,0.31688961887806144,0.29763884123198103,Bullish
131,2019-11-04,0.49492428,10.4402,9.838580952380939,9.266343999999991,9.012602000000003,9.312932999999985,77.17114315650139,150596.61904761905,10.646991660110473,9.87909,9.111188339889528,10.3053,8.4942,0.3252950765510008,0.30317008829578496,Bullish
132,2019-11-05,0.53890294,10.5211,9.909661904761892,9.29871599999999,9.027654000000004,9.317103499999984,78.55370503907831,88287.09523809524,10.66630112820318,9.953275,9.24024887179682,10.4402,8.4942,0.33462704394089826,0.3094614794248076,Bullish
133,2019-11-06,0.52667856,10.737,9.990595238095224,9.335405999999992,9.045213000000006,9.322271499999985,81.73315978816392,78477.57142857142,10.708455421890298,10.036005000000001,9.3635545781097,10.5211,8.4942,0.3553477928196962,0.3186387421037853,Bullish
134,2019-11-07,0.49266323,10.7819,10.071523809523796,9.373353999999992,9.063656000000003,9.327622999999985,82.32018463107835,98406.14285714287,10.769651125531672,10.10974,9.449828874468327,10.737,8.4942,0.3711142166669639,0.3291338370164211,Bullish
135,2019-11-08,0.42717466,10.9209,10.148366666666654,9.415519999999992,9.083750000000004,9.333874499999984,84.03107390913996,108263.28571428572,10.867599917621591,10.180984999999998,9.494370082378405,10.7819,8.4942,0.3903259251892735,0.3413722546509915,Bullish
136,2019-11-11,0.5990678,10.8375,10.212247619047606,9.457815999999992,9.103705000000003,9.339462499999987,79.08592566514542,111025.19047619047,10.93710158414402,10.240864999999998,9.544628415855977,10.9209,8.4942,0.3942766834310909,0.3519531404070114,Bullish
137,2019-11-12,0.5945248000000001,10.6615,10.260895238095225,9.495873999999992,9.120335000000004,9.344170499999985,69.75649099505519,94194.80952380953,10.97246141872653,10.283849999999996,9.595238581273463,10.9209,8.4942,0.378838939222474,0.3573303001701039,Bullish
138,2019-11-13,0.62210345,10.5226,10.295219047619034,9.528455999999991,9.136880000000003,9.348183999999984,63.39997061764348,91575.76190476194,10.986848144977694,10.315395,9.643941855022305,10.9209,8.4942,0.3513462457345557,0.35613348928299426,Bearish
139,2019-11-14,0.58683324,10.4114,10.319966666666652,9.560431999999992,9.153096000000003,9.350923999999985,58.7818497931388,148409.09523809527,10.984876966893038,10.341379999999996,9.697883033106956,10.9209,8.4942,0.3169317850732565,0.3482931484410467,Bearish
140,2019-11-15,0.5116229,10.3836,10.34339047619046,9.591671999999994,9.168512000000003,9.353482499999982,57.65124807702874,149194.80952380953,10.979096835353044,10.364179999999998,9.749263164646953,10.9209,8.4942,0.2841394664916308,0.3354624120511635,Bearish
141,2019-11-18,0.4208751,10.5689,10.373928571428557,9.626617999999992,9.186129000000003,9.357389999999985,62.78879116291151,154290.04761904766,10.978790636332441,10.398039999999998,9.817289363667555,10.9209,8.4942,0.26999118878247685,0.3223681673974262,Bearish
142,2019-11-19,0.56904763,10.6522,10.410142857142839,9.663229999999992,9.205622000000004,9.361375999999984,64.85301685929738,166718.61904761905,10.984965446319721,10.433369999999996,9.881774553680273,10.9209,8.4942,0.26247454740028964,0.3103894433979989,Bearish
143,2019-11-20,0.5446779,10.6522,10.443790476190461,9.699301999999994,9.224507000000004,9.365235499999985,64.85301685929737,213123.38095238095,10.978421960744651,10.469149999999997,9.959878039255342,10.9209,8.4942,0.2535942779709384,0.2990304103125868,Bearish
144,2019-11-21,0.58387685,10.5781,10.474338095238078,9.734611999999991,9.243172000000003,9.368935499999985,61.34237473673895,293147.19047619053,10.97149196043773,10.494479999999996,10.017468039562262,10.9209,8.4942,0.23783572752947,0.2867914737559635,Bearish
145,2019-11-22,0.5653465999999999,10.4948,10.49449523809522,9.768255999999994,9.261178000000003,9.371838999999985,57.56959845682772,324575.7619047619,10.93889099499544,10.519239999999996,10.099589005004553,10.9209,8.4942,0.2161338919695801,0.2726599573986868,Bearish
146,2019-11-25,0.50678146,10.6522,10.52557142857141,9.803429999999992,9.280758000000004,9.375698499999984,62.289251087824326,334790.04761904763,10.948027789583907,10.536584999999997,10.125142210416088,10.9209,8.4942,0.20922409041160608,0.25997278400127066,Bearish
147,2019-11-26,0.42624697,10.6337,10.541209523809508,9.839131999999994,9.300240000000004,9.379634499999982,61.424431096489116,390599.5714285714,10.950821744293592,10.553904999999997,10.156988255706402,10.9209,8.4942,0.19995032462787776,0.2479682921265921,Bearish
148,2019-11-27,0.5844161999999999,10.6708,10.559471428571413,9.874497999999994,9.319745000000003,9.383840499999984,62.54743443793836,396645.8095238095,10.924483837922018,10.582069999999998,10.239656162077976,10.9209,8.4942,0.193365461696148,0.23704772604050325,Bearish
149,2019-11-28,0.56237453,10.7449,10.589823809523793,9.911345999999996,9.339557000000003,9.388374499999985,64.75443367849947,406479.1428571429,10.92174426359148,10.606295,10.290845736408516,10.9209,8.4942,0.19191389715765794,0.2280209602639342,Bearish
150,2019-11-29,0.5993446,10.9023,10.620390476190462,9.951881999999994,9.361203000000003,9.393948999999985,68.94118100737428,406099.7619047619,10.936690190413305,10.638389999999998,10.340089809586686,10.9209,8.4942,0.20114570389066344,0.22264590898928005,Bearish
151,2019-12-02,0.58848286,11.0228,10.656695238095221,9.995905999999996,9.385359000000003,9.400294999999982,71.71161272123095,402988.47619047615,10.99506714225664,10.667519999999998,10.339972857743355,10.9209,8.4942,0.21569887778244026,0.2212565027479121,Bearish
152,2019-12-03,0.53364867,11.1154,10.688847619047602,10.043221999999997,9.409745000000003,9.407314999999985,73.65629221982668,408726.5714285714,11.070848090108624,10.697234999999996,10.323621909891372,11.0228,8.4942,0.23202972481693784,0.22341114716171726,Bullish
153,2019-12-04,0.44579485,11.1617,10.719352380952364,10.091283999999996,9.434420000000003,9.414777499999985,74.59663414032168,435702.7619047619,11.14345510138649,10.718469999999998,10.293484898613508,11.1154,8.4942,0.24587378189733397,0.22790367410884055,Bullish
154,2019-12-05,0.6436269,11.1617,10.739576190476171,10.134849999999997,9.459965000000004,9.422239999999984,74.59663414032168,441798.0,11.203995903870883,10.737459999999995,10.270924096129109,11.1617,8.4942,0.2539182849443993,0.2331065962759523,Bullish
155,2019-12-06,0.64880127,11.1154,10.755457142857123,10.177309999999997,9.485047000000003,9.429259999999985,71.63125109336941,517250.380952381,11.236178996998452,10.747184999999998,10.258191003001544,11.1617,8.4942,0.25363385530954297,0.23721204808267046,Bullish
156,2019-12-09,0.67603457,11.1247,10.765161904761886,10.223371999999998,9.511004000000003,9.435946499999984,71.8731143281327,554512.2857142857,11.276484264283285,10.761544999999995,10.246605735716706,11.1617,8.4942,0.2512624776148886,0.2400221339891141,Bullish
157,2019-12-10,0.6531402,11.1154,10.778395238095221,10.267809999999997,9.536955000000004,9.442332999999984,71.2192140327506,554178.9523809524,11.319163420314036,10.784239999999995,10.249316579685958,11.1617,8.4942,0.2457992902174819,0.24117756523478764,Bullish
158,2019-12-11,0.5700063,11.0691,10.797804761904745,10.31294,9.562704000000004,9.448276999999985,67.90682585012925,557652.1904761904,11.34606887192284,10.811564999999995,10.27706112807715,11.1617,8.4942,0.2350244363851264,0.2399469394648554,Bearish
159,2019-12-12,0.45530432,11.1154,10.826033333333314,10.357017999999998,9.588220000000003,9.454241499999984,69.43761701532586,557699.8095238096,11.363654703032186,10.846764999999996,10.329875296967804,11.1617,8.4942,0.2275977054750449,0.2374770926668933,Bearish
160,2019-12-13,0.6573656999999999,11.1802,10.862642857142838,10.402391999999997,9.614819000000004,9.460360999999985,71.48744804113524,501533.1428571429,11.376656900070548,10.886594999999994,10.396533099929444,11.1617,8.4942,0.22435456638053708,0.2348525874096221,Bearish
161,2019-12-16,0.6521239999999999,11.2543,10.904104761904742,10.446909999999997,9.641290000000003,9.467061999999984,73.66279445964422,509271.2380952381,11.413123372301266,10.920864999999996,10.428606627698723,11.1802,8.4942,0.2251680093534372,0.2329156717983851,Bearish
162,2019-12-17,0.6808318,11.2173,10.934980952380934,10.490507999999998,9.666695000000004,9.473746999999985,70.75979405029125,514080.7619047619,11.44132269239488,10.949119999999995,10.45691730760511,11.2543,8.4942,0.22028773807176805,0.2303900850530617,Bearish
163,2019-12-18,0.66143346,11.208,10.961447619047599,10.533019999999997,9.691833000000004,9.480807499999985,70.01292742679391,500628.380952381,11.461622107957783,10.976909999999995,10.492197892042206,11.2543,8.4942,0.21321188179043915,0.2269544444005372,Bearish
164,2019-12-19,0.5786977,11.208,10.987914285714268,10.571035999999998,9.717058000000003,9.487445999999984,70.01292742679392,442176.0,11.466497481820936,11.008404999999994,10.550312518179053,11.2543,8.4942,0.205238354712014,0.22261122646283252,Bearish
165,2019-12-20,0.46103540000000004,11.347000000000001,11.02452857142855,10.608055999999998,9.743586000000002,9.494779499999984,74.65082848933194,368104.5714285714,11.466656154243324,11.051014999999996,10.63537384575667,11.2543,8.4942,0.20774070979630288,0.2196371231295266,Bearish
166,2019-12-23,0.67725515,11.2636,11.061138095238075,10.640529999999996,9.769367000000004,9.501695999999985,67.86831864029614,345556.95238095237,11.464007887783643,11.081584999999995,10.69916211221635,11.347000000000001,8.4942,0.20068083745725573,0.21584586599507244,Bearish
167,2019-12-24,0.6770409000000001,11.2173,11.088047619047599,10.668839999999998,9.795468,9.508169999999984,64.37168369584649,338628.3809523809,11.436962628901295,11.110764999999995,10.784567371098694,11.347000000000001,8.4942,0.18916919004110969,0.2105105308042799,Bearish
168,2019-12-25,0.69715685,11.2173,11.115838095238075,10.695351999999998,9.820873000000002,9.515065999999985,64.37168369584649,283676.0,11.39688407180402,11.138089999999995,10.87929592819597,11.347000000000001,8.4942,0.17799431881716465,0.20400728840685686,Bearish
169,2019-12-26,0.6710047,11.3006,11.145828571428552,10.723529999999998,9.847372000000002,9.522631999999987,67.83002106125929,282556.95238095237,11.361447420092224,11.165874999999994,10.970302579907768,11.347000000000001,8.4942,0.17385566678909115,0.1979769640833037,Bearish
170,2019-12-27,0.58489114,11.3192,11.173176190476171,10.751362,9.871539000000002,9.529995499999984,68.56378263902424,273580.7619047619,11.352001185864205,11.186719999999996,11.021438814135788,11.347000000000001,8.4942,0.1701156326726352,0.19240469780117,Bearish
171,2019-12-30,0.46412770000000003,11.4118,11.197438095238075,10.781764,9.896632000000002,9.538497499999984,71.98919251009433,276460.14285714284,11.380992505418115,11.206169999999995,11.031347494581876,11.347000000000001,8.4942,0.17263366141133574,0.18845049052320315,Bearish
172,2019-12-31,0.68544513,11.5693,11.223461904761882,10.814237999999998,9.9233,9.547786999999985,76.64966216995394,311666.66666666674,11.459575851718776,11.228864999999995,10.998154148281213,11.4118,8.4942,0.18520324334152785,0.18780104108686807,Bearish
173,2020-01-01,0.70133203,11.7082,11.251690476190458,10.849669999999998,9.951357000000002,9.556968499999988,79.83597019865367,309357.14285714284,11.564882493593027,11.256189999999995,10.947497506406968,11.5693,8.4942,0.20402097000089012,0.19104502686967248,Bullish
174,2020-01-02,0.73608285,11.7638,11.280361904761884,10.883515999999995,9.979970000000002,9.567230499999988,80.95619587970889,282285.71428571426,11.662345158756272,11.286294999999996,10.910244841243722,11.7082,8.4942,0.2208745054747414,0.19701092259068625,Bullish
175,2020-01-03,0.72867084,11.6989,11.30594285714284,10.917501999999995,10.009642,9.577421499999987,75.67155544216486,276166.66666666674,11.723166647521934,11.315469999999998,10.907773352478062,11.7638,8.4942,0.2263845460257663,0.20288564727770225,Bullish
176,2020-01-06,0.6316814000000001,11.8008,11.338580952380935,10.947411999999995,10.039524,9.587657499999986,78.0899286032273,184309.52380952387,11.798135610324126,11.349275,10.900414389675872,11.7638,8.4942,0.2362504234258473,0.20955860250733127,Bullish
177,2020-01-07,0.48899373,11.7638,11.369014285714268,10.976941999999998,10.068137,9.597919499999987,75.16809979738849,140357.14285714287,11.851480391323085,11.381695,10.911909608676913,11.8008,8.4942,0.2383362199823118,0.21531412600232736,Bullish
178,2020-01-08,0.75115514,11.7267,11.398123809523794,11.009325999999998,10.096379,9.607784999999987,72.24900318388619,159285.7142857143,11.884294596675005,11.414575,10.944855403324995,11.8008,8.4942,0.2342947646350151,0.21911025372886486,Bullish
179,2020-01-09,0.76619846,11.6712,11.426795238095222,11.037541999999998,10.123706,9.617921499999989,67.99502007976447,239642.85714285716,11.90368647695582,11.442365,10.981043523044177,11.8008,8.4942,0.22403100600525327,0.22009440418414256,Bullish
180,2020-01-10,0.7757743,11.7175,11.455466666666654,11.066684,10.151856,9.628162999999986,69.60295321271275,253880.9523809524,11.928930281053406,11.46923,11.009529718946593,11.8008,8.4942,0.2171299870673451,0.21950152076078308,Bearish
181,2020-01-13,0.74840796,11.8008,11.485019047619033,11.093895999999996,10.18012,9.639454499999985,72.29937986274619,292761.9047619048,11.966753338895805,11.496555,11.0263566611042,11.8008,8.4942,0.21589380428616425,0.2187799774658593,Bearish
182,2020-01-14,0.63940614,11.7638,11.509280952380939,11.118749999999995,10.208733,9.650645499999985,69.35641380025046,284904.7619047619,11.989484083315565,11.523880000000002,11.058275916684439,11.8008,8.4942,0.20951338980762024,0.2169266599342115,Bearish
183,2020-01-15,0.49000564,11.9027,11.541919047619036,11.142063999999996,10.238734999999998,9.662868499999988,73.68665379210508,283404.7619047619,12.028408534544964,11.558615,11.088821465455036,11.8008,8.4942,0.21320721447761848,0.2161827708428929,Bearish
184,2020-01-16,0.75514114,11.8749,11.573676190476176,11.163923999999998,10.268639,9.674952499999987,71.50865214820055,279119.04761904763,12.052046376238374,11.591960000000002,11.13187362376163,11.9027,8.4942,0.21145386099140676,0.21523698887259565,Bearish
185,2020-01-17,0.7803361,11.9027,11.606757142857132,11.183559999999998,10.299539999999999,9.687175499999986,72.387590386209,274761.9047619048,12.084397814368101,11.619745000000002,11.155092185631904,11.9027,8.4942,0.2098880842031612,0.21416720793870875,Bearish
186,2020-01-20,0.79718685,11.8101,11.628809523809512,11.203012,10.330413999999998,9.698977999999986,65.17520920238772,269261.9047619048,12.088425603114011,11.647070000000005,11.205714396885996,11.9027,8.4942,0.19888255442088187,0.21111027723514336,Bearish
187,2020-01-21,0.7704233,11.9027,11.659242857142846,11.227835999999998,10.361855,9.711285499999986,68.54981072634628,262404.7619047619,12.089048137765491,11.681340000000002,11.273631862234517,11.9027,8.4942,0.1953804150823899,0.20796430480459266,Bearish
188,2020-01-22,0.6547470999999999,11.9676,11.694971428571415,11.256735999999995,10.392596,9.723748499999989,70.69329070831087,261976.1904761905,12.084804119277385,11.718855000000005,11.352905880722624,11.9027,8.4942,0.19558722426069508,0.20548888869581314,Bearish
189,2020-01-23,0.4978942,12.0417,11.734228571428561,11.289341999999998,10.424887000000002,9.736624499999989,72.9593510636772,266738.0952380953,12.093970343134078,11.755910000000005,11.417849656865931,11.9676,8.4942,0.1994314511182207,0.20427740118029464,Bearish
190,2020-01-24,0.77707976,12.0324,11.769076190476179,11.322317999999996,10.456995,9.749495999999986,72.20474622369538,309761.9047619048,12.085414299587221,11.791570000000005,11.497725700412786,12.0417,8.4942,0.1994287063357323,0.20330766221138216,Bearish
191,2020-01-27,0.80740577,11.9583,11.799509523809512,11.350105999999998,10.488362000000002,9.761321499999989,66.31906220002958,435976.1904761905,12.063992078521908,11.818895000000005,11.573797921478098,12.0417,8.4942,0.1912427529439178,0.2008946803578893,Bearish
192,2020-01-28,0.8189055000000001,12.0324,11.829061904761893,11.37771,10.520470000000003,9.773897499999986,69.03711161295286,436761.9047619047,12.075684984537439,11.842050000000004,11.608415015462567,12.0417,8.4942,0.1885609632159273,0.1984279369294969,Bearish
193,2020-01-29,0.7945213000000001,11.949000000000002,11.847142857142847,11.403645999999998,10.551474000000002,9.786351999999988,62.885921785835315,411238.0952380953,12.083676488278373,11.854090000000005,11.624503511721633,12.0417,8.4942,0.17765801156902938,0.1942739518574034,Bearish
194,2020-01-30,0.6677169,12.0417,11.863023809523794,11.432918,10.583765000000003,9.799058999999987,66.46278162376358,409761.9047619047,12.107456745932625,11.867985000000004,11.628513254067382,12.0417,8.4942,0.17448609205571408,0.19031637989706554,Bearish
195,2020-01-31,0.503304,12.0131,11.874895238095224,11.463283999999998,10.615770000000003,9.811453999999989,64.40061275824472,428976.1904761905,12.117902655510704,11.883695000000005,11.649487344489303,12.0417,8.4942,0.16773104295490526,0.1857993125086335,Bearish
196,2020-02-03,0.7877774000000001,12.0893,11.893485714285704,11.492026,10.647728000000004,9.824398999999987,67.31081657331987,454785.7142857143,12.145306711616838,11.898120000000002,11.650933288383165,12.0417,8.4942,0.1666057931698841,0.1819606086408836,Bearish
197,2020-02-04,0.81697094,12.0797,11.906766666666654,11.520946,10.680039000000004,9.836873999999987,66.5724427009469,450547.61904761905,12.165090693688477,11.913915000000005,11.662739306311526,12.0893,8.4942,0.16305973372954166,0.17818043365861522,Bearish
198,2020-02-05,0.82793397,12.0797,11.921809523809511,11.549124,10.711811000000004,9.849348999999988,66.5724427009469,451785.7142857143,12.177187028938489,11.931565000000004,11.685942971061518,12.0893,8.4942,0.15842325144745395,0.17422899721638296,Bearish
199,2020-02-06,0.8045336,12.0893,11.939076190476179,11.576012,10.743679000000007,9.861027499999986,66.99237101396676,432214.2857142858,12.176077210080042,11.952470000000005,11.728862789919965,12.0893,8.4942,0.15375109864584854,0.1701334175022761,Bearish
200,2020-02-07,0.6757015000000001,11.9274,11.951276190476179,11.596514,10.774198000000005,9.872318499999986,54.54714381345403,382166.66666666674,12.159543546895955,11.962965000000004,11.766386453104053,12.0893,8.4942,0.13542333108167526,0.16319140021815592,Bearish
201,2020-02-10,0.5054919,11.8798,11.959004761904753,11.613654000000002,10.804780000000004,9.883793999999988,51.516936793325605,367095.2380952381,12.15320644129504,11.966915000000006,11.780623558704967,12.0893,8.4942,0.11572353220852705,0.15369782661623016,Bearish
202,2020-02-11,0.78825855,11.8513,11.961409523809511,11.628372000000002,10.835797000000005,9.894493499999989,49.73542497087819,329500.0,12.141731085421851,11.971290000000005,11.800848914578154,12.0893,8.4942,0.09669692588673406,0.14229764647033094,Bearish
203,2020-02-12,0.79873484,11.8989,11.967842857142847,11.643116000000004,10.867200000000004,9.905300499999989,52.67877193257057,333809.5238095238,12.141854689540033,11.971100000000005,11.800345310459974,12.0893,8.4942,0.08448523231966831,0.1307351636401984,Bearish
204,2020-02-13,0.80520344,11.9084,11.968114285714273,11.658050000000005,10.896450000000005,9.916111499999985,53.266944757581776,325666.66666666674,12.14034979374942,11.972775000000002,11.805200206250586,12.0893,8.4942,0.07471270622217041,0.1195306721565928,Bearish
205,2020-02-14,0.7758012,11.9179,11.970161904761893,11.674100000000005,10.925705000000002,9.927230999999985,53.884226075538216,336642.85714285716,12.139965625487369,11.973535000000002,11.807104374512635,12.0893,8.4942,0.06696257658769689,0.10901705304281364,Bearish
206,2020-02-17,0.65711683,11.8894,11.969528571428556,11.689394000000005,10.956383000000002,9.938859999999988,51.67887396817599,337476.19047619053,12.131479894791612,11.977500000000004,11.823520105208392,12.0893,8.4942,0.05785392714088465,0.09878442786242783,Bearish
207,2020-02-18,0.49802315,11.8513,11.971490476190464,11.704112000000006,10.985961000000005,9.950645999999988,48.80326414421221,340619.04761904763,12.13539703212831,11.974930000000002,11.814462967871695,12.0893,8.4942,0.047018900626818905,0.08843132241530605,Bearish
208,2020-02-19,0.77200747,11.8418,11.968590476190464,11.719566000000004,11.016253000000004,9.962471499999989,48.08479520078814,339642.85714285716,12.139301611383374,11.968640000000002,11.797978388616633,12.0893,8.4942,0.037236257054523485,0.07819230934314954,Bearish
209,2020-02-20,0.7878141,11.8132,11.961238095238082,11.733522000000004,11.045270000000004,9.973762999999987,45.894287073184366,343261.9047619048,12.137126170026246,11.957215,11.777303829973755,12.0893,8.4942,0.02686596642603689,0.06792704075972701,Bearish
210,2020-02-21,0.79615116,11.7466,11.947185714285702,11.744850000000007,11.073621000000005,9.985329999999989,41.18875592785741,337190.4761904762,12.141148085184632,11.942925000000002,11.744701914815376,12.0893,8.4942,0.013122109478635123,0.056966054503508626,Bearish
211,2020-02-24,0.76388067,11.8513,11.938561904761894,11.756790000000004,11.101850000000004,9.997811999999987,49.88744326979397,293238.0952380953,12.139588988377357,11.937575000000002,11.735561011622648,12.0893,8.4942,0.010556727431769277,0.04768418908916077,Bearish
212,2020-02-25,0.64822143,11.8608,11.933919047619035,11.769660000000005,11.130084000000005,10.010558499999988,50.60139629016624,172214.2857142857,12.128734104583838,11.928995000000004,11.72925589541617,12.0893,8.4942,0.00918434289440384,0.039984219850209377,Bearish
213,2020-02-26,0.4941323,11.8703,11.926199999999987,11.782906000000008,11.157963000000004,10.023613499999987,51.347861704005496,170071.42857142858,12.126163837855305,11.925060000000002,11.723956162144699,12.0893,8.4942,0.008762282725305326,0.033739832425228565,Bearish
214,2020-02-27,0.7630992,11.8894,11.923361904761894,11.796534000000007,11.183785000000007,10.035416499999988,52.88924114493759,162904.7619047619,12.11172353690012,11.917445000000004,11.723166463099885,12.0893,8.4942,0.009855400453501416,0.028962946030883136,Bearish
215,2020-02-28,0.7851674,11.8227,11.912933333333322,11.80604800000001,11.207052000000004,10.046972999999985,47.258509849028734,166833.33333333337,12.101178655852133,11.907925000000002,11.714671344147874,12.0893,8.4942,0.005278721745353821,0.024226101173777274,Bearish
216,2020-03-02,0.7972189000000001,11.8989,11.907495238095224,11.818754000000009,11.229642000000005,10.059127499999985,53.3666364387436,151428.57142857142,12.072822217901036,11.898405,11.723987782098966,12.0893,8.4942,0.007711480914236901,0.0209231771218692,Bearish
217,2020-03-03,0.77189654,12.0512,11.905680952380939,11.83543200000001,11.252136000000007,10.072043499999985,62.67177059364313,127880.95238095238,12.065825877652435,11.89698,11.728134122347564,12.0893,8.4942,0.021678896434993437,0.021074320984494046,Bullish
218,2020-03-04,0.65867156,12.0322,11.903419047619035,11.851730000000007,11.273541000000007,10.084907999999986,61.03553060260926,123357.14285714286,12.054185506016353,11.894605,11.735024493983648,12.0893,8.4942,0.030859305786753662,0.023031317944945968,Bullish
219,2020-03-05,0.5011936,12.1369,11.906142857142846,11.868456000000007,11.29599300000001,10.099121999999985,66.26266405710982,118428.57142857145,12.069041459049068,11.896985,11.72492854095093,12.0893,8.4942,0.046052397947970995,0.027635533945550975,Bullish
220,2020-03-06,0.78802323,12.0417,11.903876190476177,11.882906000000007,11.31713400000001,10.112859999999985,58.56893170087938,119500.0,12.085665166084572,11.9027,11.719734833915426,12.1369,8.4942,0.04983670208627089,0.032075767573694965,Bullish
221,2020-03-09,0.82076013,11.9846,11.906599999999983,11.894362000000006,11.338063000000009,10.126008499999985,54.48280802040023,89095.23809523809,12.093958981828106,11.90794,11.721921018171894,12.1369,8.4942,0.04767868735603464,0.035196351530162893,Bullish
222,2020-03-10,0.8283974000000001,11.9274,11.908866666666652,11.901524000000007,11.357881000000011,10.138870999999984,50.669226096929435,94976.19047619047,12.096079668199794,11.911745,11.727410331800206,12.1369,8.4942,0.04088162524709027,0.03633340627354837,Bullish
223,2020-03-11,0.79545754,11.8132,11.907052380952369,11.90362400000001,11.376647000000013,10.151162499999984,44.0411563564989,101904.76190476194,12.096708644910304,11.90746,11.718211355089693,12.1369,8.4942,0.02598043270877781,0.034262811560594256,Bearish
224,2020-03-12,0.6636944,11.699000000000002,11.897533333333321,11.90232800000001,11.392922000000011,10.162882999999985,38.60303459121756,141000.0,12.106912613361313,11.89699,11.687067386638686,12.1369,8.4942,0.0048996643929069,0.02839018212705678,Bearish
225,2020-03-13,0.49596158,11.6133,11.883480952380939,11.900616000000007,11.409059000000012,10.174174999999984,35.10034977396852,152190.47619047618,12.124964131544466,11.88176,11.638555868455533,12.1369,8.4942,-0.01850891094736795,0.019010363512171842,Bearish
226,2020-03-16,0.75697094,11.4229,11.85990952380951,11.893058000000009,11.420235000000012,10.185427499999985,28.83944240157634,159547.61904761905,12.173190227280388,11.858435,11.543679772719612,12.1369,8.4942,-0.051826639080660535,0.004842962993605361,Bearish
227,2020-03-17,0.7463666,11.2897,11.831352380952367,11.883576000000012,11.430259000000012,10.196100999999985,25.422996582926782,166285.7142857143,12.231102583773243,11.830355,11.429607416226757,12.1369,8.4942,-0.08796529628958716,-0.013718688863033143,Bearish
228,2020-03-18,0.74200225,10.3949,11.761999999999983,11.856940000000009,11.433133000000012,10.202430999999985,13.69016560882226,188595.23809523808,12.500804348120818,11.75801,11.015215651879185,12.1369,8.4942,-0.1866566625212016,-0.048306283594666835,Bearish
229,2020-03-19,0.6643958999999999,10.5757,11.701709523809509,11.83503000000001,11.436286000000011,10.210447499999985,21.566675664673557,212333.3333333333,12.599125354931953,11.696135000000002,10.793144645068052,12.1369,8.4942,-0.2474290245257862,-0.0881308317808907,Bearish
230,2020-03-20,0.54999626,10.8327,11.655019047619035,11.817334000000011,11.442009000000017,10.219792499999985,31.18066043072092,221690.47619047613,12.6280053970965,11.65044,10.6728746029035,12.1369,8.4942,-0.27172156997637664,-0.1248489794199879,Bearish
231,2020-03-23,0.43701899999999994,10.8327,11.611499999999989,11.797972000000017,11.445934000000017,10.229267999999985,31.18066043072092,222833.3333333333,12.634367207348188,11.59951,10.564652792651811,12.1369,8.4942,-0.28765764894790635,-0.1574107133255716,Bearish
232,2020-03-24,0.60678196,9.9094,11.519028571428557,11.760884000000017,11.439817000000017,10.233735499999984,20.63961832877568,223595.23809523808,12.763086180900698,11.50194,10.2407938190993,12.1369,8.4942,-0.3705185923136583,-0.20003228912318893,Bearish
233,2020-03-25,0.5446727,10.0331,11.431995238095222,11.723492000000016,11.432778000000017,10.238995499999984,24.330504278538793,220238.09523809524,12.81047173890751,11.41008,10.00968826109249,12.1369,8.4942,-0.4213478944684361,-0.2442954101922384,Bearish
234,2020-03-26,0.5560278000000001,10.3758,11.360828571428556,11.693510000000016,11.428717000000017,10.246186499999986,33.550816260998324,220976.19047619047,12.785670017605428,11.3344,9.88312998239457,12.1369,8.4942,-0.429031844652739,-0.2812426970843385,Bearish
235,2020-03-27,0.5198948,10.1854,11.2796857142857,11.659164000000017,11.421362000000016,10.252555999999986,31.270979342157574,219500.0,12.767701648623358,11.252534999999998,9.737368351376638,12.1369,8.4942,-0.4453513857412652,-0.3140644348157239,Bearish
236,2020-03-30,0.46012166,9.8999,11.188123809523796,11.620960000000016,11.411986000000011,10.257845499999984,28.178913152198806,217380.9523809524,12.745738071459394,11.152584999999998,9.559431928540599,12.1369,8.4942,-0.4758370502893534,-0.3464189579104498,Bearish
237,2020-03-31,0.39685282,9.7285,11.084771428571415,11.577476000000017,11.402656000000013,10.261495499999985,26.48571278888318,221761.9047619048,12.688203368393891,11.03645,9.384696631606108,12.1369,8.4942,-0.5079721202311411,-0.3787295903745881,Bearish
238,2020-04-01,0.5048266,9.7666,10.975980952380938,11.533456000000017,11.395096000000011,10.265987999999988,27.528155674272842,310785.71428571426,12.596836618057585,10.923169999999999,9.249503381942416,12.1369,8.4942,-0.5243209970205047,-0.4078478717037714,Bearish
239,2020-04-02,0.43959206,9.9094,10.874895238095226,11.490810000000018,11.390076000000011,10.271585999999989,31.451585149714877,342452.3809523809,12.443499693227425,10.811795,9.180090306772577,12.1369,8.4942,-0.5197633250233338,-0.4302309623676839,Bearish
240,2020-04-03,0.47361383,10.0903,10.777438095238082,11.451968000000017,11.387143000000016,10.277827499999985,36.16616015238251,430404.7619047619,12.271773821546288,10.714225000000004,9.156676178453717,12.1369,8.4942,-0.4958385013785609,-0.4433524701698593,Bearish
241,2020-04-06,0.45224026,10.1854,10.689042857142844,11.416510000000017,11.383308000000017,10.284718499999986,38.55855674360478,433952.38095238095,12.082602331724189,10.624265,9.165927668275817,12.1369,8.4942,-0.4638570754303366,-0.4474533912219548,Bearish
242,2020-04-07,0.42522463,10.0903,10.598838095238083,11.377668000000012,11.377689000000016,10.291655499999985,37.06265385039376,445166.66666666674,11.877917327219114,10.532410000000002,9.186902672780892,12.1369,8.4942,-0.4411006069474793,-0.4461828343670597,Bullish
243,2020-04-08,0.39439228,10.0141,10.507728571428556,11.338970000000012,11.371308000000017,10.297907499999985,35.862111120783915,438119.0476190476,11.668695924900335,10.442455,9.216214075099668,12.1369,8.4942,-0.424323309908802,-0.4418109294754081,Bullish
244,2020-04-09,0.5092895000000001,10.0617,10.424323809523797,11.299370000000012,11.366144000000016,10.304657999999984,37.229935525116545,438190.47619047615,11.451494716096008,10.36059,9.269685283903993,12.1369,8.4942,-0.4025459596943541,-0.4339579355191973,Bullish
245,2020-04-10,0.46727356,10.0712,10.346809523809512,11.260532000000012,11.36190800000002,10.311542999999984,37.51634241866569,398785.7142857143,11.215786035664156,10.283485,9.351183964335847,12.1369,8.4942,-0.3801386800711324,-0.4231940844295843,Bullish
246,2020-04-13,0.50654685,9.9951,10.269752380952367,11.218648000000012,11.355337000000018,10.318047499999984,36.095551071500786,387714.2857142858,10.99041303647379,10.212095,9.433776963526213,12.1369,8.4942,-0.364321709653268,-0.4114196094743211,Bullish
247,2020-04-14,0.47749898,9.9094,10.19768095238094,11.175242000000011,11.34809400000002,10.324166999999985,34.51050470224607,376380.9523809524,10.75365762029115,10.14308,9.532502379708854,12.1369,8.4942,-0.3546141492443624,-0.4000585174283294,Bullish
248,2020-04-15,0.43138155,9.8047,10.126966666666654,11.129742000000013,11.339433000000017,10.329588999999984,32.62556738971078,395142.85714285716,10.72963753883042,10.11357,9.497502461169578,12.1369,8.4942,-0.3513194606135173,-0.3903107060653669,Bullish
249,2020-04-16,0.38695029999999997,9.9951,10.10792857142856,11.087858000000011,11.33193500000002,10.335745999999986,39.136016108582986,402404.7619047619,10.66442140994565,10.084539999999999,9.504658590054351,12.1369,8.4942,-0.32954590729176125,-0.3781577463106458,Bullish
250,2020-04-17,0.49060377,10.8232,10.119714285714274,11.065774000000012,11.33114400000002,10.346173499999985,58.100023170418275,421928.5714285714,10.661504684383116,10.084064999999999,9.506625315616883,12.1369,8.4942,-0.24267208736968196,-0.351060614522453,Bullish
251,2020-04-20,0.4787965,10.6519,10.11110476190475,11.041216000000013,11.327435000000019,10.356396999999985,54.328987783820324,458619.0476190476,10.60935275288247,10.075025000000002,9.540697247117533,12.1369,8.4942,-0.18550801663449332,-0.3179500949448611,Bullish
252,2020-04-21,0.54445344,10.728,10.106119047619037,11.01875000000001,11.323561000000026,10.366652999999985,55.70447369247646,488976.1904761905,10.714782212057289,10.115955000000003,9.517127787942718,12.1369,8.4942,-0.13253664478630434,-0.28086740491314977,Bullish
253,2020-04-22,0.5508597,10.6614,10.14192857142856,10.994000000000007,11.318558000000019,10.376488999999985,54.16694197955746,488404.7619047619,10.789846054339995,10.147370000000004,9.504893945660012,12.1369,8.4942,-0.09483728912420553,-0.2436613817553609,Bullish
254,2020-04-23,0.510314,10.709000000000001,10.174114285714277,10.970012000000004,11.31403100000002,10.386997999999982,55.120397452617645,493761.9047619047,10.84543652799942,10.164030000000004,9.482623472000586,12.1369,8.4942,-0.06042283908553081,-0.2070136732213949,Bullish
255,2020-04-24,0.43263665,10.8518,10.196780952380943,10.948690000000004,11.311395000000019,10.398220999999985,57.946754582455775,494333.33333333326,10.941922458529254,10.197350000000004,9.452777541470754,12.1369,8.4942,-0.0213799185243424,-0.1698869222819844,Bullish
256,2020-04-27,0.60194945,10.8994,10.230780952380943,10.928890000000004,11.30914200000002,10.410072999999981,58.87643193732895,501071.4285714286,11.03807001800534,10.247325000000004,9.456579981994668,12.1369,8.4942,0.013250061043818206,-0.1332595256168239,Bullish
257,2020-04-28,0.5925128000000001,10.9375,10.280190476190468,10.910614000000004,11.307363000000018,10.422158999999981,59.645435072875436,504190.47619047615,11.115297943017868,10.307775000000003,9.500252056982138,12.1369,8.4942,0.0432701298103968,-0.09795359453137976,Bullish
258,2020-04-29,0.62872505,10.8098,10.331680952380943,10.889974000000004,11.304770000000019,10.433736999999981,55.87407276994965,500404.7619047619,11.155574607548651,10.359935000000004,9.564295392451356,12.1369,8.4942,0.056110125227968766,-0.06714085057951005,Bullish
259,2020-04-30,0.608591,10.7313,10.377619047619037,10.868336000000005,11.30092900000002,10.44457449999998,53.629229399404316,438928.5714285714,11.184147631266367,10.401030000000002,9.617912368733636,12.1369,8.4942,0.0592684108089383,-0.04185899830182038,Bullish
260,2020-05-01,0.5362998000000001,10.7313,10.416757142857133,10.848030000000005,11.296440000000018,10.455629499999981,53.629229399404316,440714.2857142858,11.21517298833334,10.433080000000002,9.650987011666665,12.1369,8.4942,0.06106742759392603,-0.0212737131226711,Bullish
261,2020-05-04,0.43789490000000003,10.7509,10.448214285714275,10.826022000000005,11.29140600000002,10.46634799999998,54.1625057995661,387095.2380952381,11.246469242578804,10.461355000000003,9.676240757421203,12.1369,8.4942,0.0633445213417776,-0.00435006622978136,Bullish
262,2020-05-05,0.61029243,10.8098,10.47794761904761,10.805002000000005,11.28733100000002,10.477012999999976,55.807266876324455,411023.8095238095,11.277056870384856,10.497330000000002,9.717603129615146,12.1369,8.4942,0.06910526976141185,0.010341000968457284,Bullish
263,2020-05-06,0.587979,10.7509,10.509404761904753,10.782614000000002,11.28276000000002,10.487296499999982,53.73096141291974,518142.85714285716,11.288293698341365,10.534170000000003,9.780046301658642,12.1369,8.4942,0.06813257670259176,0.02189931611528418,Bullish
264,2020-05-07,0.6164884,10.6625,10.540280952380943,10.758076000000004,11.277305000000016,10.49718149999998,50.683165527365894,517404.7619047619,11.28790958104182,10.564210000000003,9.840510418958186,12.1369,8.4942,0.059542203773856876,0.02942789364699872,Bullish
265,2020-05-08,0.58932686,10.6331,10.567490476190466,10.734284000000002,11.270166000000017,10.50687599999998,49.67398236833452,513214.2857142858,11.279997636211927,10.592305000000003,9.90461236378808,12.1369,8.4942,0.04978801183511905,0.03349991728462279,Bullish
266,2020-05-11,0.52115273,10.6527,10.595180952380943,10.709360000000002,11.264057000000019,10.51671199999998,50.38327875742943,509976.1904761905,11.256053871557377,10.625185000000004,9.994316128442634,12.1369,8.4942,0.04314198667701774,0.035428331163101776,Bullish
267,2020-05-12,0.43124935,10.5644,10.622290476190466,10.679624,11.257528000000017,10.52649799999998,47.15860732450871,511000.0,11.198281752650633,10.657935000000004,10.117588247349373,12.1369,8.4942,0.030399465693582425,0.0344225580691979,Bearish
268,2020-05-13,0.59137046,10.5153,10.651142857142851,10.649286000000002,11.250508000000016,10.535690499999982,45.417877576774714,511738.0952380953,11.074768088238418,10.693465000000003,10.312161911761589,12.1369,8.4942,0.016152767308341254,0.030768599917026573,Bearish
269,2020-05-14,0.5576423,10.3975,10.679371428571422,10.614498000000003,11.241477000000017,10.54442449999998,41.46344442468046,493571.4285714286,10.966070859208227,10.713585000000004,10.461099140791779,12.1369,8.4942,-0.004590403988451897,0.023696799135930882,Bearish
270,2020-05-15,0.5806185,10.3189,10.694790476190468,10.580042000000002,11.231474000000016,10.55150649999998,39.02209510335422,474214.2857142858,10.988300132531172,10.688370000000004,10.388439867468831,12.1369,8.4942,-0.027059949545899187,0.013545449399564865,Bearish
271,2020-05-18,0.5442871,10.5055,10.679661904761897,10.550460000000003,11.222411000000017,10.559521499999981,47.000404595707906,444928.5714285714,10.991156481712618,10.681050000000004,10.370943518287387,12.1369,8.4942,-0.029470448776995894,0.0049422697642527115,Bearish
272,2020-05-19,0.48924235,10.8491,10.689052380952372,10.528894000000003,11.215209000000018,10.569254499999976,57.91867778924386,487023.8095238095,11.005266402278963,10.687105000000004,10.368943597721039,12.1369,8.4942,-0.0036134843708524045,0.0032311189372316892,Bearish
273,2020-05-20,0.42290637,10.8098,10.69294761904761,10.508826,11.206225000000016,10.578790999999976,56.485363568836135,522642.85714285716,11.016837139858453,10.694525000000002,10.37221286014155,12.1369,8.4942,0.013550957649583141,0.005295086679701979,Bullish
274,2020-05-21,0.58441514,10.7705,10.698142857142848,10.490256000000002,11.196292000000017,10.588130999999976,55.01907075795699,538261.9047619047,11.021575042249076,10.6976,10.373624957750927,12.1369,8.4942,0.023709412706624636,0.008977951885086509,Bullish
275,2020-05-22,0.5785281,10.7705,10.701071428571419,10.473400000000002,11.187008000000016,10.598324999999981,55.01907075795699,531833.3333333335,11.011656179899015,10.693535,10.375413820100984,12.1369,8.4942,0.031398123503946,0.013461986208858408,Bullish
276,2020-05-25,0.6164789,10.7705,10.69719999999999,10.460352,11.176705000000016,10.608114499999976,55.019070757956975,531452.3809523811,10.993265726667358,10.68709,10.380914273332642,12.1369,8.4942,0.03706422884653193,0.01818243473639311,Bullish
277,2020-05-26,0.59641355,10.7705,10.691061904761897,10.449968000000002,11.16677200000002,10.617454499999976,55.019070757956975,526119.0476190476,10.965646078012252,10.67874,10.39183392198775,12.1369,8.4942,0.04108110079475225,0.022762167948064942,Bullish
278,2020-05-27,0.5283639,10.7705,10.683109523809511,10.45748,11.157210000000019,10.626794499999976,55.01907075795699,521523.8095238095,10.960585301962812,10.676775000000003,10.392964698037193,12.1369,8.4942,0.04376006199868776,0.026961746758189502,Bullish
279,2020-05-28,0.43643424,10.8,10.682642857142847,10.461966,11.14849800000002,10.636101999999976,56.253817308572025,518190.47619047615,10.968208915970669,10.680210000000002,10.392211084029334,12.1369,8.4942,0.047713549414892135,0.031112107289530032,Bullish
280,2020-05-29,0.6099066999999999,10.8589,10.688719047619038,10.462489999999997,11.139912000000018,10.645883999999976,58.69197500549678,493857.1428571429,10.984322335496687,10.686590000000002,10.388857664503318,12.1369,8.4942,0.05496584241146252,0.03588285431391653,Bullish
281,2020-06-01,0.5944968,10.8884,10.69619999999999,10.463603999999998,11.130788000000019,10.655453999999976,59.89752226580003,461761.9047619047,11.002938393202676,10.693465000000002,10.383991606797329,12.1369,8.4942,0.06237472333571147,0.04118122811827552,Bullish
282,2020-06-02,0.62718284,10.908,10.703680952380939,10.483575999999998,11.12223000000002,10.665481499999975,60.71780634109718,428880.9523809524,11.01802423822899,10.698375000000002,10.378725761771014,12.1369,8.4942,0.06903211182809166,0.04675140486023875,Bullish
283,2020-06-03,0.60830903,10.908,10.708357142857134,10.501074000000001,11.112283000000017,10.675508999999977,60.71780634109718,398142.85714285716,11.038142013040149,10.70623,10.374317986959854,12.1369,8.4942,0.07346132375997882,0.05209338864018677,Bullish
284,2020-06-04,0.5408934,10.908,10.715838095238084,10.511717999999998,11.102614000000017,10.685626499999973,60.71780634109718,276880.95238095237,11.061028934784877,10.718505,10.375981065215123,12.1369,8.4942,0.0760943379657597,0.05689357850530136,Bullish
285,2020-06-05,0.44361946,10.9276,10.728461904761893,10.526561999999998,11.092863000000017,10.696201499999972,61.69636554980731,275238.0952380953,11.084997941120912,10.73323,10.38146205887909,12.1369,8.4942,0.07885360165444055,0.0612855831351292,Bullish
286,2020-06-08,0.6290034000000001,10.8785,10.740147619047608,10.546134,11.083547000000017,10.706980499999972,57.81116701385939,273190.4761904762,11.099702328390071,10.74452,10.389337671609926,12.1369,8.4942,0.07619999227486574,0.0642684649630765,Bullish
287,2020-06-09,0.6132935,10.8884,10.751371428571415,10.569332000000001,11.073404000000016,10.71762949999997,58.38027053681478,272976.19047619053,11.111086057717529,10.76072,10.410353942282471,12.1369,8.4942,0.0740423211965684,0.06622323620977487,Bullish
288,2020-06-10,0.6391553000000001,10.9276,10.768666666666654,10.592551999999998,11.063004000000017,10.72779999999997,60.64407761276078,271333.33333333326,11.119831754933395,10.781335,10.442838245066604,12.1369,8.4942,0.07463511654893651,0.0679056122776072,Bullish
289,2020-06-11,0.61562073,10.8589,10.785028571428562,10.611541999999996,11.051176000000016,10.738031499999972,54.99805227205044,272071.4285714286,11.09455764586175,10.804405000000001,10.514252354138248,12.1369,8.4942,0.06876867283299859,0.06807822438868548,Bullish
290,2020-06-12,0.5423371,10.8,10.804195238095227,10.625735999999996,11.038852000000016,10.747923499999972,50.6446274423974,273500.0,11.014832867124976,10.828460000000002,10.642087132875028,12.1369,8.4942,0.05869019216856941,0.06620061794466227,Bearish
291,2020-06-15,0.44172707,10.5644,10.815885714285702,10.633315999999997,11.024913000000018,10.756637499999972,37.76688840191297,267571.4285714286,10.998093505603936,10.831405,10.664716494396064,12.1369,8.4942,0.03133081054067155,0.05922665646386412,Bearish
292,2020-06-16,0.61394715,10.6036,10.820557142857131,10.643582,11.010625000000012,10.765547499999967,40.47878718150299,260571.42857142855,11.012775956323528,10.81913,10.625484043676476,12.1369,8.4942,0.012665416837437604,0.04991440853857882,Bearish
293,2020-06-17,0.5783085,10.7509,10.815880952380938,10.658318,10.998644000000011,10.775058999999967,49.401396082278644,167071.42857142858,11.012087325408508,10.816185,10.620282674591495,12.1369,8.4942,0.009647624997725757,0.04186105183040821,Bearish
294,2020-06-18,0.6054388,10.6036,10.806061904761894,10.669156,10.984263000000013,10.784013999999967,42.53469568927725,101880.95238095238,11.023988600736516,10.807840000000002,10.591691399263489,12.1369,8.4942,-0.004577113623104978,0.032573418739705574,Bearish
295,2020-06-19,0.57564485,10.692,10.802323809523802,10.681572,10.971052000000013,10.793410999999967,47.271530539860755,85928.57142857142,11.025417869282371,10.803915000000002,10.582412130717632,12.1369,8.4942,-0.008617839167937902,0.024335167158176883,Bearish
296,2020-06-22,0.51409656,10.5349,10.79110476190475,10.692368000000002,10.955508000000014,10.801617999999966,40.83023769713421,84761.90476190476,11.042652362871976,10.792135000000002,10.541617637128027,12.1369,8.4942,-0.02421763451881276,0.014624606822778953,Bearish
297,2020-06-23,0.42839107,10.6331,10.784561904761894,10.706842000000002,10.941042000000014,10.810540499999966,45.801646316560614,91880.95238095238,11.045139918182374,10.785265000000004,10.525390081817633,12.1369,8.4942,-0.028330093730822625,0.006033666712058634,Bearish
298,2020-06-24,0.58944154,10.6429,10.778485714285702,10.723606000000002,10.926674000000014,10.819242499999966,46.28666783038774,96214.28571428572,11.046059312201416,10.778885000000002,10.511710687798589,12.1369,8.4942,-0.030447489481192136,-0.0012625645265915205,Bearish
299,2020-06-25,0.56257886,10.6331,10.771942857142847,10.736366000000002,10.912112000000011,10.827895499999961,45.84484303846509,97714.28571428572,11.044884749540227,10.770540000000002,10.496195250459776,12.1369,8.4942,-0.032541204220299484,-0.007518292465333114,Bearish
300,2020-06-26,0.59478647,10.6527,10.76492857142856,10.732956,10.899365000000014,10.836781499999962,46.9358070070497,96000.0,11.036011820285966,10.760230000000005,10.48444817971404,12.1369,8.4942,-0.032247206318228194,-0.012464075235912132,Bearish
301,2020-06-29,0.5712848,10.8,10.762123809523802,10.735918000000002,10.888567000000014,10.846673499999966,54.37469070465136,91404.76190476194,11.026010458179115,10.755810000000006,10.48560954182089,12.1369,8.4942,-0.019898949200443997,-0.013951050028818504,Bearish
302,2020-06-30,0.51687884,10.692,10.75277142857142,10.735198000000002,10.876974000000011,10.856385499999963,48.95573644628503,89571.42857142858,11.007162077237844,10.745010000000004,10.482857922762165,12.1369,8.4942,-0.01861300474405425,-0.014883440971865653,Bearish
303,2020-07-01,0.43232283,10.6331,10.739680952380944,10.734632000000003,10.864316000000017,10.865757999999962,46.24869802762975,94261.90476190476,10.986528849967044,10.731265000000006,10.476001150032968,12.1369,8.4942,-0.022091959887976742,-0.01632514475508787,Bearish
304,2020-07-02,0.59751344,10.6822,10.728928571428565,10.734096000000003,10.852054000000017,10.874251999999961,48.790781796187105,95142.85714285713,10.962635667393622,10.719975000000009,10.477314332606394,12.1369,8.4942,-0.020649067651584474,-0.01718992933438719,Bearish
305,2020-07-03,0.5743769,10.7411,10.720980952380943,10.731882000000002,10.840286000000017,10.882995499999966,51.73935860178227,107333.33333333331,10.934265746315058,10.710650000000003,10.487034253684953,12.1369,8.4942,-0.014584704017357453,-0.016668884270981243,Bullish
306,2020-07-06,0.60675704,10.8982,10.719580952380943,10.731858000000004,10.830374000000017,10.893378499999962,58.58842831116614,107285.71428571428,10.938351556740034,10.711635000000003,10.484918443259977,12.1369,8.4942,0.002864979217633845,-0.012762111573258223,Bullish
307,2020-07-07,0.58923364,10.8785,10.719580952380943,10.730678000000003,10.820646000000016,10.903303499999963,57.486684839570046,121761.90476190475,10.936348857729962,10.711140000000006,10.485931142270047,12.1369,8.4942,0.014932224154250662,-0.0072232444277564485,Bullish
308,2020-07-08,0.52999616,10.908,10.720514285714275,10.732642000000004,10.811308000000016,10.913780499999962,58.7379795288202,131571.42857142858,10.93173385585864,10.710160000000004,10.488586144141369,12.1369,8.4942,0.026569726892004653,-0.00046465016380422766,Bullish
309,2020-07-09,0.44074637,10.8884,10.71864761904761,10.735784000000002,10.802060000000017,10.923664999999962,57.526485685554135,132547.61904761905,10.937501006960087,10.711635000000003,10.48576899303992,12.1369,8.4942,0.03382110679318728,0.006392501227594076,Bullish
310,2020-07-10,0.6236488,10.908,10.720985714285703,10.739318000000004,10.793674000000017,10.933647499999957,58.449405839132545,154857.14285714287,10.955884285325098,10.717035000000003,10.478185714674908,12.1369,8.4942,0.04068049438763843,0.01325009985960295,Bullish
311,2020-07-13,0.6116919,11.0062,10.730804761904752,10.744424000000004,10.785223000000014,10.943536499999958,62.80969932837454,146357.14285714287,10.998279200236592,10.739125000000005,10.479970799763414,12.1369,8.4942,0.05342468131334499,0.02128501615035136,Bullish
312,2020-07-14,0.642694,10.9473,10.749038095238085,10.747174000000005,10.776088000000017,10.953085999999956,58.82247845970127,153809.52380952382,11.022718640250664,10.756310000000004,10.489901359749343,12.1369,8.4942,0.058102039374075425,0.02864842079509617,Bullish
313,2020-07-15,0.621448,10.8982,10.763066666666656,10.750120000000004,10.766367000000017,10.962164999999958,55.65096085036318,194166.66666666663,11.037129368222923,10.763675000000005,10.49022063177708,12.1369,8.4942,0.05718769552565561,0.034356275741208066,Bullish
314,2020-07-16,0.5472008,10.8295,10.766809523809512,10.753460000000004,10.755768000000018,10.969776499999957,51.46944968469273,254880.9523809524,11.039561701306294,10.774970000000005,10.510378298693713,12.1369,8.4942,0.050339275752383734,0.0375528757434432,Bullish
315,2020-07-17,0.44415477,10.8,10.776161904761896,10.756798000000005,10.745541000000017,10.976296499999957,49.741121820436256,266047.61904761905,11.042363557936433,10.780370000000005,10.518376442063577,12.1369,8.4942,0.042046761391532066,0.038451652873060974,Bullish
316,2020-07-20,0.6257731,10.8,10.781304761904753,10.759744000000005,10.734552000000015,10.982096999999957,49.741121820436256,275166.66666666674,11.03019170835096,10.793625000000004,10.557058291649048,12.1369,8.4942,0.035070611833695864,0.03777544466518795,Bearish
317,2020-07-21,0.60094446,10.8,10.793928571428564,10.764456000000004,10.722040000000016,10.987087999999957,49.741121820436256,342214.2857142857,11.026780418797543,10.801970000000004,10.577159581202462,12.1369,8.4942,0.02920530250110432,0.036061416232371225,Bearish
318,2020-07-22,0.6256213,10.7804,10.800942857142847,10.769758,10.709522000000016,10.991531499999956,48.392643227054606,351190.4761904762,11.021878006597301,10.808845000000005,10.595811993402707,12.1369,8.4942,0.02271361795276583,0.03339185657645015,Bearish
319,2020-07-23,0.5985263000000001,10.8,10.808423809523802,10.777808,10.696153000000015,10.996072999999956,49.85659570649163,354166.66666666674,11.014529533798454,10.817190000000005,10.61985046620156,12.1369,8.5203,0.018932228429676456,0.030499930947095414,Bearish
320,2020-07-24,0.5306901999999999,10.8,10.81637142857142,10.78743,10.683736000000016,11.000434999999957,49.85659570649161,365261.9047619047,11.007239498247118,10.824555000000005,10.641870501752894,12.1369,8.5203,0.01575384941950908,0.027550714641578145,Bearish
321,2020-07-27,0.43783614,10.87,10.82671904761904,10.79472,10.672590000000014,11.005326499999956,55.12882338526005,393404.7619047619,11.01140462748774,10.828055000000004,10.644705372512268,12.1369,8.6072,0.018668180970864867,0.025774207907435488,Bearish
322,2020-07-28,0.6147399,10.95,10.833861904761894,10.796738000000001,10.662816000000014,11.010348499999957,60.27013640334321,395309.52380952385,11.020463690318756,10.840955000000005,10.661446309681256,12.1369,8.6072,0.027120512745051784,0.026043468874958748,Bullish
323,2020-07-29,0.6041012,10.81,10.839480952380944,10.796742,10.652784000000011,11.014715499999957,49.566779190401114,422238.0952380953,11.002970937191002,10.849800000000005,10.696629062809006,12.1369,8.6072,0.022265553163631324,0.025287885732693263,Bearish
324,2020-07-30,0.632131,10.89,10.851714285714277,10.799132,10.644694000000014,11.018807999999952,54.53542063381425,433452.38095238095,10.99336200756902,10.860190000000005,10.727017992430984,12.1369,8.6072,0.024589837786008317,0.025148276143356275,Bearish
325,2020-07-31,0.6100215,10.89,10.861609523809514,10.801522,10.637461000000012,11.023259999999953,54.53542063381423,431023.8095238095,10.989513271648116,10.867635000000005,10.745756728351886,12.1369,8.6072,0.02613063242991132,0.025344747400667285,Bullish
326,2020-08-03,0.5406303000000001,10.92,10.870128571428564,10.804512,10.632432000000016,11.026333499999952,56.403408801199134,419976.1904761905,10.992058432206981,10.868725000000005,10.745391567793023,12.1369,8.6072,0.02943318512892468,0.02616243494631876,Bullish
327,2020-08-04,0.44314456,10.92,10.871166666666655,10.807502000000001,10.628735000000015,11.029496999999953,56.40340880119914,485380.9523809524,10.996102146828912,10.870800000000004,10.745497853171091,12.1369,8.6072,0.03168523427910408,0.027266994812875832,Bullish
328,2020-08-05,0.62653565,11.0,10.876952380952373,10.812092,10.634786000000013,11.033959499999952,61.31860813698737,493595.2380952381,11.012066557723179,10.875400000000004,10.738733442276828,12.1369,8.6507,0.039470341342303435,0.02970766411876135,Bullish
329,2020-08-06,0.6179865,10.97,10.879904761904752,10.815491999999999,10.638729000000014,11.037507499999952,58.64830822122512,485904.7619047619,11.022193679792085,10.879480000000004,10.736766320207924,12.1369,8.6507,0.042726817345183576,0.032311494764045795,Bullish
330,2020-08-07,0.6469908000000001,11.2,10.894742857142846,10.822314000000004,10.642402000000015,11.04220549999995,69.58427516816754,489142.85714285716,11.093826064791832,10.894080000000004,10.694333935208176,12.1369,8.7227,0.06313885048310652,0.038476965907857937,Bullish
331,2020-08-10,0.6339679,11.2,10.908647619047608,10.828546000000005,10.646075000000016,11.046004499999947,69.58427516816754,533523.8095238096,11.139833839670391,10.903770000000005,10.667706160329617,12.1369,8.7227,0.07841165307853792,0.04646390334199394,Bullish
332,2020-08-11,0.5639143,11.24,10.919780952380943,10.835186000000006,10.659381000000018,11.049598999999947,71.12453643401872,554714.2857142857,11.196074864947535,10.918405000000005,10.640735135052472,12.1369,8.7227,0.09267482715668328,0.05570608810493181,Bullish
333,2020-08-12,0.45764938,11.08,10.926099999999993,10.838626000000005,10.669850000000013,11.051313999999948,58.38768328026354,596761.9047619047,11.213695946713765,10.927495000000004,10.641294053286243,12.1369,8.7227,0.09003002249247594,0.06257087498244064,Bullish
334,2020-08-13,0.66451824,11.4,10.949995238095232,10.848466000000005,10.680092000000016,11.054404499999947,69.97033233772872,565071.4285714285,11.304427621041693,10.956020000000004,10.607612378958315,12.1369,8.7227,0.11245896445080383,0.07254849287611329,Bullish
335,2020-08-14,0.67087203,11.4,10.977161904761896,10.857914000000005,10.692238000000016,11.056799999999948,69.97033233772873,658785.7142857143,11.376331504314086,10.986020000000005,10.595708495685919,12.1369,8.7227,0.1287499136836736,0.08378877703762536,Bullish
336,2020-08-17,0.7008024,11.4,11.005733333333325,10.868344000000002,10.707239000000015,11.059612499999947,69.97033233772872,797738.0952380953,11.435660644361365,11.016020000000005,10.596379355638641,12.1369,8.7227,0.1400462424138862,0.09504027011287752,Bullish
337,2020-08-18,0.6849959,11.41,11.034780952380943,10.878776,10.724054000000018,11.063354999999945,70.29306867549698,921047.619047619,11.487074639517115,11.046520000000005,10.605965360482891,12.1369,8.7227,0.14809839463939234,0.10565189501818048,Bullish
338,2020-08-19,0.597349,11.22,11.054780952380943,10.884624,10.73858800000002,11.066841999999944,57.62174388713912,965571.4285714284,11.497465033540097,11.068500000000002,10.639534966459909,12.1369,8.7227,0.13756263476320107,0.1120340429671846,Bullish
339,2020-08-20,0.46891427,11.08,11.069047619047609,10.889046000000002,10.75029400000002,11.070184999999947,50.41079838240228,965476.1904761904,11.493395363809539,11.0825,10.671604636190464,12.1369,8.7227,0.11657236551817185,0.11294170747738205,Bullish
340,2020-08-21,0.68495214,10.99,11.078095238095226,10.892846000000004,10.759291000000019,11.073216999999943,46.39155842949722,995333.3333333335,11.484713636126962,11.092000000000002,10.699286363873043,12.1369,8.7227,0.091619050690662,0.10867717612003804,Bearish
341,2020-08-24,0.66100675,11.0,11.087619047619038,10.901558000000005,10.767437000000019,11.075372499999943,46.89816643729631,1017142.8571428572,11.480456803840593,11.0985,10.71654319615941,12.1369,8.7227,0.07182236185781933,0.1013062132675943,Bearish
342,2020-08-25,0.6719948,10.99,11.093333333333325,10.909286000000005,10.776434000000016,11.077061499999942,46.42568810052701,1026333.3333333335,11.479734755791274,11.100500000000002,10.721265244208732,12.1369,8.7227,0.05469592631233944,0.09198415587654332,Bearish
343,2020-08-26,0.63640356,10.96,11.093809523809517,10.913468000000005,10.785893000000017,11.078600499999943,44.96223154916951,1110595.2380952379,11.469474757071676,11.108000000000002,10.746525242928332,12.1369,8.7227,0.038261301012465054,0.08123958490372768,Bearish
344,2020-08-27,0.5541575,11.11,11.108095238095231,10.923596000000005,10.796376000000016,11.081259999999943,52.948590241641575,1132833.333333333,11.466384513183884,11.119000000000005,10.77161548681612,12.1369,8.7227,0.03691495582296156,0.07237465908757444,Bearish
345,2020-08-28,0.44991693,10.98,11.112380952380944,10.929356000000006,10.805464000000017,11.083685999999943,46.63294643722264,1153595.2380952379,11.461095912297521,11.123500000000005,10.78590408770249,12.1369,8.7227,0.02506907334317532,0.06291354193869461,Bearish
346,2020-08-31,0.64388967,11.32,11.132857142857132,10.945058000000007,10.818713000000011,11.087024999999942,60.05330983843225,1155095.2380952379,11.477881518628035,11.143500000000005,10.809118481371973,12.1369,8.7227,0.04262493096336328,0.058855819743628336,Bearish
347,2020-09-01,0.6465794,11.22,11.147142857142846,10.956796000000004,10.831819000000014,11.089956499999943,55.62283818945591,1168095.2380952379,11.478016822718265,11.158500000000005,10.838983177281742,12.1369,8.7496,0.047916558090708605,0.0566679674130444,Bearish
348,2020-09-02,0.6786729,11.18,11.159523809523801,10.967538000000005,10.845572000000017,11.092502499999943,53.90957686535267,1106785.7142857143,11.47868322576882,11.167500000000004,10.856316774231189,12.1369,8.7496,0.048325478967225166,0.05499946972388055,Bearish
349,2020-09-03,0.66073203,11.31,11.174285714285702,10.981076000000005,10.858721000000012,11.095327999999943,58.39481930376265,1086571.4285714286,11.48771444556612,11.184500000000005,10.881285554433887,12.1369,8.7496,0.05846551123267396,0.05569267802563923,Bullish
350,2020-09-04,0.58035207,11.25,11.18761904761904,10.993022000000005,10.862989000000011,11.097066499999944,55.70063113246011,1091547.6190476192,11.491506157572895,11.187000000000005,10.882493842427118,12.1369,8.7496,0.06095738253771187,0.05674561892805376,Bullish
351,2020-09-07,0.46321186,11.24,11.189523809523802,11.001822000000004,10.868870000000014,11.09815249999994,55.243158059028254,1090523.8095238095,11.49434570571683,11.189000000000005,10.88365429428318,12.1369,8.7496,0.06141731153695496,0.057679957449833986,Bullish
352,2020-09-08,0.6774883,11.12,11.185714285714278,11.010382000000005,10.872790000000009,11.098175499999938,49.9423693624035,1050119.0476190476,11.488816938706346,11.183000000000005,10.877183061293664,12.1369,8.7496,0.05150509281514282,0.056444984522895765,Bearish
353,2020-09-09,0.66931075,11.1,11.179047619047614,11.019720000000005,10.877176000000011,11.097866999999935,49.096801194651604,1044976.1904761904,11.488591529757132,11.184000000000005,10.879408470242877,12.1369,8.7496,0.0415567152659726,0.053467330671511125,Bearish
354,2020-09-10,0.68591404,11.07,11.17857142857142,11.027476000000005,10.88078600000001,11.097408499999938,47.78975707302735,1007904.761904762,11.458970410161667,11.167500000000004,10.87602958983834,12.1369,8.7496,0.030895659177408774,0.048952996372690655,Bearish
355,2020-09-11,0.6531838000000001,11.08,11.163333333333325,11.034254000000008,10.88306800000001,11.097231499999936,48.283983027417705,1010571.4285714284,11.424723351856668,11.151500000000004,10.87827664814334,12.1369,8.7496,0.022988613419391516,0.04376011978203083,Bearish
356,2020-09-14,0.56718487,11.01,11.144761904761896,11.036490000000008,10.884174000000007,11.096657999999941,45.06795095463589,870261.9047619047,11.38652701231866,11.132000000000005,10.87747298768135,12.1369,8.7496,0.0109476104645978,0.03719761791854422,Bearish
357,2020-09-15,0.4529182,11.0,11.125714285714276,11.038920000000006,10.88479900000001,11.096080999999938,44.610816351640274,731071.4285714284,11.33762164867598,11.111500000000005,10.885378351324027,12.1369,8.7496,0.000591296349421455,0.029876353604719668,Bearish
358,2020-09-16,0.6490395,11.0,11.106190476190466,11.040760000000008,10.88670100000001,11.095735499999938,44.61081635164028,604785.7142857143,11.325841962359133,11.100500000000006,10.875158037640873,12.1369,8.7496,-0.007529363385824439,0.022395210206610845,Bearish
359,2020-09-17,0.6340659000000001,10.97,11.094285714285702,11.042392000000007,10.88908800000001,11.095008499999935,43.090112881850146,498738.0952380953,11.327335963638921,11.095000000000002,10.862664036361084,12.1369,8.7496,-0.016199061316447327,0.01467635590199921,Bearish
360,2020-09-18,0.65613437,11.0,11.09047619047618,11.044232000000004,10.891775000000012,11.094107499999936,45.10531829404575,498928.5714285714,11.326971380520387,11.095500000000005,10.864028619479619,12.1369,8.7496,-0.020413792614611737,0.0076583261986770184,Bearish
361,2020-09-21,0.63007355,10.94,11.088095238095226,11.042908000000004,10.893666000000012,11.092535999999935,41.9089757007899,475309.52380952385,11.33031295170774,11.092500000000005,10.854687048292265,12.1369,8.7496,-0.0282696214936351,0.0004727366602145953,Bearish
362,2020-09-22,0.5523005,11.06,11.090952380952373,11.045162000000005,10.896168000000012,11.091749499999935,49.60133070657531,465380.9523809524,11.32970066324268,11.096000000000002,10.862299336757326,12.1369,8.7496,-0.02452966267812684,-0.004527743207453692,Bearish
363,2020-09-23,0.4488442,11.03,11.092857142857133,11.047798000000006,10.898959000000012,11.090859499999938,47.89385409538929,439142.85714285716,11.326962084752724,11.099500000000004,10.872037915247278,12.1369,8.7586,-0.0237131175927221,-0.008364818084507373,Bearish
364,2020-09-24,0.6424769,11.03,11.096190476190467,11.051808000000005,10.902634000000011,11.089969499999938,47.8938540953893,359214.2857142857,11.3248883170521,11.095500000000005,10.866111682947905,12.1369,8.8126,-0.022803139333870348,-0.01125248233437997,Bearish
365,2020-09-25,0.6335864,11.02,11.091904761904752,11.056208000000005,10.906503000000011,11.088334499999938,47.26485806352262,315261.9047619048,11.3234977875996,11.097500000000005,10.871502212400408,12.1369,8.8126,-0.022628049366577585,-0.01352759574081949,Bearish
366,2020-09-28,0.658946,10.89,11.087619047619038,11.058008000000005,10.908876000000012,11.086466499999936,39.92423737230507,290833.33333333326,11.294942914934063,11.076000000000004,10.857057085065945,12.1369,8.8126,-0.03260337147919224,-0.01734275088849404,Bearish
367,2020-09-29,0.6308396,10.96,11.070476190476182,11.061208000000004,10.912832000000012,11.085179999999935,44.88767458717725,311047.61904761905,11.277018690771847,11.063000000000004,10.848981309228167,12.1369,8.8126,-0.03446320080982623,-0.02076684087276048,Bearish
368,2020-09-30,0.55184996,10.8,11.050476190476182,11.061600000000006,10.915679000000011,11.083093499999938,37.301596831952175,298976.19047619053,11.279490976471825,11.044000000000004,10.808509023528185,12.1369,8.8126,-0.04829112178613569,-0.026271697055435517,Bearish
369,2020-10-01,0.44474378,10.88,11.036190476190466,11.063200000000005,10.920504000000012,11.080990499999938,42.53129121156237,324285.71428571426,11.23424276847124,11.022500000000004,10.810757231528768,12.1369,8.9115,-0.05219287045092536,-0.03145593173453349,Bearish
370,2020-10-02,0.62773126,10.93,11.018095238095231,11.065800000000007,10.926615000000012,11.079044499999938,45.586168952527544,323428.5714285714,11.194039329207644,11.006500000000004,10.81896067079237,12.1369,8.9115,-0.050666401507942986,-0.03529802568921539,Bearish
371,2020-10-05,0.6101969,10.79,10.996190476190467,11.064200000000005,10.929460000000011,11.07593549999994,39.2886158527251,362357.1428571429,11.161808886166627,10.984000000000005,10.806191113833382,12.1369,9.0284,-0.06006114633600035,-0.04025064981857238,Bearish
372,2020-10-06,0.6340745,10.88,10.97904761904761,11.062800000000005,10.929769000000016,11.07248899999994,44.5881817920252,359738.0952380953,11.14376728442827,10.972000000000005,10.80023271557174,12.1369,9.0374,-0.05955775671312756,-0.04411207119748342,Bearish
373,2020-10-07,0.6083274999999999,10.94,10.970476190476179,11.065400000000004,10.931071000000017,11.068647999999941,47.856071125892925,336809.5238095238,11.125789987329147,10.964000000000004,10.802210012670862,12.1369,9.0824,-0.0536983174734047,-0.04602932045266768,Bearish
374,2020-10-08,0.5407682,10.92,10.961904761904751,11.066000000000004,10.932566000000017,11.064428999999938,46.86394426792502,323714.2857142857,11.111712757207648,10.956500000000005,10.801287242792359,12.1369,9.3072,-0.0500910836819024,-0.046841673098514634,Bearish
