,Date,Open,High,Low,Close,Volume,Predicted Price
3523,2015-10-05,30.9685,30.9744,30.4671,30.6323,21744.0,29.427076
3524,2015-10-06,30.9154,30.9154,30.1544,30.6735,8833.0,29.64093
3525,2015-10-07,29.942,30.0895,29.942,30.0895,2718.0,29.825977
3526,2015-10-08,29.6293,29.883000000000006,29.5585,29.6116,22423.0,29.789875
3527,2015-10-09,29.6765,29.9125,29.6175,29.6352,21064.0,29.621021
3528,2015-10-12,29.4995,29.7945,29.4995,29.5644,108039.0,29.463387
3529,2015-10-13,29.4995,29.5467,29.3815,29.4582,428078.0,29.288418
3530,2015-10-14,29.2045,29.4995,29.2045,29.4995,15628.0,29.113976
3531,2015-10-15,29.352,29.352,29.352,29.352,4077.0,29.042292
3532,2015-10-16,29.2045,29.4995,29.1455,29.3933,10872.0,28.98409
3533,2015-10-19,29.4995,29.647,29.4995,29.4995,40090.0,28.95048
3534,2015-10-20,29.4995,29.765,29.4995,29.4995,48923.0,28.957167
3535,2015-10-21,28.9685,29.175,28.3313,29.0157,188898.0,28.968151
3536,2015-10-22,28.3254,28.9095,28.231,28.3018,224911.0,28.841854
3537,2015-10-23,28.3254,28.9095,28.231,28.3018,224911.0,28.571243
3538,2015-10-26,29.2045,29.7119,28.054,28.1543,38051.0,28.363094
3539,2015-10-27,28.3254,28.2664,27.7295,27.759,32615.0,28.13137
3540,2015-10-28,27.818,28.0245,27.7295,27.7531,235783.0,27.833658
3541,2015-10-29,27.995,28.2015,27.7295,28.1071,4164586.0,27.646996
3542,2015-10-30,26.992,28.0776,26.992,27.7885,67949.0,27.655876
3543,2015-11-02,28.0245,28.0776,27.7295,28.0717,14949.0,27.5618
3544,2015-11-03,27.9478,28.0245,27.9478,28.0245,2038.0,27.590961
3545,2015-11-04,27.9065,28.467,27.9065,28.4434,50282.0,27.630194
3546,2015-11-05,28.6145,28.821,28.3195,28.3195,66590.0,27.77982
3547,2015-11-06,28.6086,28.6145,28.3785,28.6145,6795.0,27.824326
3548,2015-11-09,29.0865,29.4995,28.6735,28.703000000000007,23103.0,27.978245
3549,2015-11-10,29.1927,29.1927,28.4965,28.5142,4756.0,28.094976
3550,2015-11-11,28.3254,28.4965,28.3254,28.467,89013.0,28.139656
3551,2015-11-12,28.6204,28.6145,28.3195,28.5732,75423.0,28.132969
3552,2015-11-13,27.877,28.3195,27.7295,28.2959,31256.0,28.167648
3553,2015-11-16,27.7885,27.877,27.759,27.8475,14949.0,28.086533
3554,2015-11-17,28.0245,28.0245,27.641,27.7059,66590.0,27.897968
3555,2015-11-18,27.7295,27.7295,27.464,27.582,53680.0,27.73402
3556,2015-11-19,27.4404,27.7295,27.4404,27.6646,1426247.0,27.567852
3557,2015-11-20,27.4345,27.4345,27.1395,27.2103,243936.0,27.444908
3558,2015-11-23,27.7177,27.7177,27.405,27.4227,17667.0,27.242077
3559,2015-11-24,27.4227,27.4227,27.4227,27.4227,1359.0,27.190865
3560,2015-11-25,26.933000000000003,27.7,26.933000000000003,27.4345,157641.0,27.153023
3561,2015-11-26,27.7,27.7295,27.4404,27.4699,80859.0,27.135695
3562,2015-11-27,27.6882,27.7295,27.7295,27.7295,27180.0,27.125828
3563,2015-11-30,27.4404,27.4404,27.1395,27.1395,7474.0,27.231594
3564,2015-12-01,27.1395,27.1395,26.5495,26.5908,10872.0,27.128185
3565,2015-12-02,25.6763,26.6085,25.6645,26.6085,8833.0,26.910881
3566,2015-12-03,26.2545,26.6144,26.2545,26.6085,3397.0,26.74879
3567,2015-12-04,27.1336,27.1395,26.5495,26.6203,534758.0,26.602367
3568,2015-12-07,27.1218,27.1218,26.6203,26.6203,383232.0,26.458254
3569,2015-12-08,27.405,27.405,27.3578,27.3578,5436.0,26.398342
3570,2015-12-09,27.1395,27.1395,26.697,26.697,3397.0,26.608526
3571,2015-12-10,27.1395,27.1395,27.1395,27.1395,1359.0,26.575214
3572,2015-12-11,27.1395,27.1395,27.1395,27.1395,679.0,26.693096
3573,2015-12-14,27.1395,27.1395,27.1395,27.1395,679.0,26.775232
3574,2015-12-15,27.0805,27.0805,27.0805,27.0805,6795.0,26.83965
3575,2015-12-16,27.1336,27.1336,27.1336,27.1336,1359.0,26.810299
3576,2015-12-17,27.1395,27.1395,27.1336,27.1395,9513.0,26.864635
3577,2015-12-18,27.1395,27.1395,27.1395,27.1395,4077.0,26.866745
3578,2015-12-21,28.1425,28.1425,26.7855,26.7855,4756.0,26.868355
3579,2015-12-22,26.8445,26.8445,26.7855,26.7855,30577.0,26.77251
3580,2015-12-23,26.8445,26.8445,26.6675,26.8445,12910.0,26.709278
3581,2015-12-24,26.8445,26.8445,26.6675,26.8445,12910.0,26.665869
3582,2015-12-25,26.8445,26.8445,26.6675,26.8445,12910.0,26.625753
3583,2015-12-28,26.992,26.992,26.8445,26.8445,8154.0,26.59422
3584,2015-12-29,26.8445,26.8445,26.5554,26.7855,12231.0,26.602837
3585,2015-12-30,26.992,26.992,26.992,26.992,6115.0,26.593395
3586,2015-12-31,26.992,26.992,26.992,26.992,6115.0,26.639023
3587,2016-01-01,27.0215,27.4345,27.0215,27.4345,4077.0,26.670002
3588,2016-01-04,27.4345,27.7,27.4345,27.4345,58436.0,26.819862
3589,2016-01-05,27.4286,27.7295,27.4345,27.7295,7474.0,26.931019
3590,2016-01-06,27.2929,27.2929,27.2575,27.2575,14949.0,27.112307
3591,2016-01-07,27.1985,27.2634,27.1985,27.2634,22423.0,27.10492
3592,2016-01-08,27.2575,27.2575,27.1395,27.1395,30577.0,27.11407
3593,2016-01-11,27.1395,27.1395,27.1395,27.1395,89013.0,27.043472
3594,2016-01-12,27.1395,27.1395,26.7265,27.1277,4756.0,26.985289
3595,2016-01-13,27.1395,27.1395,26.7265,27.1277,4756.0,26.906544
3596,2016-01-14,26.0775,26.5495,26.0775,26.5495,29897.0,26.886806
3597,2016-01-15,26.461,27.1395,26.4315,27.1336,34654.0,26.711164
3598,2016-01-18,25.7884,26.992,25.7825,26.2073,42128.0,26.757435
3599,2016-01-19,26.4905,26.5495,24.8976,25.9831,236462.0,26.51861
3600,2016-01-20,26.107,26.107,26.107,26.107,679.0,26.286743
3601,2016-01-21,25.3695,26.5495,25.222,26.3902,18346.0,26.13489
3602,2016-01-22,26.402,26.5436,26.402,26.5436,9513.0,26.132248
3603,2016-01-25,25.4285,26.5436,25.4285,26.2722,250731.0,26.10883
3604,2016-01-26,25.7353,25.7294,25.7294,25.7294,1359.0,26.104778
3605,2016-01-27,26.5436,26.5436,26.5436,26.5436,679.0,25.983341
3606,2016-01-28,26.5495,26.5495,26.2545,26.2545,7474.0,26.111586
3607,2016-01-29,25.9595,25.9595,25.3695,25.6645,26500.0,26.078697
3608,2016-02-01,25.9595,26.5495,25.9595,26.461,12910.0,25.885748
3609,2016-02-02,26.5495,26.8445,26.0185,26.0185,142693.0,25.995064
3610,2016-02-03,25.6645,26.1778,25.6645,25.8828,8833.0,25.983425
3611,2016-02-04,26.2486,26.7855,26.2486,26.7855,217436.0,25.872116
3612,2016-02-05,26.2486,26.7855,26.2486,26.7855,217436.0,26.068048
3613,2016-02-08,26.7855,26.7855,26.7265,26.7265,1495554.0,26.253767
3614,2016-02-09,27.1395,27.1395,26.048,26.8327,14949.0,26.31935
3615,2016-02-10,26.8445,26.8445,25.9595,25.9595,30577.0,26.45259
3616,2016-02-11,26.5495,26.5495,26.5495,26.5495,679.0,26.32902
3617,2016-02-12,26.5495,26.5495,26.402,26.402,9513.0,26.32864
3618,2016-02-15,25.6645,25.6645,25.6645,25.6645,679.0,26.263494
3619,2016-02-16,25.6645,26.8445,25.3695,26.5495,324116.0,26.016628
3620,2016-02-17,25.6645,26.8445,25.3695,26.5495,324116.0,26.073559
3621,2016-02-18,25.812,25.812,25.6645,25.812,2038.0,26.1706
3622,2016-02-19,24.7855,25.635,24.7796,25.458,10872.0,25.993616
3623,2016-02-22,24.7855,25.3695,24.7796,24.7796,10872.0,25.789886
3624,2016-02-23,24.3076,24.7855,24.3076,24.7206,127064.0,25.509796
3625,2016-02-24,25.3105,25.3105,24.7796,25.0746,15628.0,25.187372
3626,2016-02-25,24.7796,25.0156,24.7796,24.8386,2038.0,25.014389
3627,2016-02-26,24.8386,25.0746,24.7796,25.0687,13590.0,24.866674
3628,2016-02-29,24.7796,24.7796,24.6321,24.6616,10192.0,24.852413
3629,2016-03-01,23.9654,24.4846,23.9654,24.1896,21064.0,24.791195
3630,2016-03-02,24.1955,24.1955,24.0126,24.0421,12231.0,24.626167
3631,2016-03-03,24.048,24.6616,23.8946,24.4197,67269.0,24.424232
3632,2016-03-04,24.1601,25.635,24.1601,25.635,254129.0,24.384346
3633,2016-03-07,25.7235,25.93,25.7176,25.93,148808.0,24.65685
3634,2016-03-08,26.8445,26.8445,25.9595,25.9595,226270.0,24.973358
3635,2016-03-09,25.3931,25.576,25.3695,25.5465,75423.0,25.289362
3636,2016-03-10,25.5524,25.69400000000001,25.0156,25.0628,76103.0,25.454731
3637,2016-03-11,25.517,25.517,25.3695,25.3695,21744.0,25.429226
3638,2016-03-14,25.6586,25.6586,24.8681,24.8799,7474.0,25.385363
3639,2016-03-15,25.3105,25.9595,25.3695,25.9241,1884901.0,25.17088
3640,2016-03-16,25.9595,25.9595,25.9595,25.9595,14269.0,25.29575
3641,2016-03-17,25.3695,25.3695,24.7855,25.0746,65910.0,25.418148
3642,2016-03-18,24.9834,25.7736,24.9834,25.5305,46885.0,25.32719
3643,2016-03-21,25.5305,25.6156,25.5305,25.5305,19026.0,25.375374
3644,2016-03-22,25.5305,25.5305,25.2326,25.5305,415168.0,25.442295
3645,2016-03-23,25.5305,25.5305,25.2326,25.5305,415168.0,25.394165
3646,2016-03-24,24.9287,25.0746,24.9226,24.9226,1339272.0,25.35448
3647,2016-03-25,25.2265,25.2265,24.7706,24.9226,44167.0,25.241657
3648,2016-03-28,24.9226,24.9287,24.9226,24.9226,516411.0,25.118814
3649,2016-03-29,24.6187,24.7706,24.6187,24.7706,3397.0,25.013483
3650,2016-03-30,25.2265,25.4697,24.7706,24.8071,49603.0,24.881279
3651,2016-03-31,24.9287,25.6763,24.9226,25.5305,67269.0,24.786575
3652,2016-04-01,25.3785,25.5305,24.6187,24.7524,81539.0,24.969748
3653,2016-04-04,24.7706,25.0746,24.7524,24.7645,36692.0,24.88675
3654,2016-04-05,24.9287,25.0077,24.8618,24.9591,16308.0,24.843319
3655,2016-04-06,24.9834,24.9834,24.9226,24.9226,68628.0,24.875797
3656,2016-04-07,24.953000000000007,25.5305,24.9226,24.9408,1053207.0,24.87865
3657,2016-04-08,25.0442,25.2873,25.0442,25.2873,6115.0,24.816849
3658,2016-04-11,25.2265,25.2265,24.9226,24.9226,138616.0,24.94083
3659,2016-04-12,24.3755,25.1657,24.3755,25.1657,53000.0,24.931736
3660,2016-04-13,25.2569,25.2873,24.9287,24.9955,156282.0,24.983261
3661,2016-04-14,24.9226,25.4089,24.9226,25.1049,13590.0,24.97555
3662,2016-04-15,26.1018,26.1018,24.9287,25.5001,95808.0,25.001066
3663,2016-04-18,25.4454,25.4454,25.4454,25.4454,1359.0,25.095596
3664,2016-04-19,25.5305,25.5305,25.2265,25.2265,1359.0,25.18346
3665,2016-04-20,25.2569,25.3785,24.9347,25.2265,122987.0,25.175817
3666,2016-04-21,25.2265,25.5305,25.2265,25.5305,1374606.0,25.193333
3667,2016-04-22,25.7128,25.7736,25.5305,25.6824,6115.0,25.279139
3668,2016-04-25,25.2873,26.0471,24.8618,25.3481,81539.0,25.34377
3669,2016-04-26,25.5305,25.5305,25.2265,25.2265,147449.0,25.30843
3670,2016-04-27,25.5305,25.5305,25.1049,25.4089,265001.0,25.278118
3671,2016-04-28,25.2265,25.2265,25.2265,25.2265,67949.0,25.305092
3672,2016-04-29,25.5001,25.5001,25.5001,25.5001,1359.0,25.239208
3673,2016-05-02,25.5305,25.5305,25.2326,25.2387,615617.0,25.251583
3674,2016-05-03,25.2873,25.5244,25.2265,25.4514,505540.0,25.2154
3675,2016-05-04,25.5305,26.1383,25.5305,25.8952,1462260.0,25.263662
3676,2016-05-05,25.8344,26.3207,25.8344,26.1383,477001.0,25.403502
3677,2016-05-06,26.734,26.734,26.1383,26.1383,66590.0,25.591518
3678,2016-05-09,25.956,25.956,25.8344,25.8344,413809.0,25.717018
3679,2016-05-10,25.956,26.1383,26.1322,26.1322,389347.0,25.765114
3680,2016-05-11,26.0167,26.0167,25.8344,25.8648,4077.0,25.874743
3681,2016-05-12,26.1383,26.4119,25.6824,25.6824,5436.0,25.836931
3682,2016-05-13,25.5365,26.1322,25.5365,26.1322,3397.0,25.73925
3683,2016-05-16,26.1262,26.1322,26.1322,26.1322,2718.0,25.789478
3684,2016-05-17,25.6216,25.6216,25.6216,25.6216,2718.0,25.84418
3685,2016-05-18,25.6824,26.0167,25.652,25.9195,375078.0,25.722174
3686,2016-05-19,26.0411,26.6429,26.0167,26.5881,153564.0,25.746525
3687,2016-05-20,26.9893,26.9893,26.9285,26.9285,2038.0,25.958202
3688,2016-05-23,26.1383,26.2903,26.1383,26.1687,8833.0,26.16311
3689,2016-05-24,26.1383,26.2903,26.0775,26.2903,3397.0,26.120426
3690,2016-05-25,26.1383,26.1383,25.8344,25.8405,2038.0,26.191963
3691,2016-05-26,25.5426,25.5365,25.5305,25.5305,7474.0,26.089508
3692,2016-05-27,25.7189,25.7736,25.7189,25.7736,679.0,25.863354
3693,2016-05-30,25.8344,25.8344,25.8344,25.8344,13590.0,25.718576
3694,2016-05-31,25.8648,26.1322,25.2265,25.2265,43487.0,25.678837
3695,2016-06-01,25.5305,26.1322,25.5305,26.1322,15628.0,25.466137
3696,2016-06-02,25.8344,26.1383,25.8344,25.8344,22423.0,25.605976
3697,2016-06-03,25.8344,25.8344,25.6824,25.8283,29218.0,25.63811
3698,2016-06-06,26.1383,26.1383,26.1383,26.1383,679.0,25.649424
3699,2016-06-07,26.1383,26.1383,26.1383,26.1383,679.0,25.743319
3700,2016-06-08,26.1322,26.1383,26.1383,26.1383,4077.0,25.867401
3701,2016-06-09,25.8344,25.8344,25.8344,25.8344,2038.0,25.884277
3702,2016-06-10,25.5305,25.5608,25.2265,25.2265,37372.0,25.845116
3703,2016-06-13,24.9591,25.2265,24.9226,25.2265,5436.0,25.653708
3704,2016-06-14,25.1657,25.1657,25.1049,25.1049,4077.0,25.479445
3705,2016-06-15,25.2326,26.0471,24.3147,25.9195,102603.0,25.295898
3706,2016-06-16,26.1383,26.1383,25.5305,26.0228,50962.0,25.372509
3707,2016-06-17,26.1322,26.1383,25.8344,25.8344,46205.0,25.470963
3708,2016-06-20,25.8405,25.8344,25.5305,25.5608,357411.0,25.56208
3709,2016-06-21,26.1322,26.8374,26.1383,26.1383,17667.0,25.571205
3710,2016-06-22,25.7128,25.5305,25.5305,25.5305,84936.0,25.755924
3711,2016-06-23,25.2873,26.6854,25.2326,26.0715,1018553.0,25.641771
3712,2016-06-24,25.8344,27.3723,25.5305,25.5608,303052.0,25.70623
3713,2016-06-27,25.5305,26.8374,25.5305,25.5973,50962.0,25.621368
3714,2016-06-28,25.5973,25.5973,25.2265,25.3481,667258.0,25.600368
3715,2016-06-29,25.6824,26.4423,25.2265,26.3085,144731.0,25.457558
3716,2016-06-30,26.1383,26.1383,25.8344,25.8344,14269.0,25.671621
3717,2016-07-01,26.1383,26.1383,25.8344,25.8344,14269.0,25.634777
3718,2016-07-04,25.5973,25.5973,25.5973,25.5973,1359.0,25.671333
3719,2016-07-05,25.5973,25.5973,25.5973,25.5973,1359.0,25.63525
3720,2016-07-06,25.5973,25.5973,25.5973,25.5973,1359.0,25.63104
3721,2016-07-07,25.5973,25.5973,25.5973,25.5973,1359.0,25.533379
3722,2016-07-08,25.5973,25.5973,25.5973,25.5973,1359.0,25.498417
3723,2016-07-11,25.5365,26.4301,25.5365,26.4301,1359.0,25.470028
3724,2016-07-12,25.8344,26.7462,25.8344,26.6246,8833.0,25.703007
3725,2016-07-13,26.7462,27.5972,26.503,27.4574,91731.0,25.924576
3726,2016-07-14,26.7462,28.0227,26.7462,27.9498,186180.0,26.339445
3727,2016-07-15,27.9315,27.968000000000004,27.4878,27.9619,142693.0,26.798615
3728,2016-07-18,27.9619,27.9619,27.9619,27.9619,81539.0,27.166756
3729,2016-07-19,27.9619,28.5698,27.9619,27.9619,44167.0,27.395382
3730,2016-07-20,27.9619,28.4178,27.9619,27.9619,371680.0,27.56363
3731,2016-07-21,27.9619,28.4117,27.9619,27.9619,7474.0,27.621765
3732,2016-07-22,28.1139,28.1139,27.9619,27.9619,29218.0,27.623161
3733,2016-07-25,27.8951,28.1443,26.9589,27.9619,58436.0,27.623161
3734,2016-07-26,28.0531,28.0531,27.9619,27.9802,24462.0,27.623161
3735,2016-07-27,27.968000000000004,28.4482,27.9619,28.4482,197052.0,27.628235
3736,2016-07-28,28.2659,29.1777,28.2659,28.4178,69308.0,27.762228
3737,2016-07-29,28.2659,28.5698,28.5698,28.5698,69308.0,27.84901
3738,2016-08-01,28.1443,28.5759,27.968000000000004,28.5698,37372.0,27.966963
3739,2016-08-02,28.5698,28.8129,28.5698,28.5698,52321.0,28.06142
3740,2016-08-03,28.6914,28.6914,28.2659,28.2659,139295.0,28.135883
3741,2016-08-04,28.2659,28.4482,28.0835,28.3145,14269.0,28.070423
3742,2016-08-05,27.658,27.8403,27.658,27.658,15628.0,28.041655
3743,2016-08-08,27.4148,27.4148,27.3541,27.3541,39410.0,27.81903
3744,2016-08-09,28.509,28.509,27.658,27.658,4077.0,27.57034
3745,2016-08-10,27.658,27.6945,27.658,27.6945,4077.0,27.45588
3746,2016-08-11,27.6945,27.7249,27.6945,27.7249,2038.0,27.383781
3747,2016-08-12,28.3874,28.4786,28.278,28.278,21064.0,27.330036
3748,2016-08-15,28.1139,28.5698,28.1139,28.5272,12231.0,27.505407
3749,2016-08-16,29.1777,29.3296,28.7218,29.1169,124346.0,27.729294
3750,2016-08-17,29.1777,29.2384,29.1777,29.2081,53000.0,28.045189
3751,2016-08-18,29.512,29.512,29.1777,29.3296,42808.0,28.31226
3752,2016-08-19,29.3296,30.2414,29.1777,30.0955,124346.0,28.561512
3753,2016-08-22,30.2718,31.2748,30.0895,30.7764,635322.0,28.927391
3754,2016-08-23,30.3934,32.3143,30.3934,32.1137,623091.0,29.366827
3755,2016-08-24,32.8857,33.1288,30.5089,31.828000000000007,4636151.0,30.031237
3756,2016-08-25,31.6091,31.9131,31.5787,31.6031,631924.0,30.45103
3757,2016-08-26,31.5483,31.6091,30.7034,31.0681,2074479.0,30.734058
3758,2016-08-29,31.5909,32.217,31.5909,31.7307,182782.0,30.75834
3759,2016-08-30,31.7307,33.0984,31.6091,32.3143,311885.0,30.910072
3760,2016-08-31,32.7641,33.1288,32.217,32.2352,252770.0,31.045261
3761,2016-09-01,32.2292,32.2292,31.9131,31.9131,440309.0,31.144567
3762,2016-09-02,31.9131,32.0893,31.6091,31.8705,385950.0,31.171295
3763,2016-09-05,32.1866,32.4601,31.7307,31.7489,405655.0,31.242907
3764,2016-09-06,32.359,32.7049,32.076,32.403,964194.0,31.201576
3765,2016-09-07,32.6106,32.7741,32.3905,32.6546,500104.0,31.296501
3766,2016-09-08,32.7049,33.3339,32.7049,33.0194,97167.0,31.42878
3767,2016-09-09,33.0508,34.5918,33.0508,34.4974,962835.0,31.664637
3768,2016-09-12,33.0508,34.5918,33.0508,34.4974,962835.0,32.272217
3769,2016-09-13,33.0508,34.5918,33.0508,34.4974,962835.0,32.728054
3770,2016-09-14,33.0508,34.5918,33.0508,34.4974,962835.0,33.0521
3771,2016-09-15,34.5918,35.2207,33.9628,35.1892,789566.0,33.30679
3772,2016-09-16,35.2207,36.944,34.7175,36.466,2374133.0,33.660137
3773,2016-09-19,36.4786,37.1075,36.0069,36.1767,465450.0,34.147594
3774,2016-09-20,35.8811,36.0069,35.3465,35.5352,1397708.0,34.427322
3775,2016-09-21,35.2207,35.7867,34.5918,35.4786,792284.0,34.504967
3776,2016-09-22,35.5666,35.8496,35.5415,35.5666,270436.0,34.58022
3777,2016-09-23,35.5352,36.4786,35.3779,35.4597,108039.0,34.58558
3778,2016-09-26,36.3528,36.4786,35.315,35.466,44167.0,34.436344
3779,2016-09-27,34.6358,35.7867,34.5918,35.2333,29897.0,34.352787
3780,2016-09-28,35.2333,35.5352,35.2333,35.5352,8154.0,34.279034
3781,2016-09-29,35.8182,35.8496,35.2207,35.4911,129782.0,34.31349
3782,2016-09-30,35.8496,35.8496,34.5918,34.598,33974.0,34.30956
3783,2016-10-03,35.2207,35.7238,35.032,35.032,103962.0,34.07213
3784,2016-10-04,36.3528,36.3528,34.5918,35.2207,748796.0,34.03487
3785,2016-10-05,34.6043,34.9125,34.5792,34.9062,87654.0,34.04896
3786,2016-10-06,35.5352,35.9125,34.9062,35.9125,38051.0,33.93231
3787,2016-10-07,36.4157,36.4157,34.5918,34.9377,1384798.0,34.14752
3788,2016-10-10,34.9691,35.2207,34.5918,34.6106,1909363.0,34.095867
3789,2016-10-11,34.9691,35.2207,34.5918,34.6106,1909363.0,33.958427
3790,2016-10-12,34.9691,35.2207,34.5918,34.6106,1909363.0,33.84975
3791,2016-10-13,35.2144,35.8496,34.7804,35.7805,72705.0,33.76296
3792,2016-10-14,35.2207,35.7238,34.598,35.2207,788207.0,33.930737
3793,2016-10-17,34.9062,34.9188,34.9062,34.9188,8833.0,33.964287
3794,2016-10-18,34.9062,34.9125,34.6232,34.6232,383232.0,33.964977
3795,2016-10-19,34.598,34.8999,34.5918,34.5918,779373.0,33.90516
3796,2016-10-20,34.5918,35.5352,34.5918,35.2521,127744.0,33.837124
3797,2016-10-21,34.598,35.1578,34.5918,34.9314,27180.0,33.858776
3798,2016-10-24,34.2773,34.2836,34.0886,34.2836,2038.0,33.813705
3799,2016-10-25,32.7112,34.9062,32.7112,34.9062,269077.0,33.64518
3800,2016-10-26,33.9628,34.2773,33.6483,33.9628,166475.0,33.73606
3801,2016-10-27,33.032,33.3339,32.7049,33.3276,125026.0,33.51377
3802,2016-10-28,31.8496,32.7678,31.8496,32.7678,28539.0,33.130253
3803,2016-10-31,32.7678,32.9251,32.7678,32.9251,6795.0,32.720505
3804,2016-11-01,32.9251,34.5666,32.9251,34.5666,28539.0,32.483665
3805,2016-11-02,34.5918,36.2899,34.5918,36.2899,442347.0,32.678497
3806,2016-11-03,35.8496,36.793,35.8496,36.4786,457975.0,33.34627
3807,2016-11-04,36.793,37.0761,36.4786,36.5226,28539.0,33.965256
3808,2016-11-07,36.793,36.793,36.793,36.793,1359.0,34.550182
3809,2016-11-08,36.1641,36.7868,36.1641,36.4786,483116.0,35.086845
3810,2016-11-09,35.8622,36.4723,35.6106,36.4723,746079.0,35.271587
3811,2016-11-10,36.793,38.0509,35.6924,36.6484,58436.0,35.281193
3812,2016-11-11,37.1075,38.3591,37.1075,37.5981,148808.0,35.32166
3813,2016-11-14,38.3654,38.3654,37.7365,38.0635,494668.0,35.600506
3814,2016-11-15,37.705,38.0509,37.3025,37.5352,29218.0,35.903336
3815,2016-11-16,38.3591,39.4032,38.0509,38.4094,216077.0,36.027744
3816,2016-11-17,38.6799,38.8371,38.0824,38.3654,122987.0,36.401188
3817,2016-11-18,38.3654,38.8371,37.7365,37.7931,29218.0,36.638474
3818,2016-11-21,38.4912,38.9314,37.3654,38.8371,71346.0,36.58842
3819,2016-11-22,38.6799,38.6799,37.7365,37.7365,24462.0,36.83178
3820,2016-11-23,37.2648,37.7365,37.2333,37.4849,61833.0,36.723457
3821,2016-11-24,37.7365,37.7365,37.0446,37.1075,74744.0,36.525887
3822,2016-11-25,36.793,37.0132,36.4786,36.4974,23103.0,36.286163
3823,2016-11-28,36.793,36.8559,36.5415,36.5415,12231.0,35.958214
3824,2016-11-29,37.1012,37.1075,36.4408,36.466,129782.0,35.635628
3825,2016-11-30,36.1641,36.4786,36.0069,36.0069,16987.0,35.440086
3826,2016-12-01,36.4723,37.7365,36.4849,37.1075,1414016.0,35.175003
3827,2016-12-02,37.2962,37.5792,37.1075,37.1327,177347.0,35.320873
3828,2016-12-05,37.7365,38.9314,37.1704,38.9252,510975.0,35.455036
3829,2016-12-06,38.9943,39.3088,38.2459,39.183,44167.0,36.061356
3830,2016-12-07,39.0006,39.3717,38.9943,39.3088,84936.0,36.59047
3831,2016-12-08,39.2962,39.2962,38.8057,38.8686,24462.0,37.087147
3832,2016-12-09,38.9943,40.812,38.9943,40.812,400898.0,37.294075
3833,2016-12-12,38.9943,40.812,38.9943,40.812,400898.0,37.99643
3834,2016-12-13,42.7617,42.8497,42.6107,42.8057,501463.0,38.3404
3835,2016-12-14,44.5102,44.9441,42.4535,42.9064,400219.0,39.1545
3836,2016-12-15,43.246,44.0259,42.768,43.7428,1241426.0,39.79752
3837,2016-12-16,44.0259,45.4724,44.0259,45.3529,1329759.0,40.59896
3838,2016-12-19,45.2837,45.2837,44.1831,44.6359,227629.0,41.498905
3839,2016-12-20,44.0384,45.2146,42.768,43.1579,782771.0,41.983368
3840,2016-12-21,43.3969,43.4598,42.139,42.1956,884015.0,41.866776
3841,2016-12-22,43.7114,43.7114,42.768,42.768,14269.0,41.515434
3842,2016-12-23,42.7617,42.768,40.6296,41.0321,111436.0,41.289284
3843,2016-12-26,42.1265,42.1265,40.9126,41.6988,1939940.0,40.460728
3844,2016-12-27,41.529,41.8246,41.0698,41.1327,78821.0,40.12449
3845,2016-12-28,41.1893,41.5101,40.3529,40.8812,40090.0,39.77476
3846,2016-12-29,40.8749,41.1013,40.8183,40.8183,413809.0,39.513493
3847,2016-12-30,40.8812,42.856,40.5667,42.8372,1192503.0,39.264885
3848,2017-01-02,43.3906,43.3969,42.2963,42.7554,83577.0,39.75689
3849,2017-01-03,42.139,42.7051,42.139,42.29,15628.0,40.01076
3850,2017-01-04,41.5164,43.7114,41.5101,43.3969,251411.0,40.188416
3851,2017-01-05,43.3969,43.3969,41.2271,41.4409,510296.0,40.66851
3852,2017-01-06,41.8246,43.2397,40.8812,41.9252,434193.0,40.461258
3853,2017-01-09,41.9504,42.7051,41.3906,41.4598,289462.0,40.34912
3854,2017-01-10,41.4472,42.139,41.1956,42.1328,120949.0,40.076107
3855,2017-01-11,42.139,42.768,41.6988,42.6736,11551.0,40.08336
3856,2017-01-12,42.768,42.768,40.8812,41.5667,401578.0,40.13826
3857,2017-01-13,41.0447,42.0699,41.0447,41.5038,63872.0,40.045418
3858,2017-01-16,41.4787,41.5101,40.8812,41.3529,1532926.0,39.964447
3859,2017-01-17,41.1956,41.1956,39.3088,40.4849,156282.0,39.861176
3860,2017-01-18,40.7554,40.8812,40.2522,40.2648,361488.0,39.481266
3861,2017-01-19,40.2522,40.2522,39.7491,40.2522,643476.0,39.104137
3862,2017-01-20,41.3403,41.3403,40.4095,40.5667,642796.0,38.89002
3863,2017-01-23,40.5667,41.6673,40.2648,41.5101,198411.0,38.79373
3864,2017-01-24,41.5101,41.8246,40.6736,40.7176,36692.0,38.983467
3865,2017-01-25,40.8812,41.5101,40.4723,41.5101,1489439.0,38.973183
3866,2017-01-26,41.5101,42.3277,41.5101,42.2397,214718.0,39.244133
3867,2017-01-27,42.768,42.9252,41.8246,42.1265,76782.0,39.628616
3868,2017-01-30,42.139,42.139,40.5667,41.3843,161718.0,39.852528
3869,2017-01-31,41.5101,41.5101,40.8812,41.4598,10872.0,39.792404
3870,2017-02-01,41.8183,41.8183,41.5101,41.6233,17667.0,39.838055
3871,2017-02-02,42.4535,43.0825,42.4472,42.8309,237821.0,39.827595
3872,2017-02-03,43.3592,43.3592,42.8749,42.8749,32615.0,40.080017
3873,2017-02-06,42.8938,43.3969,42.8938,43.3969,32615.0,40.282703
3874,2017-02-07,43.9881,44.1202,43.1453,43.8812,1110284.0,40.682938
3875,2017-02-08,44.1831,45.2837,43.5542,44.0888,797720.0,41.111137
3876,2017-02-09,44.0322,44.2774,43.7114,43.9001,165116.0,41.484325
3877,2017-02-10,44.0259,44.0259,43.9315,44.0259,183462.0,41.639637
3878,2017-02-13,44.3403,44.3403,44.0322,44.1705,96487.0,41.798943
3879,2017-02-14,44.0259,44.0259,42.7743,43.3969,231026.0,41.907818
3880,2017-02-15,43.3969,44.0196,43.3969,43.7303,56398.0,41.74292
3881,2017-02-16,43.5542,43.5542,42.4535,42.6674,114154.0,41.71262
3882,2017-02-17,42.139,42.139,40.5352,42.0761,200449.0,41.381092
3883,2017-02-20,42.768,42.768,40.4095,40.8812,207924.0,40.983894
3884,2017-02-21,40.5667,41.6359,40.5667,41.5101,222872.0,40.32258
3885,2017-02-22,41.5101,41.8246,41.5101,41.6799,48244.0,40.04649
3886,2017-02-23,41.5164,42.139,41.5101,41.9567,25141.0,39.812363
3887,2017-02-24,41.5164,41.5164,40.8812,41.0321,65231.0,39.781174
3888,2017-02-27,40.8812,40.8812,40.5981,40.8812,8154.0,39.57877
3889,2017-02-28,39.6296,42.9252,39.6233,40.1893,79500.0,39.502205
3890,2017-03-01,40.8183,41.5101,40.8183,41.2459,11551.0,39.185226
3891,2017-03-02,39.661,41.5101,39.6233,41.1956,108039.0,39.215603
3892,2017-03-03,41.7617,41.7617,40.8812,41.6673,4756.0,39.165825
3893,2017-03-06,43.3969,43.3969,41.1956,41.1956,25141.0,39.339653
3894,2017-03-07,41.8246,42.768,42.139,42.6422,114154.0,39.371307
3895,2017-03-08,42.4535,42.4535,42.4535,42.4535,27180.0,39.865604
3896,2017-03-09,41.5793,42.5164,40.5667,41.0069,346539.0,40.070538
3897,2017-03-10,40.8812,41.1956,40.8812,40.8812,163757.0,39.88097
3898,2017-03-13,40.8812,41.0384,40.8812,41.0384,6115.0,39.697475
3899,2017-03-14,41.0384,41.0384,41.0384,41.0384,2718.0,39.592945
3900,2017-03-15,41.4975,42.2963,40.5981,41.5101,44167.0,39.36684
3901,2017-03-16,42.8243,42.9525,42.3115,42.9525,80859.0,39.345337
3902,2017-03-17,42.9525,43.5295,42.9525,43.5295,2718.0,39.839928
3903,2017-03-20,43.5295,43.5936,42.99100000000001,43.5936,21064.0,40.369366
3904,2017-03-21,43.5936,44.2347,43.5936,44.2347,27180.0,40.825546
3905,2017-03-22,44.2347,44.8758,44.2347,44.8758,88334.0,41.36968
3906,2017-03-23,44.2347,44.8758,44.2347,44.8758,88334.0,41.90731
3907,2017-03-24,44.8758,44.8758,44.8758,44.8758,4077.0,42.213993
3908,2017-03-27,44.8758,44.8758,43.5808,44.8758,217436.0,42.428226
3909,2017-03-28,43.9462,45.5169,43.9462,45.4848,411091.0,42.586575
3910,2017-03-29,45.8374,45.8374,44.9399,45.5169,368283.0,42.818096
3911,2017-03-30,45.004,45.8374,45.004,45.8374,192295.0,42.942024
3912,2017-03-31,44.9078,45.8374,44.9078,45.8374,40090.0,43.1445
3913,2017-04-03,45.5169,46.158,45.5169,45.8374,140654.0,43.298977
3914,2017-04-04,46.7029,48.1261,46.8311,48.0684,199770.0,43.424374
3915,2017-04-05,48.0684,48.0684,46.8631,46.8631,114154.0,44.07909
3916,2017-04-06,46.7349,46.799,46.7798,46.7798,14949.0,44.244286
3917,2017-04-07,45.581,49.1133,45.581,48.0684,46205.0,44.36232
3918,2017-04-10,46.9593,48.0812,46.8631,47.4401,182782.0,44.8004
3919,2017-04-11,47.7607,48.2415,47.7607,48.1838,207244.0,44.933483
3920,2017-04-12,47.4593,49.0428,47.4593,48.6838,14949.0,45.088867
3921,2017-04-13,48.6902,48.9146,48.2799,48.7736,349257.0,45.43856
3922,2017-04-14,47.4978,48.4017,46.8311,47.4401,212680.0,45.748184
3923,2017-04-17,47.1196,47.1196,46.799,46.799,71346.0,45.536972
3924,2017-04-18,46.2285,46.19,46.158,46.19,479039.0,45.25998
3925,2017-04-19,45.5169,46.158,45.5169,46.158,12231.0,44.802235
3926,2017-04-20,47.4401,48.4658,47.4401,48.4658,176667.0,44.377777
3927,2017-04-21,49.3634,50.8891,49.3634,50.8891,1045733.0,44.651875
3928,2017-04-24,50.8891,50.9661,50.0109,50.6519,548347.0,45.6149
3929,2017-04-25,49.3762,51.2866,49.0749,50.7096,141334.0,46.421783
3930,2017-04-26,51.2866,53.2419,51.2866,53.2419,1125233.0,47.1212
3931,2017-04-27,53.2804,53.7035,51.6136,51.6777,19026.0,48.345974
3932,2017-04-28,51.8636,51.8636,50.8379,51.2866,424001.0,48.713238
3933,2017-05-01,51.8636,51.8636,50.8379,51.2866,424001.0,48.689972
3934,2017-05-02,51.2866,51.9149,51.2866,51.9149,10192.0,48.69838
3935,2017-05-03,51.2866,51.9149,51.2866,51.9149,10192.0,48.840546
3936,2017-05-04,51.9149,52.5688,51.9149,51.9149,4756.0,48.753548
3937,2017-05-05,52.5688,53.5304,51.9277,52.2803,782771.0,48.8211
3938,2017-05-08,52.2162,53.5304,51.9277,52.3316,64551.0,49.00761
3939,2017-05-09,52.5688,52.5688,51.6072,51.6072,55718.0,49.167057
3940,2017-05-10,51.2866,51.6072,51.2866,51.6072,6795.0,49.050114
3941,2017-05-11,51.6072,51.6136,51.2866,51.6072,53000.0,48.95348
3942,2017-05-12,50.7096,52.5303,50.6648,51.4789,37372.0,48.87421
3943,2017-05-15,52.5688,52.5688,51.2866,51.5751,139975.0,48.74148
3944,2017-05-16,52.2162,52.2162,50.6776,51.2866,29897.0,48.661995
3945,2017-05-17,50.325,51.1584,50.0686,50.8058,2143107.0,48.584225
3946,2017-05-18,50.325,51.1584,50.0686,50.8058,2143107.0,48.391792
3947,2017-05-19,49.4147,50.7096,49.4147,50.0814,272475.0,48.23699
3948,2017-05-22,49.4339,50.5173,49.3698,50.325,18346.0,47.93009
3949,2017-05-23,51.2225,51.6072,50.4853,51.3956,273154.0,47.737167
3950,2017-05-24,52.5688,52.697,51.9277,52.4085,74064.0,47.899963
3951,2017-05-25,51.3251,55.0241,51.3251,54.2741,10872.0,48.34154
3952,2017-05-26,54.492,55.1331,52.9598,54.5048,48244.0,49.207817
3953,2017-05-29,52.5688,54.8126,52.6329,54.6523,26500.0,50.026253
3954,2017-05-30,52.729,53.8509,52.729,53.3573,19705.0,50.69428
3955,2017-05-31,53.4022,53.4022,53.2099,53.2099,98526.0,50.79674
3956,2017-06-01,51.9277,51.9277,50.6519,51.2994,1288990.0,50.733727
3957,2017-06-02,51.2866,52.5688,51.2866,51.9405,1014477.0,50.018265
3958,2017-06-05,53.0496,53.2099,52.4085,52.4085,40769.0,49.578007
3959,2017-06-06,53.2099,54.3318,53.2099,54.2741,31936.0,49.350624
3960,2017-06-07,54.2676,54.492,54.2676,54.492,303731.0,49.770348
3961,2017-06-08,54.492,54.8126,53.8509,54.1394,76103.0,50.200645
3962,2017-06-09,54.1394,55.1267,53.8509,53.8509,329552.0,50.6103
3963,2017-06-12,52.0559,53.8509,52.0559,53.6843,46885.0,50.812626
3964,2017-06-13,53.8509,53.8509,53.3381,53.8509,351975.0,50.873703
3965,2017-06-14,53.2419,53.2099,53.2099,53.2099,2038.0,50.80369
3966,2017-06-15,53.0239,53.2099,51.9341,52.9598,1214246.0,50.562218
3967,2017-06-16,52.8893,53.0496,53.0496,53.0496,482437.0,50.331543
3968,2017-06-19,52.5688,52.5688,51.2866,51.5302,115513.0,50.196487
3969,2017-06-20,51.2866,51.2866,50.325,50.3506,120949.0,49.696243
3970,2017-06-21,50.6455,51.9213,48.0812,51.2866,729091.0,48.96277
3971,2017-06-22,51.2866,53.8509,51.2866,53.1458,33974.0,48.681328
3972,2017-06-23,51.2866,53.8509,51.2866,53.1458,33974.0,48.968147
3973,2017-06-26,51.2866,53.8509,51.2866,53.1458,33974.0,49.200737
3974,2017-06-27,51.2866,53.8509,51.2866,53.1458,33974.0,49.533394
3975,2017-06-28,51.2866,53.8509,51.2866,53.1458,33974.0,49.89556
3976,2017-06-29,52.729,52.729,50.4917,50.5622,987297.0,50.09121
3977,2017-06-30,50.6455,50.6455,50.6327,50.6455,70667.0,49.41031
3978,2017-07-03,50.325,50.325,48.1133,48.1133,477681.0,48.86982
3979,2017-07-04,49.3313,49.3634,48.7223,49.3634,83577.0,47.76802
3980,2017-07-05,50.0044,50.0044,49.3634,49.3634,7474.0,47.226707
3981,2017-07-06,49.6839,49.6839,48.7864,49.3634,44846.0,27.663208
3982,2017-07-07,49.3634,49.6839,49.3634,49.6839,42128.0,34.130177
3983,2017-07-10,48.7543,52.1649,48.7543,51.152,61833.0,38.72316
3984,2017-07-11,48.7287,50.6455,48.6005,48.6005,502142.0,42.591343
3985,2017-07-12,47.7607,47.5042,46.19,46.4849,1644362.0,45.217686
3986,2017-07-13,46.158,48.3376,46.158,46.4849,14949.0,46.098587
3987,2017-07-14,46.8054,46.799,46.0297,46.7798,33974.0,45.503128
3988,2017-07-17,46.8054,46.799,46.0297,46.7798,33974.0,44.976677
3989,2017-07-18,48.0748,49.0428,46.8631,47.8119,54359.0,44.442
3990,2017-07-19,48.2158,48.7287,48.2158,48.7223,43487.0,44.549255
3991,2017-07-20,50.6455,48.7223,48.0812,48.0876,88334.0,45.04176
3992,2017-07-21,47.4401,47.4401,46.799,47.4401,68628.0,45.284077
3993,2017-07-24,48.0491,48.0876,48.0812,48.0812,48244.0,45.27111
3994,2017-07-25,49.3634,50.4853,48.0748,48.9018,69987.0,45.44785
3995,2017-07-26,48.094,49.8442,48.6454,48.6454,53680.0,45.680676
3996,2017-07-27,48.1197,48.7223,48.1133,48.7223,13590.0,45.746872
3997,2017-07-28,46.6708,50.5814,46.658,50.0621,47564.0,45.87426
3998,2017-07-31,50.1968,51.6072,50.1647,51.4853,248693.0,46.38773
3999,2017-08-01,51.4853,51.9277,51.2866,51.293,55718.0,47.12535
4000,2017-08-02,51.293,51.293,50.0044,50.1775,106000.0,47.60418
4001,2017-08-03,50.1711,50.1711,50.1711,50.1711,679.0,47.710106
4002,2017-08-04,49.139,52.6778,49.0749,50.8507,63872.0,47.770073
4003,2017-08-07,53.3894,53.3894,50.7481,50.9597,19705.0,47.88004
4004,2017-08-08,50.6455,50.6519,50.6455,50.6519,4077.0,47.87658
4005,2017-08-09,49.17100000000001,50.6391,49.1198,50.6391,35333.0,47.817215
4006,2017-08-10,51.0238,51.6136,51.0879,51.6136,101244.0,47.860847
4007,2017-08-11,51.6072,51.6072,51.2866,51.6072,72026.0,48.151432
4008,2017-08-14,51.6072,51.6072,51.2866,51.6072,72026.0,48.32814
4009,2017-08-15,51.6072,51.6072,50.575,50.575,10872.0,48.461422
4010,2017-08-16,50.0044,50.5814,49.8121,50.3763,74064.0,48.323986
4011,2017-08-17,51.2477,50.5582,49.5406,50.5046,224274.0,48.146782
4012,2017-08-18,48.5699,50.21,48.5431,49.8485,113135.0,47.958717
4013,2017-08-21,48.8711,50.21,47.3581,48.2016,2437061.0,47.63008
4014,2017-08-22,45.9322,47.5322,45.9322,47.5322,63888.0,46.930946
4015,2017-08-23,48.8711,48.8711,48.7037,48.7037,55902.0,46.294163
4016,2017-08-24,49.2058,49.2058,48.1682,48.1682,11314.0,46.10786
4017,2017-08-25,49.1992,49.2058,48.5364,48.8711,578985.0,45.774605
4018,2017-08-28,48.2686,50.21,48.2686,49.2996,42592.0,45.77745
4019,2017-08-29,48.369,48.8845,48.369,48.4159,177023.0,46.048744
4020,2017-08-30,48.2016,49.4736,48.2016,49.2929,47916.0,46.07653
4021,2017-08-31,47.8803,49.3732,47.8803,49.3397,18634.0,46.23282
4022,2017-09-01,47.8803,49.3732,47.8803,49.3397,18634.0,46.419777
4023,2017-09-04,47.8803,49.3732,47.8803,49.3397,18634.0,46.501884
4024,2017-09-05,49.3397,49.5406,49.0385,49.2996,5990.0,46.540306
4025,2017-09-06,48.8711,48.8711,47.8937,48.8309,3328.0,46.627907
4026,2017-09-07,48.8711,48.8711,47.8669,47.9406,29282.0,46.498775
4027,2017-09-08,47.5322,47.5991,46.8627,47.1907,108477.0,46.150074
4028,2017-09-11,47.5322,47.5322,46.9297,46.9564,23958.0,45.680916
4029,2017-09-12,47.0301,47.097,46.528,46.9297,55902.0,45.244946
4030,2017-09-13,47.0435,49.2728,47.0435,48.8778,76533.0,44.878178
4031,2017-09-14,49.0385,51.3214,49.0385,50.7255,18634.0,45.152885
4032,2017-09-15,52.0511,52.2184,52.1716,52.1716,4659.0,45.93995
4033,2017-09-18,50.7188,52.1716,50.7188,51.9975,15307.0,47.043804
4034,2017-09-19,51.549,51.549,51.549,51.549,1997.0,47.904865
4035,2017-09-20,51.549,51.549,48.9782,49.5138,1225851.0,48.458263
4036,2017-09-21,49.0452,49.2058,48.5364,48.7573,286165.0,48.18698
4037,2017-09-22,47.0569,48.4025,47.0569,48.195,7321.0,47.58761
4038,2017-09-25,48.2016,48.2016,47.5322,47.5389,2234084.0,46.845657
4039,2017-09-26,48.2016,49.9155,47.6326,49.4602,433906.0,46.077263
4040,2017-09-27,48.5364,49.072,48.5364,49.072,6655.0,46.042603
4041,2017-09-28,47.8669,48.0343,47.8669,47.9539,3993.0,46.068836
4042,2017-09-29,48.0343,49.8753,48.0343,49.8285,2662.0,45.86556
4043,2017-10-02,48.2016,48.5364,48.2016,48.4694,109142.0,46.273743
4044,2017-10-03,47.6728,47.6728,46.3673,46.8025,7321.0,46.259792
4045,2017-10-04,47.1974,47.5322,44.4861,46.5079,816569.0,45.637733
4046,2017-10-05,45.1957,46.528,44.6869,45.8585,6655.0,45.15679
4047,2017-10-06,45.8585,46.8627,45.8585,46.8627,5324.0,44.622604
4048,2017-10-09,45.3899,46.4945,44.5865,46.4945,5990.0,44.329464
4049,2017-10-10,45.3899,46.4945,44.5865,46.4945,5990.0,44.08196
4050,2017-10-11,46.1932,46.1932,45.5238,45.6911,70543.0,44.067287
4051,2017-10-12,44.3857,44.861,44.3857,44.861,403959.0,43.86277
4052,2017-10-13,44.8543,44.8543,44.8543,44.8543,55237.0,43.538296
4053,2017-10-16,45.5238,45.5238,45.5238,45.5238,1331.0,43.198147
4054,2017-10-17,46.1263,46.1263,45.18899999999999,45.18899999999999,94501.0,43.111065
4055,2017-10-18,45.5907,45.5907,45.5907,45.5907,666.0,42.940178
4056,2017-10-19,44.5196,46.856,44.1781,46.4677,286831.0,43.018433
4057,2017-10-20,44.5196,46.856,44.1781,46.4677,286831.0,43.367355
4058,2017-10-23,46.5213,46.528,46.528,46.528,39930.0,43.627285
4059,2017-10-24,46.1932,46.1932,44.7204,45.2828,57233.0,43.824448
4060,2017-10-25,45.256,45.256,45.256,45.256,45920.0,43.669624
4061,2017-10-26,44.8543,45.5238,44.3187,44.6468,230929.0,43.530186
4062,2017-10-27,44.5196,45.18899999999999,43.415,43.9572,28617.0,43.14413
4063,2017-10-30,42.9129,43.6827,42.8459,43.6827,17303.0,42.66287
4064,2017-10-31,43.6827,44.1848,43.5154,43.8635,57233.0,42.214092
4065,2017-11-01,43.8501,44.8543,43.194,44.4125,431244.0,41.995575
4066,2017-11-02,44.1848,44.8543,44.1848,44.8543,276848.0,41.9649
4067,2017-11-03,44.8543,44.8543,43.5823,44.8476,35937.0,42.109592
4068,2017-11-06,44.7874,44.7874,44.7874,44.7874,666.0,42.288536
4069,2017-11-07,44.1848,44.8543,44.1848,44.5196,14641.0,42.448265
4070,2017-11-08,44.7807,44.8543,44.7807,44.8543,42592.0,42.48358
4071,2017-11-09,44.8543,46.0593,44.8543,44.9748,19965.0,42.557938
4072,2017-11-10,44.8543,46.0593,44.8543,46.0593,1997.0,42.595806
4073,2017-11-13,45.825,46.0593,45.6911,46.0058,106480.0,42.92823
4074,2017-11-14,45.7246,45.7246,45.6911,45.7112,1331.0,43.162296
4075,2017-11-15,44.6869,44.6869,44.6869,44.6869,1331.0,43.319645
4076,2017-11-16,44.8543,45.5238,44.8543,45.5238,201647.0,43.147083
4077,2017-11-17,44.8543,45.5238,44.8543,45.5238,12645.0,43.234287
4078,2017-11-20,45.5238,45.5238,45.18899999999999,45.5238,27286.0,43.15706
4079,2017-11-21,45.5238,45.5238,45.5238,45.5238,436568.0,43.128178
4080,2017-11-22,45.5238,45.5238,45.5238,45.5238,436568.0,43.142242
4081,2017-11-23,45.5238,45.6911,45.5238,45.5238,8652.0,43.22883
4082,2017-11-24,45.8585,45.8585,45.5238,45.5238,47916.0,43.22883
4083,2017-11-27,45.5238,45.5238,45.5238,45.5238,99160.0,43.22883
4084,2017-11-28,45.5572,45.5238,45.3899,45.3899,364694.0,43.22883
4085,2017-11-29,44.2652,45.4301,44.2183,45.4301,1997.0,43.192646
4086,2017-11-30,44.5263,45.2895,44.5196,44.5263,18634.0,43.178265
4087,2017-12-01,44.5263,45.2895,44.5196,44.5263,18634.0,42.917885
4088,2017-12-04,44.1848,44.1848,44.1848,44.1848,666.0,42.73588
4089,2017-12-05,43.9237,44.1848,43.5154,44.1848,27951.0,42.471573
4090,2017-12-06,44.6869,44.8543,44.6869,44.8476,27286.0,42.280205
4091,2017-12-07,43.5154,43.5154,43.2476,43.2476,1997.0,42.303776
4092,2017-12-08,43.8501,43.8501,43.6158,43.6292,3328.0,41.949028
4093,2017-12-11,43.5154,43.5488,43.0066,43.0066,1461438.0,41.835384
4094,2017-12-12,42.3773,43.1739,42.143,42.8459,797935.0,41.54287
4095,2017-12-13,42.8459,43.6827,42.8459,43.1739,1169284.0,41.288147
4096,2017-12-14,41.8484,41.8752,41.44,41.4601,272190.0,41.121033
4097,2017-12-15,43.0133,43.5288,41.8417,42.143,112470.0,40.640373
4098,2017-12-18,42.1764,42.6451,42.1764,42.5179,250228.0,40.477104
4099,2017-12-19,42.5112,42.8459,42.5112,42.7254,132435.0,40.435314
4100,2017-12-20,42.8459,42.8794,42.8459,42.8459,257549.0,40.46247
4101,2017-12-21,42.1764,42.8459,42.1764,42.8124,13310.0,40.521034
4102,2017-12-22,42.8124,44.7874,42.6785,43.5154,619581.0,40.69636
4103,2017-12-25,42.8124,44.7874,42.6785,43.5154,619581.0,40.97217
4104,2017-12-26,43.4953,43.5154,43.4886,43.4886,86515.0,41.13815
4105,2017-12-27,43.5154,45.18899999999999,43.5154,45.1757,287496.0,41.265728
4106,2017-12-28,45.18899999999999,46.1263,44.1848,45.497,742698.0,41.818626
4107,2017-12-29,45.4568,45.4568,44.2518,44.9213,384659.0,42.294296
4108,2018-01-01,44.8543,45.3162,44.8543,44.9882,1399547.0,42.50068
4109,2018-01-02,44.8543,47.2376,44.8543,47.2376,68547.0,42.705925
4110,2018-01-03,47.8669,48.6368,46.8627,47.9004,30613.0,43.446373
4111,2018-01-04,47.8669,48.6368,46.8627,47.9004,30613.0,44.027832
4112,2018-01-05,48.0678,48.2016,47.5322,47.8669,19300.0,44.514263
4113,2018-01-08,49.2058,49.2058,47.8736,48.2016,29282.0,44.935978
4114,2018-01-09,47.0301,47.5322,47.0301,47.4786,86515.0,45.344734
4115,2018-01-10,47.5322,48.5364,47.5322,48.2016,129773.0,45.285988
4116,2018-01-11,48.2016,50.6117,48.2016,49.7213,289493.0,45.390945
4117,2018-01-12,49.8418,50.5448,49.8418,50.3306,36603.0,45.859974
4118,2018-01-15,48.2753,49.5406,48.2686,49.1523,76533.0,46.41696
4119,2018-01-16,49.2058,50.0762,48.8711,49.246,81857.0,46.528416
4120,2018-01-17,49.5406,50.8795,49.5406,49.7146,32610.0,46.68563
4121,2018-01-18,49.8084,50.21,49.5406,50.0159,73871.0,46.87253
4122,2018-01-19,50.036,51.8837,50.036,51.3281,258880.0,46.969257
4123,2018-01-22,51.549,51.549,50.8795,51.4352,274186.0,47.35508
4124,2018-01-23,51.549,51.549,51.4352,51.4352,1997.0,47.799847
4125,2018-01-24,50.8795,50.8862,50.8795,50.8795,6655.0,48.142677
4126,2018-01-25,52.8879,52.8879,48.9381,49.7079,427917.0,48.23112
4127,2018-01-26,50.21,50.21,49.9088,49.9088,229598.0,47.95072
4128,2018-01-29,52.3858,52.3992,51.7498,52.3925,606271.0,47.66323
4129,2018-01-30,51.6226,51.7498,51.6226,51.7163,6655.0,48.09062
4130,2018-01-31,51.482,51.5423,51.482,51.482,134431.0,48.26319
4131,2018-02-01,52.2854,52.2854,51.7163,51.7163,69878.0,48.38919
4132,2018-02-02,52.2854,52.2854,51.7163,51.7163,69878.0,48.654335
4133,2018-02-05,52.2854,52.2854,51.7163,51.7163,69878.0,48.82879
4134,2018-02-06,50.8795,50.8795,50.2435,50.2703,3328.0,48.7638
4135,2018-02-07,50.5783,51.0134,50.5448,51.0134,23958.0,48.389484
4136,2018-02-08,51.5155,51.549,51.5423,51.5423,37268.0,48.296787
4137,2018-02-09,51.549,51.549,51.0469,51.0469,1997.0,48.34982
4138,2018-02-12,48.5364,53.39,48.5364,51.549,72540.0,48.255287
4139,2018-02-13,51.2812,51.2812,51.2812,51.2812,1331.0,48.32437
4140,2018-02-14,50.9465,50.9465,49.3732,49.5406,16638.0,48.430553
4141,2018-02-15,50.21,51.1473,50.21,50.8795,70543.0,47.982433
4142,2018-02-16,48.8711,49.8753,48.5364,49.8418,9317.0,47.93303
4143,2018-02-19,48.8711,49.8753,48.5364,49.8418,9317.0,47.66439
4144,2018-02-20,49.8753,50.21,49.8753,50.21,2662.0,47.3901
4145,2018-02-21,50.21,50.4778,50.21,50.2502,49913.0,47.313904
4146,2018-02-22,50.1431,50.277,50.1431,50.2167,14641.0,47.398785
4147,2018-02-23,50.21,50.9465,48.5364,50.21,165044.0,47.352386
4148,2018-02-26,51.2142,51.5825,51.3348,51.3348,1997.0,47.40231
4149,2018-02-27,51.2142,51.5825,51.3348,51.3348,1997.0,47.739525
4150,2018-02-28,51.3816,52.0511,50.21,50.21,3328.0,47.984253
4151,2018-03-01,51.3816,52.0511,50.21,50.21,3328.0,47.87698
4152,2018-03-02,51.7163,51.7163,50.8795,51.4352,1997.0,47.788704
4153,2018-03-05,52.2118,52.2184,52.2118,52.2184,1331.0,48.040245
4154,2018-03-06,52.2118,52.2184,52.2118,52.2184,1331.0,48.354588
4155,2018-03-07,51.549,51.549,51.549,51.549,666.0,48.61945
4156,2018-03-08,51.5423,51.549,50.8795,50.9665,66550.0,48.752502
4157,2018-03-09,52.754,52.754,50.7456,50.7456,19965.0,48.691406
4158,2018-03-12,50.21,50.7456,50.21,50.7055,21962.0,48.472527
4159,2018-03-13,50.7456,50.8795,50.7456,50.8795,1529319.0,48.21701
4160,2018-03-14,50.8795,50.8795,50.2034,50.7724,141752.0,48.061634
4161,2018-03-15,50.8795,51.5423,50.8795,50.8795,3328.0,47.970917
4162,2018-03-16,50.5448,51.2142,49.2125,51.1473,61892.0,47.976997
4163,2018-03-19,51.7258,51.7258,51.2154,51.2154,5324.0,48.07365
4164,2018-03-20,52.3996,53.7744,51.7258,52.1682,887112.0,48.17198
4165,2018-03-21,52.7399,53.6996,52.4064,53.3933,384659.0,48.49031
4166,2018-03-22,53.4954,54.7885,52.42,54.5367,1511351.0,49.08567
4167,2018-03-23,53.4954,54.7885,52.42,54.5367,1511351.0,49.86157
4168,2018-03-26,57.2591,57.2591,52.8828,52.8828,5324.0,50.46355
4169,2018-03-27,52.5289,53.5975,52.5289,53.4341,219615.0,50.501247
4170,2018-03-28,53.3593,54.4482,53.087,53.8289,581647.0,50.58276
4171,2018-03-29,54.4482,56.4696,53.7676,54.4754,232925.0,50.640972
4172,2018-03-30,54.4482,54.4482,54.0399,54.2032,43258.0,50.753338
4173,2018-04-02,53.6996,54.4482,53.6996,53.7744,16638.0,50.7902
4174,2018-04-03,53.4613,53.4613,53.4273,53.4613,332750.0,50.846638
4175,2018-04-04,54.4482,54.4482,53.087,53.087,267531.0,50.75965
4176,2018-04-05,54.3121,54.3121,53.4341,54.3121,195657.0,50.548256
4177,2018-04-06,54.3121,54.3121,53.5634,54.0875,341402.0,50.64818
4178,2018-04-09,52.4404,52.7467,52.4064,52.4404,67881.0,50.69461
4179,2018-04-10,53.3933,53.6315,53.087,53.3729,1997.0,50.3391
4180,2018-04-11,53.2572,53.2572,52.4881,52.9169,3993.0,50.328056
4181,2018-04-12,52.7467,52.7467,52.0661,52.4064,21962.0,50.22142
4182,2018-04-13,51.8619,53.087,51.8347,52.9237,17969.0,49.885582
4183,2018-04-16,52.8828,53.7608,52.8828,53.7608,6655.0,49.791176
4184,2018-04-17,54.4482,54.4482,53.1619,54.0331,28617.0,50.0696
4185,2018-04-18,53.0938,53.3593,52.4064,53.3116,38599.0,50.29037
4186,2018-04-19,53.087,53.7608,52.4064,53.2572,83188.0,50.32493
4187,2018-04-20,52.4064,54.0399,52.4064,53.1959,7321.0,50.376675
4188,2018-04-23,51.7598,53.4341,51.7598,53.1551,22627.0,50.351677
4189,2018-04-24,53.6928,54.1079,53.4273,53.7336,166375.0,50.2426
4190,2018-04-25,53.6928,54.1079,53.4273,53.7336,166375.0,50.29083
4191,2018-04-26,53.087,53.087,53.087,53.087,1331.0,50.39416
4192,2018-04-27,52.7467,53.8357,52.7467,53.8357,268862.0,50.31222
4193,2018-04-30,53.7676,53.7676,53.7336,53.7676,91839.0,50.44938
4194,2018-05-01,53.7676,53.7676,53.7336,53.7676,91839.0,50.54229
4195,2018-05-02,53.7676,54.3461,53.1891,53.7676,181016.0,50.563858
4196,2018-05-03,53.7676,54.3461,53.1891,53.7676,181016.0,50.591347
4197,2018-05-04,53.7676,54.3461,53.1891,53.7676,181016.0,50.66096
4198,2018-05-07,53.7608,53.7676,53.7676,53.7676,8652.0,50.65371
4199,2018-05-08,56.456,56.456,53.087,54.3121,12645.0,50.65371
4200,2018-05-09,53.087,56.1497,53.087,54.5707,8652.0,50.79827
4201,2018-05-10,53.4273,53.4273,53.2572,53.2776,33941.0,50.984684
4202,2018-05-11,51.3923,54.2781,51.3923,52.4132,25955.0,50.794044
4203,2018-05-14,52.4064,52.4064,50.7049,50.8138,206305.0,50.40953
4204,2018-05-15,49.0783,50.3306,49.0034,49.4798,380001.0,49.669247
4205,2018-05-16,49.3437,51.0452,49.3437,50.3442,208967.0,48.656235
4206,2018-05-17,52.3724,52.7127,50.3306,50.385,51244.0,48.059418
4207,2018-05-18,52.3724,52.7127,50.3306,50.385,51244.0,47.706234
4208,2018-05-21,51.896,51.896,49.6159,49.684,90508.0,47.502155
4209,2018-05-22,50.2897,50.6981,49.684,50.6981,3993.0,47.30395
4210,2018-05-23,51.3855,51.6578,51.0452,51.6578,15972.0,47.517654
4211,2018-05-24,51.3855,51.6578,51.0452,51.6578,15972.0,47.878242
4212,2018-05-25,49.6976,51.0452,49.684,49.9971,8652.0,48.1645
4213,2018-05-28,52.3724,52.4064,49.0034,49.1191,461857.0,47.962173
4214,2018-05-29,50.2625,51.0452,50.7049,50.7049,28617.0,47.60461
4215,2018-05-30,50.2625,51.0452,50.7049,50.7049,28617.0,47.65398
4216,2018-05-31,51.0452,51.0452,50.3646,51.0384,37934.0,47.611526
4217,2018-06-01,51.0452,51.0452,50.3646,50.7049,22627.0,47.672398
4218,2018-06-04,49.3097,49.3097,49.3097,49.3097,3993.0,47.788635
4219,2018-06-05,49.7929,51.7735,49.684,51.4604,306130.0,47.56816
4220,2018-06-06,51.4604,53.5975,51.4604,53.0938,91839.0,47.829113
4221,2018-06-07,53.7676,53.7676,51.7258,52.0661,41927.0,48.481964
4222,2018-06-08,53.7676,53.7676,51.7258,52.0661,41927.0,48.70498
4223,2018-06-11,52.0661,54.2645,52.0661,52.4064,72540.0,48.92165
4224,2018-06-12,52.4064,53.2572,52.3996,53.1415,320106.0,49.289066
4225,2018-06-13,55.7958,55.7958,54.2713,55.7958,10256021.0,49.582245
4226,2018-06-14,57.5109,58.5795,57.3408,58.5795,52554209.0,50.405067
4227,2018-06-15,57.5109,58.5795,57.3408,58.5795,52554209.0,51.89186
4228,2018-06-18,57.5109,58.5795,57.3408,58.5795,52554209.0,53.096336
4229,2018-06-19,60.5736,61.2542,58.9062,59.4779,3949077.0,54.04011
4230,2018-06-20,59.893,62.4453,56.5241,57.0617,2238077.0,54.95688
4231,2018-06-21,55.8094,57.0413,54.21,54.7749,11905130.0,54.802605
4232,2018-06-22,55.1288,55.4623,54.1147,54.455,8864460.0,53.843937
4233,2018-06-25,55.1288,56.3539,54.4482,54.5435,206305.0,52.98918
4234,2018-06-26,54.8838,55.299,54.6184,55.1288,3678219.0,52.2901
4235,2018-06-27,55.1288,56.1497,55.1288,55.8094,2422420.0,51.804382
4236,2018-06-28,55.7754,55.8775,54.8226,55.6597,779966.0,51.833076
4237,2018-06-29,55.4691,55.8162,55.4691,55.6189,1611176.0,52.01853
4238,2018-07-02,55.4691,55.6189,55.4691,55.6189,11979.0,52.187912
4239,2018-07-03,58.3957,58.3957,55.8094,56.1497,84519.0,52.31418
4240,2018-07-04,55.8094,55.8094,55.4759,55.8094,184344.0,52.500507
4241,2018-07-05,56.1497,56.1497,55.4691,55.8094,85850.0,52.50007
4242,2018-07-06,55.8026,56.49,55.8026,56.1497,37934.0,52.515335
4243,2018-07-09,55.1356,55.1356,54.4482,54.7885,225605.0,52.625305
4244,2018-07-10,54.4482,55.4691,54.4482,55.4691,106480.0,52.3424
4245,2018-07-11,55.4691,57.3408,55.4691,56.8303,114466.0,52.25627
4246,2018-07-12,57.8172,59.6684,57.5858,59.5119,1287743.0,52.580864
4247,2018-07-13,59.893,62.4861,59.893,62.4861,2917552.0,53.534542
4248,2018-07-16,63.9086,63.9086,59.893,61.0433,36591187.0,55.07081
4249,2018-07-17,61.2542,61.928,60.5736,61.1998,39265.0,56.078693
4250,2018-07-18,62.2752,62.2752,59.9339,61.0365,57899.0,56.87147
4251,2018-07-19,63.2893,63.2961,58.702,62.2547,521946.0,57.330788
4252,2018-07-20,61.2542,61.9349,60.6417,61.9349,41261.0,57.74727
4253,2018-07-23,61.9349,62.0029,61.2542,61.9417,542383.0,57.75379
4254,2018-07-24,63.228,63.228,61.9349,62.6155,504449.0,57.895702
4255,2018-07-25,63.228,63.228,61.9349,62.6155,504449.0,58.182243
4256,2018-07-26,62.6155,62.6155,61.7647,61.9144,11314.0,58.406807
4257,2018-07-27,61.9349,62.6155,61.2542,62.1458,114466.0,58.309074
4258,2018-07-30,62.105,62.5134,61.6014,62.2752,2642035.0,58.327488
4259,2018-07-31,62.6155,62.6155,61.0501,61.2134,25955.0,58.359516
4260,2018-08-01,59.9543,61.2542,59.893,61.0297,714082.0,58.04225
4261,2018-08-02,61.2542,61.2542,60.7438,61.2542,773311.0,57.75556
4262,2018-08-03,61.2542,61.9349,59.9271,61.8396,46585.0,57.63619
4263,2018-08-06,61.9349,61.9349,61.8396,61.9349,158389.0,57.656456
4264,2018-08-07,62.6155,62.6155,61.9349,61.9349,273521.0,57.697983
4265,2018-08-08,61.9349,62.9558,61.9349,62.3636,87846.0,57.834663
4266,2018-08-09,61.9485,62.4113,61.9349,61.9349,125780.0,58.075794
4267,2018-08-10,61.2951,62.105,61.2951,62.0914,176358.0,58.131012
4268,2018-08-13,61.5946,62.105,61.2542,61.5537,537724.0,58.16887
4269,2018-08-14,61.5946,62.105,61.2542,61.5537,537724.0,58.050285
4270,2018-08-15,61.9349,61.9349,61.2542,61.5946,1100737.0,57.948257
4271,2018-08-16,61.9349,61.9349,61.2542,61.4584,7321.0,57.84169
4272,2018-08-17,61.5946,63.6364,61.5946,63.1259,169703.0,57.749943
4273,2018-08-20,62.9558,63.1599,62.9558,62.9558,33275.0,58.10478
4274,2018-08-21,62.9558,63.1599,62.9558,62.9558,33275.0,58.388924
4275,2018-08-22,62.9558,63.1599,62.9558,62.9558,33275.0,58.63184
4276,2018-08-23,62.9558,63.1599,62.9558,62.9558,33275.0,58.838737
4277,2018-08-24,62.9558,63.3301,62.9558,63.2961,1760248.0,58.99407
4278,2018-08-27,63.3641,64.5484,63.3097,63.3641,733381.0,59.063797
4279,2018-08-28,66.0117,66.0117,63.1599,63.2961,356708.0,59.151512
4280,2018-08-29,64.317,64.6573,63.2961,64.0583,596954.0,59.207916
4281,2018-08-30,63.5002,66.0185,62.6495,63.2961,849844.0,59.455013
4282,2018-08-31,63.6364,63.7384,62.0369,63.7384,240911.0,59.45085
4283,2018-09-03,62.6835,63.2961,62.4113,63.2893,177023.0,59.54025
4284,2018-09-04,62.7516,63.3097,62.282,63.1667,116463.0,59.489273
4285,2018-09-05,63.2893,63.2961,62.6155,63.0238,171034.0,59.409634
4286,2018-09-06,62.9558,63.2961,62.9558,63.2961,574091.0,59.252216
4287,2018-09-07,65.1133,66.4609,62.6155,62.6835,169037.0,59.251884
4288,2018-09-10,62.9558,62.9558,62.07100000000001,62.7652,141086.0,59.055435
4289,2018-09-11,62.8196,63.9086,62.6155,63.2961,1131350.0,58.963318
4290,2018-09-12,63.6364,63.9767,63.5002,63.9767,141086.0,59.036427
4291,2018-09-13,65.2698,65.2698,63.9767,64.317,39930.0,59.271976
4292,2018-09-14,64.1468,64.9976,64.1468,64.7594,39930.0,59.53905
4293,2018-09-17,65.2358,65.2698,63.2961,63.2961,20631.0,59.933167
4294,2018-09-18,66.1634,66.1634,63.911,63.9186,47795.0,59.86931
4295,2018-09-19,66.8863,66.9243,66.171,66.171,3630.0,59.935513
4296,2018-09-20,66.8863,66.9243,66.171,66.171,3630.0,60.488796
4297,2018-09-21,66.8863,66.9243,66.171,66.171,3630.0,60.8842
4298,2018-09-24,68.4843,68.4843,66.2014,66.2014,3630.0,61.221634
4299,2018-09-25,66.2014,68.4462,66.2014,68.4462,1210.0,61.640617
4300,2018-09-26,66.9624,66.9624,65.4405,65.4633,39930.0,62.462166
4301,2018-09-27,66.0417,68.4843,66.0417,67.5864,280720.0,62.174168
4302,2018-09-28,67.7233,69.2452,66.3917,67.8603,246235.0,62.516068
4303,2018-10-01,67.0765,69.6257,67.0385,69.6257,19360.0,62.83456
4304,2018-10-02,69.5876,69.6257,69.093,69.2452,318835.0,63.490723
4305,2018-10-03,68.4919,68.4919,68.4462,68.4462,10890.0,63.805656
4306,2018-10-04,68.4843,69.2452,68.4843,68.8952,713900.0,64.11984
4307,2018-10-05,67.7385,69.0778,67.7233,68.5984,397485.0,64.31017
4308,2018-10-08,67.1146,68.4843,65.2122,67.0613,843975.0,64.31883
4309,2018-10-09,68.4462,70.0061,67.7233,69.4583,683045.0,63.778465
4310,2018-10-10,71.528,71.528,68.4919,68.9636,132495.0,64.01021
4311,2018-10-11,67.807,70.0061,67.807,69.2908,10294075.0,64.09673
4312,2018-10-12,69.2071,70.0061,69.2071,70.0061,378730.0,64.232346
4313,2018-10-15,70.0061,70.0061,68.4843,69.9453,328515.0,64.59275
4314,2018-10-16,70.0061,70.0061,68.5604,68.6745,160930.0,64.96806
4315,2018-10-17,68.8647,70.691,68.8647,69.9681,304920.0,64.76153
4316,2018-10-18,69.9985,72.2128,69.6257,71.5737,378125.0,64.97253
4317,2018-10-19,72.6694,73.0499,72.0987,72.6694,1232385.0,65.472046
4318,2018-10-22,72.7075,72.7075,70.3866,72.2889,44770.0,66.08708
4319,2018-10-23,70.8508,72.2889,70.8051,71.5356,223850.0,66.57257
4320,2018-10-24,73.3923,73.4303,70.8812,72.6542,1753895.0,66.9041
4321,2018-10-25,74.4957,74.4957,72.2965,73.0194,311575.0,67.31631
4322,2018-10-26,71.5356,73.8108,69.4735,73.3238,287375.0,67.553505
4323,2018-10-29,74.1152,74.5717,71.0258,74.1913,1419330.0,67.73919
4324,2018-10-30,73.0499,76.0936,73.0499,75.3022,405955.0,68.17273
4325,2018-10-31,74.5717,76.0175,74.1152,75.5305,220220.0,68.853386
4326,2018-11-01,76.0099,76.0936,73.925,74.7315,205700.0,69.37876
4327,2018-11-02,74.001,76.0936,74.001,75.3251,371470.0,69.60868
4328,2018-11-05,73.476,75.1044,73.4303,74.1304,37510.0,69.91461
4329,2018-11-06,74.5717,75.3327,72.365,73.3999,198440.0,69.75518
4330,2018-11-07,74.1532,74.5413,70.4627,73.2021,368445.0,69.34292
4331,2018-11-08,73.6206,73.6206,70.4627,72.0683,30250.0,68.94134
4332,2018-11-09,71.9085,73.7728,71.566,73.0575,293425.0,68.359985
4333,2018-11-12,74.4196,74.4196,72.2813,72.5933,74415.0,68.09509
4334,2018-11-13,73.0118,73.0118,71.3378,71.5204,160930.0,67.85496
4335,2018-11-14,71.5204,73.0499,70.5388,71.8172,4094035.0,67.468735
4336,2018-11-15,73.0118,73.0118,68.2331,70.9269,28435.0,67.27886
4337,2018-11-16,72.1748,72.2509,70.7671,71.6878,1658910.0,66.958244
4338,2018-11-19,71.9085,72.2813,71.9085,71.9085,177870.0,66.80078
4339,2018-11-20,71.9085,72.5553,71.9085,72.3194,382965.0,66.772255
4340,2018-11-21,71.9085,72.5553,71.9085,72.3194,382965.0,66.94545
4341,2018-11-22,72.2737,72.2889,71.5052,71.528,220220.0,67.08928
4342,2018-11-23,71.528,71.528,70.7747,70.866,14520.0,67.0877
4343,2018-11-26,71.4519,71.4519,70.0061,70.0061,73810.0,66.85489
4344,2018-11-27,70.7671,71.4139,70.4627,70.5692,168190.0,66.41061
4345,2018-11-28,70.8051,71.528,70.7671,70.7747,160325.0,66.13831
4346,2018-11-29,70.7671,71.528,70.7671,71.3073,78045.0,65.95124
4347,2018-11-30,70.8508,74.8685,70.7671,73.2705,2121735.0,66.013405
4348,2018-12-03,76.0556,76.086,71.2236,74.762,885720.0,66.632355
4349,2018-12-04,76.8165,76.8165,74.8381,75.5001,243815.0,67.579056
4350,2018-12-05,77.0067,77.0067,72.639,75.7892,64735.0,68.52476
4351,2018-12-06,74.001,75.1501,72.0226,72.9357,652795.0,69.38831
4352,2018-12-07,72.9357,74.5717,70.7671,72.6085,1070850.0,69.34055
4353,2018-12-10,73.0499,74.1913,69.3974,72.3574,1020635.0,69.03537
4354,2018-12-11,71.528,72.3574,69.6333,71.4976,197835.0,68.528564
4355,2018-12-12,70.0061,70.7671,67.9288,68.6136,821590.0,67.76969
4356,2018-12-13,68.4843,69.93,65.9123,68.2712,352715.0,66.44102
4357,2018-12-14,67.7233,70.0061,65.821,68.6136,237765.0,65.55544
4358,2018-12-17,69.2452,69.2452,66.2471,67.8527,39930.0,64.903435
4359,2018-12-18,67.7233,68.294,66.5895,67.2363,174845.0,64.15442
4360,2018-12-19,67.1298,67.7157,63.9186,64.8013,30006790.0,63.525337
4361,2018-12-20,65.8134,65.8134,63.4012,64.5046,1450185.0,62.650906
4362,2018-12-21,63.9186,67.3429,63.3479,65.0905,393855.0,61.894737
4363,2018-12-24,67.7233,67.7233,64.6796,65.4862,5897540.0,61.381348
4364,2018-12-25,67.7233,67.7233,64.6796,65.4862,5897540.0,61.097603
4365,2018-12-26,67.7081,67.7081,62.2446,63.6447,2741860.0,60.964455
4366,2018-12-27,63.9186,66.8254,63.9186,66.6504,3553165.0,60.617523
4367,2018-12-28,66.0493,69.9757,65.06,68.8495,4987015.0,61.145164
4368,2018-12-31,66.97,71.528,66.2091,70.3029,3723775.0,62.025295
4369,2019-01-01,70.3866,70.3866,67.4189,67.5787,558415.0,63.090027
4370,2019-01-02,66.9624,69.2376,66.5895,67.5864,332750.0,63.37536
4371,2019-01-03,67.7233,68.4843,66.7722,68.2636,108295.0,63.74207
4372,2019-01-04,67.3505,67.7233,66.8863,67.3581,240790.0,63.902313
4373,2019-01-07,68.4843,70.37899999999998,67.0765,67.6624,293425.0,63.5391
4374,2019-01-08,67.1526,68.4843,67.1146,68.081,87725.0,63.250168
4375,2019-01-09,68.1038,68.4843,67.7233,68.4843,84700.0,63.36315
4376,2019-01-10,67.7081,68.4843,67.7081,68.4006,42955.0,63.53651
4377,2019-01-11,68.1038,69.2376,67.3429,67.495,325490.0,63.61908
4378,2019-01-14,67.9516,68.3701,67.6853,67.7309,127655.0,63.544014
4379,2019-01-15,68.3245,68.4843,67.7233,67.7461,289795.0,63.516357
4380,2019-01-16,67.7233,67.7233,67.3429,67.3429,4840.0,63.43831
4381,2019-01-17,67.3429,67.7233,66.9624,67.594,914155.0,63.22868
4382,2019-01-18,67.6092,67.7614,66.9624,66.9852,145805.0,63.150185
4383,2019-01-21,67.0385,67.6853,67.0385,67.1374,232320.0,63.002644
4384,2019-01-22,66.9624,67.3429,66.9624,67.3352,173635.0,62.90174
4385,2019-01-23,68.0962,68.4843,67.5331,67.7233,295845.0,62.869072
4386,2019-01-24,70.7671,70.7671,68.1038,68.3321,644325.0,62.96703
4387,2019-01-25,68.4766,68.4843,67.9136,67.9136,41745.0,63.1907
4388,2019-01-28,67.9516,68.1038,67.9516,68.0962,82885.0,63.326065
4389,2019-01-29,67.9136,69.2452,67.6472,68.6136,100430.0,63.478874
4390,2019-01-30,69.93,70.691,68.4843,68.4843,30250.0,63.7099
4391,2019-01-31,65.821,69.2452,65.821,67.5635,658845.0,63.816254
4392,2019-02-01,68.8571,70.0061,68.1038,69.5648,877250.0,63.631588
4393,2019-02-04,69.9985,73.0423,69.9985,72.7912,2375835.0,64.031456
4394,2019-02-05,69.9985,73.0423,69.9985,72.7912,2375835.0,65.10002
4395,2019-02-06,72.7912,73.8869,72.2889,72.2889,335775.0,65.96218
4396,2019-02-07,71.528,73.4303,71.528,72.8292,375100.0,66.640945
4397,2019-02-08,72.6694,73.0499,71.1551,71.8704,964370.0,67.395805
4398,2019-02-11,71.5204,71.5204,69.8311,70.0594,309155.0,67.53419
4399,2019-02-12,69.093,71.528,69.093,71.4671,78650.0,66.90389
4400,2019-02-13,71.8704,71.9085,70.9573,71.528,172425.0,66.76347
4401,2019-02-14,70.9269,71.528,70.9193,71.4823,25410.0,66.638084
4402,2019-02-15,71.7563,71.7563,71.3758,71.5128,44165.0,66.49117
4403,2019-02-18,71.1475,71.528,71.0714,71.4747,133100.0,66.52183
4404,2019-02-19,71.528,71.528,70.7595,70.7595,411400.0,66.67701
4405,2019-02-20,73.0499,73.0499,69.5648,69.9909,507595.0,66.49579
4406,2019-02-21,72.2889,72.2889,69.2452,70.7595,5397810.0,66.1527
4407,2019-02-22,70.0898,72.2813,70.0822,71.8704,448910.0,66.06388
4408,2019-02-25,72.2052,72.2889,71.1856,71.2084,11495.0,66.23522
4409,2019-02-26,70.0137,71.528,68.8723,70.3181,294635.0,66.22941
4410,2019-02-27,67.9136,71.528,67.9136,71.5128,418055.0,66.11134
4411,2019-02-28,72.6618,73.8108,70.9573,73.1107,223850.0,66.376564
4412,2019-03-01,74.8761,76.7632,74.5717,75.3403,2603920.0,66.86537
4413,2019-03-04,76.0556,78.2166,75.3327,76.885,1732720.0,67.72149
4414,2019-03-05,76.8546,77.6155,76.1697,76.4132,210540.0,68.92357
4415,2019-03-06,77.4253,77.4253,75.1501,75.8806,133100.0,69.92301
4416,2019-03-07,76.223,77.5394,75.3327,76.8089,45980.0,70.51775
4417,2019-03-08,76.1012,80.64399999999998,74.6478,77.2959,331540.0,71.051
4418,2019-03-11,77.2274,79.8907,76.0936,78.8254,327910.0,71.34925
4419,2019-03-12,77.6079,78.3764,74.8913,74.8913,1209395.0,71.83663
4420,2019-03-13,71.6041,74.9142,71.6041,73.1336,2815670.0,71.376724
4421,2019-03-14,73.0575,73.7347,72.6694,73.4075,107690.0,70.62293
4422,2019-03-15,72.3042,75.1348,71.528,72.8368,294030.0,69.959
4423,2019-03-18,72.8368,74.1152,72.2813,73.164,863940.0,69.07926
4424,2019-03-19,73.1796,74.4695,73.1796,73.8945,237160.0,68.35224
4425,2019-03-20,73.1407,74.2131,73.1407,74.1198,255915.0,68.33722
4426,2019-03-21,74.0421,74.5939,73.436,74.1976,1796850.0,68.534615
4427,2019-03-22,74.2131,76.8164,73.0474,74.7104,200860.0,68.7201
4428,2019-03-25,74.2908,74.5706,74.2131,74.4385,34485.0,69.05615
4429,2019-03-26,74.5162,74.5162,73.436,74.1354,417450.0,69.22417
4430,2019-03-27,75.301,76.0781,73.5526,75.5653,770770.0,69.22774
4431,2019-03-28,74.6871,77.5779,74.6016,76.9096,375705.0,69.55987
4432,2019-03-29,75.946,78.2851,74.6094,76.9718,836110.0,70.12136
4433,2019-04-01,77.0884,77.0884,76.5366,76.5444,68365.0,70.5864
4434,2019-04-02,76.1558,76.1558,75.8062,76.0004,74415.0,70.94242
4435,2019-04-03,76.5599,76.5599,74.998,75.744,32065.0,71.1162
4436,2019-04-04,75.57300000000002,78.4872,73.8245,76.6532,195415.0,71.03204
4437,2019-04-05,74.6405,76.1558,74.6327,76.1481,52030.0,71.041374
4438,2019-04-08,74.3374,75.7673,73.436,74.2675,442860.0,70.91077
4439,2019-04-09,73.8245,75.3399,73.7468,75.0057,484605.0,70.41299
4440,2019-04-10,75.37100000000002,75.3787,73.8245,74.2986,280720.0,70.25856
4441,2019-04-11,74.2908,74.2908,72.6667,73.8012,355135.0,69.9075
4442,2019-04-12,73.2417,75.301,73.0474,74.7104,199045.0,69.41269
4443,2019-04-15,75.2933,75.6818,74.252,74.5395,291610.0,69.31753
4444,2019-04-16,74.6016,75.3787,73.9489,74.5628,57475.0,69.33205
4445,2019-04-17,74.6016,75.3399,73.4749,74.2131,519695.0,69.30843
4446,2019-04-18,74.1742,74.2131,73.2417,74.1665,598345.0,69.28741
4447,2019-04-19,74.2131,74.6016,73.1252,73.3894,608630.0,69.28638
4448,2019-04-22,73.7468,73.7468,72.7521,72.8998,202070.0,69.00625
4449,2019-04-23,72.7288,73.7468,71.2213,73.1485,1355805.0,68.66939
4450,2019-04-24,74.0188,75.7518,72.4258,74.3063,234740.0,68.44807
4451,2019-04-25,73.8245,76.6998,73.8245,75.3787,937750.0,68.561035
4452,2019-04-26,75.3787,76.1558,74.9125,75.6896,222640.0,68.9262
4453,2019-04-29,75.3787,76.0781,74.4074,75.4021,366025.0,69.41201
4454,2019-04-30,74.9824,76.9329,73.5914,75.3787,920205.0,69.81609
4455,2019-05-01,74.9824,76.9329,73.5914,75.3787,920205.0,70.11351
4456,2019-05-02,73.9722,74.9902,73.7158,73.9333,608630.0,70.22813
4457,2019-05-03,74.2131,74.2131,72.4258,72.6667,555390.0,69.85665
4458,2019-05-06,72.2703,72.2703,71.8041,71.9906,139755.0,69.22042
4459,2019-05-07,72.2315,72.2703,71.8818,72.2315,570515.0,68.5411
4460,2019-05-08,72.7755,72.8532,71.6487,72.2159,166375.0,68.00841
4461,2019-05-09,72.8532,72.8532,71.8818,72.2004,1035760.0,67.55811
4462,2019-05-10,72.2004,73.7857,71.8818,73.0708,882695.0,67.341286
4463,2019-05-13,72.3481,74.2053,72.2548,72.8765,1978350.0,67.51274
4464,2019-05-14,73.442,75.1701,71.714,73.6753,999350.0,67.65978
4465,2019-05-15,73.5284,73.5371,72.5866,73.4075,3395150.0,67.97093
4466,2019-05-16,73.3124,73.442,71.7572,72.699,1519100.0,68.1669
4467,2019-05-17,71.714,73.01,70.85,72.7335,454300.0,68.15043
4468,2019-05-20,72.146,73.347,70.6772,72.9927,528550.0,68.07741
4469,2019-05-21,72.5866,72.5866,70.2538,71.3943,957000.0,68.067406
4470,2019-05-22,71.3684,74.2974,71.3684,74.1851,1180300.0,67.58197
4471,2019-05-23,74.211,75.5935,74.0036,74.9368,1011450.0,67.93224
4472,2019-05-24,73.442,75.1787,73.2779,75.1528,1297450.0,68.420616
4473,2019-05-27,74.3061,76.5525,74.3061,76.0082,451000.0,68.90447
4474,2019-05-28,75.5157,76.0341,75.0146,75.2306,547250.0,69.559456
4475,2019-05-29,76.4661,78.9891,76.3365,77.9177,1277100.0,70.01357
4476,2019-05-30,79.4816,81.0022,77.7622,79.2396,2001450.0,70.78379
4477,2019-05-31,79.4816,81.0022,77.7622,79.2396,2001450.0,71.64334
4478,2019-06-03,79.2742,81.0454,79.0582,79.5248,204600.0,72.375946
4479,2019-06-04,79.2742,81.0454,79.0582,79.5248,204600.0,73.03933
4480,2019-06-05,79.2742,81.0454,79.0582,79.5248,204600.0,73.613785
4481,2019-06-06,79.2742,81.0454,79.0582,79.5248,204600.0,73.81727
4482,2019-06-07,79.2742,81.0454,79.0582,79.5248,204600.0,73.8648
4483,2019-06-10,79.5766,79.5766,76.8981,77.1573,504900.0,73.89746
4484,2019-06-11,76.0341,77.3301,76.0341,77.2524,81950.0,73.324814
4485,2019-06-12,78.1078,78.1078,74.5221,75.0405,546700.0,72.89516
4486,2019-06-13,75.0318,76.0255,74.5221,75.8699,1343650.0,71.93366
4487,2019-06-14,75.6021,77.3301,75.6021,76.8636,785400.0,71.34139
4488,2019-06-17,76.0341,76.0341,74.9195,75.5589,173250.0,71.0828
4489,2019-06-18,74.8245,75.5848,74.8245,75.317,291500.0,70.75687
4490,2019-06-19,75.075,75.8613,74.6085,75.6626,778800.0,70.50834
4491,2019-06-20,76.0082,76.0341,75.2651,75.749,107800.0,70.5639
4492,2019-06-21,75.9391,75.9391,74.7381,75.2565,90200.0,70.506584
4493,2019-06-24,75.4725,75.7231,73.874,74.5998,57200.0,70.277985
4494,2019-06-25,74.3061,74.3061,71.714,73.2606,622600.0,70.06509
4495,2019-06-26,72.146,73.4334,70.8672,73.0964,579700.0,69.56754
4496,2019-06-27,73.01,76.0341,71.714,74.2629,2042700.0,69.07725
4497,2019-06-28,72.578,77.7622,71.7226,75.3083,2211550.0,68.929855
4498,2019-07-01,73.01,74.7208,72.578,74.4443,495550.0,69.08752
4499,2019-07-02,73.442,73.874,73.0532,73.6321,142450.0,69.121666
4500,2019-07-03,73.874,74.2197,73.442,73.8049,154000.0,69.11092
4501,2019-07-04,74.9541,77.2351,72.8459,73.0705,1102750.0,69.13719
4502,2019-07-05,72.578,73.8136,72.578,73.6408,33000.0,68.8198
4503,2019-07-08,72.6039,72.6298,71.282,71.6708,614900.0,68.61773
4504,2019-07-09,72.1374,72.146,71.1956,71.7399,245850.0,68.04355
4505,2019-07-10,73.01,75.1614,71.282,71.5153,932800.0,67.67697
4506,2019-07-11,71.7053,71.714,70.5908,70.8672,309650.0,67.28962
4507,2019-07-12,70.8672,71.714,70.1242,71.2993,413600.0,66.84045
4508,2019-07-15,69.9946,71.6189,69.9946,70.8845,199650.0,66.56832
4509,2019-07-16,71.1092,72.3102,70.0032,71.377,497200.0,66.40566
4510,2019-07-17,72.7422,72.7422,70.4698,71.6794,711150.0,66.394646
4511,2019-07-18,71.0228,71.6794,71.0228,71.3252,279950.0,66.48913
4512,2019-07-19,72.5348,72.5348,70.0723,70.824,447700.0,66.53266
4513,2019-07-22,70.85,71.714,69.9859,70.945,101750.0,66.42355
4514,2019-07-23,70.85,71.6621,70.4093,70.5735,112200.0,66.393974
4515,2019-07-24,69.9859,70.7636,68.3961,69.8218,434500.0,66.21215
4516,2019-07-25,70.4093,71.6276,69.1219,70.5648,217800.0,65.85058
4517,2019-07-26,69.5539,71.1956,69.5539,70.4698,143000.0,65.78501
4518,2019-07-29,70.4093,70.7636,69.2947,70.3402,179300.0,65.72851
4519,2019-07-30,71.6708,71.6708,69.649,70.5735,102850.0,65.64886
4520,2019-07-31,69.9859,71.1524,69.8131,70.824,443850.0,65.69813
4521,2019-08-01,70.7117,70.85,70.4179,70.7549,61600.0,65.851845
4522,2019-08-02,72.051,72.051,69.9859,70.2019,65450.0,65.89541
4523,2019-08-05,69.9859,69.9859,68.4739,68.8195,199650.0,65.81098
4524,2019-08-06,69.1133,69.1219,68.2579,68.3616,128150.0,65.40386
4525,2019-08-07,68.2579,68.664,65.83,67.4716,264000.0,64.93015
4526,2019-08-08,69.4589,69.4589,65.6658,66.1669,318450.0,64.26973
4527,2019-08-09,66.3052,66.9619,63.9291,64.8796,212300.0,63.391796
4528,2019-08-12,66.3052,66.9619,63.9291,64.8796,212300.0,62.410473
4529,2019-08-13,66.3052,66.9619,63.9291,64.8796,212300.0,61.733063
4530,2019-08-14,66.3052,66.9619,63.9291,64.8796,212300.0,61.20302
4531,2019-08-15,66.3052,66.9619,63.9291,64.8796,212300.0,60.8561
4532,2019-08-16,64.8018,68.111,63.0737,64.3871,148500.0,60.71348
4533,2019-08-19,64.8018,65.6658,64.1538,64.8191,553850.0,60.58644
4534,2019-08-20,64.6203,66.5126,63.981,66.046,1321100.0,60.59754
4535,2019-08-21,66.9532,67.8086,65.6658,67.342,694650.0,60.91295
4536,2019-08-22,67.99,68.9923,67.0483,68.6899,423500.0,61.49221
4537,2019-08-23,68.6899,68.6899,66.5298,67.1692,377850.0,62.32775
4538,2019-08-26,66.5298,66.5298,64.3698,66.0978,343.0,62.693798
4539,2019-08-27,65.0783,65.2338,63.0824,63.955,312.0,62.682716
4540,2019-08-28,64.1451,66.9619,63.549,66.1151,908050.0,61.98774
4541,2019-08-29,66.8754,67.3939,64.8018,65.0524,202400.0,61.849182
4542,2019-08-30,65.0524,66.5298,63.9464,64.9055,351450.0,61.295536
4543,2019-09-02,64.9746,64.9746,64.413,64.6808,213400.0,60.968735
4544,2019-09-03,63.9464,64.8018,62.7281,62.9269,405350.0,60.788372
4545,2019-09-04,62.2097,62.2097,59.7818,59.7905,790900.0,60.33288
4546,2019-09-05,59.7905,61.3457,59.6176,61.0001,364650.0,58.95958
4547,2019-09-06,62.1147,62.1147,60.0497,60.931,368500.0,58.294186
4548,2019-09-09,62.1147,62.1147,60.0497,60.931,368500.0,57.687164
4549,2019-09-10,62.1147,62.1147,60.0497,60.931,368500.0,57.20573
4550,2019-09-11,61.7691,63.0565,60.7409,60.9223,417450.0,57.031593
4551,2019-09-12,62.1233,63.6354,60.9655,62.322,1445950.0,57.14965
4552,2019-09-13,61.8641,62.5899,61.7777,62.0628,138600.0,57.506214
4553,2019-09-16,62.2097,64.2834,62.0283,62.4516,287100.0,57.72853
4554,2019-09-17,61.6999,62.6417,61.6913,62.2184,567050.0,58.02083
4555,2019-09-18,61.8641,62.4257,61.5876,62.0974,525250.0,58.204975
4556,2019-09-19,62.9873,65.061,62.2097,64.3957,672100.0,58.30599
4557,2019-09-20,64.197,64.8018,63.5058,64.2747,837100.0,58.8667
4558,2019-09-23,64.3698,66.5039,63.2898,64.4994,299750.0,59.29679
4559,2019-09-24,63.9378,63.9464,62.4257,63.2465,641850.0,59.693237
4560,2019-09-25,63.7045,63.9378,61.8641,62.5985,363550.0,59.729702
4561,2019-09-26,62.2097,62.5467,61.5617,61.9592,340450.0,59.573273
4562,2019-09-27,61.9592,62.6417,61.9505,62.3307,34650.0,59.074295
4563,2019-09-30,62.6417,63.1601,61.5617,62.2443,47300.0,58.760464
4564,2019-10-01,62.8577,63.0305,62.3393,62.6849,68750.0,58.464302
4565,2019-10-02,62.6417,63.5058,62.6417,63.0737,117150.0,58.457695
4566,2019-10-03,63.0737,63.8946,63.0737,63.5403,209000.0,58.620903
4567,2019-10-04,63.1256,63.5058,62.9096,63.4712,185350.0,58.92691
4568,2019-10-07,63.0737,66.357,63.0737,66.0201,708.0,59.131805
4569,2019-10-08,65.6658,68.2147,64.9746,65.9769,245850.0,59.961063
4570,2019-10-09,65.7522,66.0978,65.6658,65.7522,67650.0,60.57789
4571,2019-10-10,67.407,69.0355,66.97800000000001,68.8516,1320550.0,61.006676
4572,2019-10-11,69.1668,72.2924,69.1668,72.0385,1836450.0,62.117607
4573,2019-10-14,72.6689,73.3518,71.3556,71.7846,749100.0,63.7673
4574,2019-10-15,71.3556,71.5307,70.0423,70.8478,64350.0,64.888374
4575,2019-10-16,71.3556,72.2311,70.8303,71.3118,284350.0,65.638664
4576,2019-10-17,71.5307,71.5307,69.6133,70.0248,185900.0,66.35021
4577,2019-10-18,70.0423,71.0141,69.6483,69.98100000000001,128700.0,66.26554
4578,2019-10-21,68.2913,69.587,67.8973,68.3263,1457500.0,65.90345
4579,2019-10-22,70.0423,70.0423,68.2125,68.335,539550.0,65.21234
4580,2019-10-23,69.911,69.911,68.3438,68.729,309100.0,64.72525
4581,2019-10-24,67.4595,69.3857,67.4595,69.193,852500.0,64.38166
4582,2019-10-25,70.0423,70.9091,68.729,69.2018,287100.0,64.31034
4583,2019-10-28,70.0423,70.305,69.1843,69.8847,91850.0,64.29243
4584,2019-10-29,69.3156,70.305,69.1668,69.8234,134750.0,64.61143
4585,2019-10-30,69.6045,69.8234,68.2913,68.5452,97350.0,64.85219
4586,2019-10-31,69.1668,69.1668,68.2913,68.3963,2019050.0,64.69367
4587,2019-11-01,70.4801,70.4801,67.4332,68.2562,150150.0,64.49709
4588,2019-11-04,68.2913,69.6045,68.2913,69.158,788150.0,64.27088
4589,2019-11-05,69.9548,70.2612,68.335,68.8078,271150.0,64.234604
4590,2019-11-06,69.6045,69.6045,68.2913,68.4313,140250.0,64.135956
4591,2019-11-07,69.158,69.1668,67.4157,68.2125,180950.0,64.09318
4592,2019-11-08,68.729,68.729,67.4157,67.5295,222750.0,64.025276
4593,2019-11-11,68.2913,69.8234,67.8535,69.55199999999999,839300.0,63.785305
4594,2019-11-12,70.0336,70.0336,68.6064,68.729,256850.0,64.02346
4595,2019-11-13,68.2913,70.9178,67.8535,70.2787,2235200.0,64.026405
4596,2019-11-14,70.9091,73.7896,70.8215,73.4919,3212000.0,64.478714
4597,2019-11-15,73.1067,74.84899999999998,72.0998,74.0435,1081850.0,65.671265
4598,2019-11-18,74.4287,77.7382,74.42,77.2567,3750.0,66.83342
4599,2019-11-19,77.9221,81.074,76.7839,77.3355,619850.0,68.45347
4600,2019-11-20,77.3355,77.4843,75.2955,76.0134,182600.0,69.90242
4601,2019-11-21,75.2955,75.7332,72.2136,72.2136,336600.0,70.63967
4602,2019-11-22,72.0122,73.5444,70.9178,72.914,2068000.0,70.020515
4603,2019-11-25,73.9734,74.2448,72.45,73.6145,933350.0,69.6032
4604,2019-11-26,73.5357,73.5357,71.7934,72.38,5123800.0,69.0306
4605,2019-11-27,73.3693,74.3324,72.6864,73.4569,1926100.0,68.20335
4606,2019-11-28,73.9734,74.8577,73.5444,74.8402,1656600.0,68.03417
4607,2019-11-29,74.8927,77.0465,74.5951,76.4862,780450.0,68.55131
4608,2019-12-02,77.9396,80.3035,76.2148,79.3404,1616450.0,69.295265
4609,2019-12-03,79.6731,80.1109,77.4843,77.8958,505450.0,70.58494
4610,2019-12-04,76.7051,79.6731,76.7051,79.1566,815100.0,71.47364
4611,2019-12-05,80.5399,80.5399,78.7976,79.4367,673200.0,72.43257
4612,2019-12-06,79.5768,80.3736,77.9658,78.5087,2497550.0,73.126564
4613,2019-12-09,79.1828,79.2354,77.7032,78.57,383900.0,73.27911
4614,2019-12-10,79.6856,79.6856,78.3575,79.2429,225500.0,73.21002
4615,2019-12-11,78.8002,79.5882,78.3575,79.2429,1304050.0,73.40232
4616,2019-12-12,81.1907,83.2006,79.2429,79.7033,666600.0,73.42025
4617,2019-12-13,81.0137,81.4563,79.6679,80.2256,446600.0,73.55797
4618,2019-12-16,82.3417,84.0594,80.1283,83.1032,812900.0,73.88912
4619,2019-12-17,87.2557,87.2557,83.2271,83.5813,1687950.0,74.81914
4620,2019-12-18,83.2271,87.6541,82.3417,85.2635,1235300.0,75.66635
4621,2019-12-19,86.32600000000002,86.32600000000002,83.7141,84.1037,828850.0,76.82434
4622,2019-12-20,84.6349,84.9448,82.7933,83.5282,1024650.0,77.52032
4623,2019-12-23,83.2271,83.6698,82.1204,82.6693,462550.0,77.88691
4624,2019-12-24,83.2271,83.8469,81.5537,82.5188,525800.0,77.696396
4625,2019-12-25,83.2271,83.8469,81.5537,82.5188,525800.0,77.38958
4626,2019-12-26,83.2271,86.6448,83.2271,86.6359,412500.0,76.96774
4627,2019-12-27,88.5395,88.5395,84.9979,85.2635,258500.0,77.66728
4628,2019-12-30,86.7687,86.7687,84.1302,84.9979,161700.0,78.03369
4629,2019-12-31,85.0156,85.8833,84.1125,84.2276,484000.0,78.47238
4630,2020-01-01,84.1125,85.4406,83.6698,85.2901,127050.0,78.672005
4631,2020-01-02,85.4849,88.5395,84.9979,86.38799999999998,806300.0,78.96681
4632,2020-01-03,85.1042,86.7687,85.1042,85.5026,266200.0,79.06323
4633,2020-01-06,89.0442,89.0442,84.1037,84.3339,342650.0,79.110695
4634,2020-01-07,84.9979,87.1583,84.1125,85.0333,565400.0,78.97167
4635,2020-01-08,84.5552,84.9979,83.4485,84.1125,485650.0,79.059425
4636,2020-01-09,85.0865,88.2739,85.0865,87.5125,744700.0,78.73081
4637,2020-01-10,87.5656,90.3103,87.5656,90.1067,973500.0,79.161766
4638,2020-01-13,88.62799999999999,91.4613,88.62799999999999,91.1868,1220450.0,80.181755
4639,2020-01-14,92.9665,92.9665,90.0447,90.2129,289300.0,81.504555
4640,2020-01-15,89.4692,90.753,89.4249,90.328,1216050.0,82.48392
4641,2020-01-16,91.0629,92.8779,90.3103,92.391,232650.0,83.35758
4642,2020-01-17,93.8519,94.5602,92.9665,94.0378,333300.0,84.134186
4643,2020-01-20,94.2946,94.7373,92.5326,92.8779,70400.0,84.846016
4644,2020-01-21,92.9665,94.7373,92.0811,93.9935,135850.0,85.22678
4645,2020-01-22,93.8519,94.2857,93.2321,93.7988,545600.0,85.94459
4646,2020-01-23,93.8519,94.6045,92.9665,94.0201,492800.0,86.4109
4647,2020-01-24,95.5961,95.5961,93.8519,93.9404,1881550.0,86.6279
4648,2020-01-27,95.0826,99.1023,91.5499,92.0103,528550.0,86.675514
4649,2020-01-28,90.3634,92.5061,90.3546,91.3993,435050.0,86.37049
4650,2020-01-29,93.8519,93.8519,90.5316,90.7973,155650.0,85.88217
4651,2020-01-30,90.3103,91.0186,89.8765,90.4343,514800.0,85.27743
4652,2020-01-31,92.0811,92.9665,89.9561,90.9566,161700.0,84.61486
4653,2020-02-03,89.4338,90.2926,87.2114,88.4244,660000.0,84.21417
4654,2020-02-04,89.3364,89.9561,88.45100000000002,89.4603,625900.0,83.48573
4655,2020-02-05,89.3364,89.9561,88.45100000000002,89.4603,625900.0,83.228355
4656,2020-02-06,90.3103,90.3103,88.8051,88.9822,197450.0,82.98296
4657,2020-02-07,88.5395,88.5395,87.3,87.4859,333300.0,82.68615
4658,2020-02-10,87.6541,89.4249,85.662,86.0958,847000.0,82.13964
4659,2020-02-11,85.4406,88.4421,85.4406,87.11399999999998,1007050.0,81.56574
4660,2020-02-12,87.6541,91.5499,86.32600000000002,87.5744,707300.0,81.18897
4661,2020-02-13,87.7427,89.4249,87.3531,87.5213,321200.0,80.8981
4662,2020-02-14,92.0811,92.0811,87.6718,89.177,635250.0,80.74683
4663,2020-02-17,90.3014,90.3014,88.0968,88.4333,207900.0,81.20951
4664,2020-02-18,88.5307,88.5307,87.6541,87.6984,250800.0,81.545525
4665,2020-02-19,88.9734,88.9734,87.2114,87.7869,310750.0,81.600204
4666,2020-02-20,89.4072,89.4072,87.1229,87.6984,77000.0,81.6212
4667,2020-02-21,87.6541,87.8755,87.2645,87.7869,69300.0,81.5413
4668,2020-02-24,87.5656,87.5656,84.1125,84.3604,355300.0,81.34604
4669,2020-02-25,84.3604,88.5395,81.9433,86.8573,668800.0,80.476006
4670,2020-02-26,85.9099,86.7687,84.5552,86.1224,979000.0,80.44932
4671,2020-02-27,82.4746,84.9891,81.235,84.3073,656150.0,80.099045
4672,2020-02-28,85.4406,88.5395,84.1037,87.9463,748000.0,79.42188
4673,2020-03-02,87.8312,89.4249,87.7958,89.0973,417450.0,79.81298
4674,2020-03-03,89.4161,90.3103,87.7427,88.1499,452650.0,80.567665
4675,2020-03-04,88.9645,88.9645,85.4672,85.5734,322850.0,80.884865
4676,2020-03-05,85.8833,87.0963,85.1307,86.1489,265650.0,80.74294
4677,2020-03-06,84.5552,86.7599,82.3417,83.5813,213400.0,80.83466
4678,2020-03-09,78.0033,82.3329,77.7377,77.9059,1590050.0,79.81648
4679,2020-03-10,80.571,81.3678,77.4898,80.2788,717200.0,77.45943
4680,2020-03-11,80.1283,82.3417,79.5085,79.721,241450.0,76.3785
4681,2020-03-12,78.7913,78.8002,74.143,74.5414,451550.0,75.28719
4682,2020-03-13,70.8405,76.14399999999998,69.3264,73.4435,1056000.0,73.04215
4683,2020-03-16,69.9551,71.2743,67.9364,67.9364,553300.0,71.4121
4684,2020-03-17,63.2,65.4545,62.8455,62.8818,3371500.0,69.00216
4685,2020-03-18,60.0909,60.9091,58.1727,58.1727,1543850.0,65.44856
4686,2020-03-19,53.8182,62.2636,53.8182,61.2636,3216950.0,61.462334
4687,2020-03-20,62.7273,64.5455,58.1818,58.9545,1352450.0,59.545486
4688,2020-03-23,62.7273,64.5455,58.1818,58.9545,1352450.0,57.324875
4689,2020-03-24,54.5364,54.5364,54.5364,54.5364,211750.0,56.07896
4690,2020-03-25,50.4636,54.3636,50.4545,50.6,916850.0,54.45471
4691,2020-03-26,52.7273,54.3909,50.9091,54.3,718850.0,52.44861
4692,2020-03-27,54.0909,58.3636,53.7273,56.6182,911350.0,51.65135
4693,2020-03-30,54.7727,57.7273,53.6455,57.0,649000.0,51.696136
4694,2020-03-31,57.7273,60.8909,57.7273,59.1727,1483350.0,51.864826
4695,2020-04-01,59.2727,60.8091,55.6909,56.0455,3224100.0,53.03572
4696,2020-04-02,55.9091,58.8182,54.7818,58.3636,2416700.0,53.459488
4697,2020-04-03,58.4091,61.0909,58.4091,59.8909,1610950.0,54.095894
4698,2020-04-06,60.8182,61.5455,58.4091,58.6818,1359600.0,54.801414
4699,2020-04-07,58.6818,60.0,57.2727,58.7364,6410800.0,54.979298
4700,2020-04-08,57.8182,58.6364,57.1818,57.6818,4164600.0,55.00993
4701,2020-04-09,58.1818,60.4545,57.8273,59.2636,3428150.0,55.000168
4702,2020-04-10,59.0909,60.7273,58.6818,60.2,530750.0,55.196068
4703,2020-04-13,60.0909,60.0909,56.7,56.8727,2314400.0,55.46601
4704,2020-04-14,58.0364,58.6364,57.3182,58.2273,576950.0,54.91324
4705,2020-04-15,58.2727,60.0,58.2727,58.7364,1831500.0,54.86136
4706,2020-04-16,57.4455,59.0909,57.4182,58.2,1279850.0,55.011982
4707,2020-04-17,55.9091,61.8182,55.4545,57.5,6997650.0,54.81351
4708,2020-04-20,58.6364,60.1818,58.0091,58.9636,6527400.0,54.44157
4709,2020-04-21,58.2091,60.2727,58.1909,59.1273,3133900.0,54.811802
4710,2020-04-22,59.5455,59.7727,58.8727,59.5182,738650.0,55.015335
4711,2020-04-23,59.0909,59.3091,57.7273,58.7818,1527900.0,55.246246
4712,2020-04-24,58.8182,59.0818,57.7273,58.3545,387750.0,55.304184
4713,2020-04-27,58.1818,60.7727,56.5455,56.8545,2053150.0,55.284874
4714,2020-04-28,56.5909,57.7273,56.3636,56.8455,1568600.0,54.741295
4715,2020-04-29,56.9091,57.9545,56.5909,57.7182,1272700.0,54.283737
4716,2020-04-30,58.1909,60.9091,58.1909,59.6545,2361700.0,54.1138
4717,2020-05-01,58.1909,60.9091,58.1909,59.6545,2361700.0,54.53838
4718,2020-05-04,59.0909,60.0,58.1818,59.2818,608850.0,54.936813
4719,2020-05-05,60.3636,60.3636,58.6364,59.2364,428450.0,55.30597
4720,2020-05-06,60.0,60.7091,58.8636,59.8091,1505350.0,55.593143
4721,2020-05-07,60.0,60.0727,59.0909,59.1364,457600.0,55.877827
4722,2020-05-08,59.4545,59.5455,58.4636,58.6818,273350.0,55.756313
4723,2020-05-11,58.6818,59.2727,58.4091,58.7727,156750.0,55.547596
4724,2020-05-12,58.7273,59.1818,58.5727,58.7636,401500.0,55.440147
4725,2020-05-13,58.7636,59.0909,58.0,58.1091,377850.0,55.33914
4726,2020-05-14,57.7273,58.1818,57.7273,57.8273,218350.0,55.038113
4727,2020-05-15,58.0909,58.1818,57.2727,57.3455,405900.0,54.78844
4728,2020-05-18,57.7273,57.7273,56.0455,56.1909,457600.0,54.4953
4729,2020-05-19,56.3636,56.3636,54.5455,55.0545,1978350.0,53.936646
4730,2020-05-20,54.5455,55.0545,53.6818,54.0182,1560900.0,53.196342
4731,2020-05-21,54.4909,54.5636,53.1818,53.4727,698500.0,52.37887
4732,2020-05-22,54.4909,54.5636,53.1818,53.4727,698500.0,51.593822
4733,2020-05-25,54.4909,54.5636,53.1818,53.4727,698500.0,51.00525
4734,2020-05-26,54.4909,54.5636,53.1818,53.4727,698500.0,50.6361
4735,2020-05-27,54.4909,54.5636,53.1818,53.4727,698500.0,50.445232
4736,2020-05-28,54.0818,54.2727,53.1818,54.0909,191400.0,50.386955
4737,2020-05-29,54.4545,56.4545,54.1364,55.6273,760650.0,50.55054
4738,2020-06-01,55.8182,58.5909,55.8091,58.5545,4194850.0,51.097324
4739,2020-06-02,59.4545,60.7273,58.1818,59.4182,4595800.0,52.3126
4740,2020-06-03,59.9909,60.6818,59.1273,59.3727,1307350.0,53.523804
4741,2020-06-04,59.0909,60.3636,58.2727,58.4364,1020250.0,54.496635
4742,2020-06-05,58.5455,58.5455,57.7364,58.2364,150700.0,54.97645
4743,2020-06-08,58.2727,58.6273,57.0,57.3818,847000.0,55.15516
4744,2020-06-09,57.4545,58.6818,57.1364,58.5909,530200.0,54.808395
4745,2020-06-10,58.9545,62.7273,58.6364,62.4727,2882000.0,54.77408
4746,2020-06-11,63.3182,65.3545,63.3182,65.0091,2079000.0,55.76512
4747,2020-06-12,63.6364,64.3182,62.4091,63.6636,688050.0,57.295223
4748,2020-06-15,61.8364,64.5455,61.8182,62.7364,882750.0,58.27258
4749,2020-06-16,63.6364,63.6364,61.8182,62.3636,292050.0,58.897507
4750,2020-06-17,62.3636,65.2273,62.2727,62.8727,1169300.0,59.163574
4751,2020-06-18,63.1818,63.6091,60.4545,60.7909,1095050.0,59.130314
4752,2020-06-19,60.9091,60.9091,58.1818,59.1727,626450.0,58.33251
4753,2020-06-22,59.2727,60.5545,59.1,60.2636,530200.0,57.401222
4754,2020-06-23,60.7636,62.8909,60.0,62.7091,1107700.0,57.03683
4755,2020-06-24,62.7273,62.7273,61.8182,62.1909,408650.0,57.360764
4756,2020-06-25,62.2727,62.5,61.3636,62.2818,560450.0,57.452225
4757,2020-06-26,61.4182,61.4182,60.4636,60.9364,292050.0,57.787865
4758,2020-06-29,60.0636,61.8182,60.0636,61.5364,179850.0,57.845146
4759,2020-06-30,61.4545,63.4091,61.4545,62.5909,825000.0,57.927437
4760,2020-07-01,62.9545,62.9545,62.0909,62.6545,83050.0,58.04828
4761,2020-07-02,63.0,63.0727,61.4182,61.5909,830500.0,58.19332
4762,2020-07-03,61.5909,62.2727,61.3636,61.4273,220550.0,58.060234
4763,2020-07-06,61.5455,61.8182,61.0909,61.4727,1199550.0,58.03161
4764,2020-07-07,61.7273,63.4091,61.3727,62.5273,913000.0,57.948235
4765,2020-07-08,63.0909,63.8636,62.7273,63.5273,651750.0,58.049534
4766,2020-07-09,63.4091,67.9091,63.4091,66.2636,2170850.0,58.392532
4767,2020-07-10,66.2636,67.3636,65.0,66.8727,702350.0,59.47353
4768,2020-07-13,66.5909,70.6364,66.5909,69.5636,1798500.0,60.539124
4769,2020-07-14,69.9818,70.7273,69.0909,69.5636,607750.0,62.092026
4770,2020-07-15,69.7273,70.4545,67.5364,67.9091,476850.0,63.28283
4771,2020-07-16,68.0091,69.5455,67.9545,69.2545,762300.0,63.74424
4772,2020-07-17,69.6182,69.6364,68.4091,68.6091,407000.0,64.23322
4773,2020-07-20,69.0909,69.2727,67.8636,68.2727,1152250.0,64.34329
4774,2020-07-21,68.2,68.7273,67.7273,67.9818,534600.0,64.105896
4775,2020-07-22,67.8182,68.1818,66.8636,67.2273,528000.0,63.876076
4776,2020-07-23,67.7273,68.8455,67.1,67.2182,837650.0,63.61293
4777,2020-07-24,67.2182,70.0,66.0091,68.5273,1025750.0,63.28244
4778,2020-07-27,68.6364,73.6636,68.6364,73.1091,2518450.0,63.395824
4779,2020-07-28,74.4455,78.5818,73.1818,77.7364,2370500.0,64.637215
4780,2020-07-29,79.0909,80.4545,75.8818,76.3,2182400.0,66.832695
4781,2020-07-30,76.7273,77.5455,76.5909,77.0,558250.0,68.51144
4782,2020-07-31,76.7273,77.5455,76.5909,77.0,558250.0,70.07978
4783,2020-08-03,77.0091,77.6364,76.2273,76.3818,2644400.0,71.18371
4784,2020-08-04,76.2273,77.7727,72.7364,73.8182,1725350.0,71.44935
4785,2020-08-05,74.8636,75.9091,72.2818,73.8909,1584000.0,70.646576
4786,2020-08-06,74.2727,75.2273,73.6364,74.7545,820050.0,70.13731
4787,2020-08-07,74.7727,79.2727,73.8636,77.3818,3018400.0,69.80427
4788,2020-08-10,78.1818,78.1818,76.4636,76.7727,963050.0,70.12099
4789,2020-08-11,77.4091,78.3636,76.7636,78.1091,456500.0,70.37754
4790,2020-08-12,78.3636,79.8182,77.2727,77.3455,580250.0,71.207
4791,2020-08-13,78.1818,78.6,75.9182,78.0182,634150.0,71.698555
4792,2020-08-14,78.1818,78.6,75.9182,78.0182,634150.0,72.15339
4793,2020-08-17,79.0818,79.8636,78.2364,79.3455,1266100.0,72.2941
4794,2020-08-18,81.2273,81.9091,77.5455,78.3182,3826350.0,72.75962
4795,2020-08-19,78.3545,80.7273,78.3545,79.4091,3032150.0,72.799835
4796,2020-08-20,79.5455,80.1818,78.7364,79.0727,1436050.0,73.181915
4797,2020-08-21,78.2727,79.0455,77.1818,78.1364,956450.0,73.34278
4798,2020-08-24,78.1818,80.0,75.4545,78.1091,1661550.0,73.23527
4799,2020-08-25,79.0818,79.0818,77.7273,78.5,707300.0,73.049805
4800,2020-08-26,78.2,80.0,78.2,79.5818,1172600.0,73.03592
4801,2020-08-27,80.4545,81.3545,79.6455,80.7455,1657700.0,73.16782
4802,2020-08-28,80.8636,84.5545,80.8636,82.5182,1463550.0,73.61059
4803,2020-08-31,82.7273,84.0,81.8182,81.9727,845350.0,74.51081
4804,2020-09-01,82.7091,82.7273,81.8273,82.5455,353100.0,75.17786
4805,2020-09-02,82.9091,83.1182,82.0455,82.1455,799700.0,75.85253
4806,2020-09-03,82.1545,83.2727,81.9273,82.5545,568150.0,76.19536
4807,2020-09-04,82.5545,83.7273,82.0909,82.6091,2749450.0,76.433266
4808,2020-09-07,82.8182,84.5455,82.8182,84.3364,988350.0,76.48304
4809,2020-09-08,84.9909,85.9091,84.0,85.1545,2391400.0,76.96715
4810,2020-09-09,85.98,86.15,83.0,84.68,1368500.0,77.51762
4811,2020-09-10,85.0,86.5,84.5,84.78,1201500.0,77.9532
4812,2020-09-11,85.04,85.7,84.5,85.09,642000.0,78.33752
4813,2020-09-14,85.0,85.65,84.3,84.95,325000.0,78.67552
4814,2020-09-15,84.85,85.2,82.9,83.66,728500.0,78.73415
4815,2020-09-16,83.5,84.15,82.51,82.66,798000.0,78.427895
4816,2020-09-17,83.0,83.0,82.25,82.35,426000.0,77.985344
4817,2020-09-18,82.85,85.0,82.5,84.8,714500.0,77.49727
4818,2020-09-21,84.5,84.8,83.06,83.46,662500.0,77.58886
4819,2020-09-22,82.76,83.0,81.08,81.42,408500.0,77.36612
4820,2020-09-23,82.0,82.5,80.6,80.79,539500.0,76.92086
4821,2020-09-24,80.8,81.0,79.97,80.2,589000.0,76.50821
4822,2020-09-25,80.2,81.0,80.0,80.39,747000.0,75.92896
4823,2020-09-28,80.37,81.39,78.01,78.95,944500.0,75.24281
4824,2020-09-29,79.01,81.0,79.0,80.47,1499500.0,74.47929
4825,2020-09-30,80.12,83.48,80.12,82.21,1738000.0,74.43366
4826,2020-10-01,82.01,82.5,79.5,79.91,1627500.0,74.826
4827,2020-10-02,80.0,81.35,79.0,79.01,1342500.0,74.693794
4828,2020-10-05,78.9,79.8,76.25,78.55,1027500.0,74.44265
4829,2020-10-06,78.55,78.75,77.12,77.66,809010.0,74.19702
4830,2020-10-07,78.5,78.99,78.01,78.49,688656.0,73.541176
4831,2020-10-08,78.2,80.98,78.2,80.16,654794.0,73.07133
4832,2020-10-09,80.5,82.3,79.6,81.9,575074.0,73.28134
4833,2020-10-12,81.6,82.5,80.1,80.63,942428.0,73.96119
4834,2020-10-13,80.99,81.8,79.05,79.48,722646.0,74.36283
4835,2020-10-14,79.5,79.99,78.01,79.47,807184.0,74.53359
4836,2020-10-15,80.39,81.5,79.32,80.52,1212256.0,74.553314
4837,2020-10-16,80.84,84.25,79.35,83.81,1644209.0,74.578224
4838,2020-10-19,83.81,87.2,83.1,85.82,984865.0,75.19326
4839,2020-10-20,86.5,92.18,86.25,91.02,3101159.0,76.35117
4840,2020-10-21,92.25,94.5,90.39,93.2,4107942.0,78.686745
4841,2020-10-22,92.51,94.5,90.0,90.67,6066650.0,81.2459
4842,2020-10-23,91.49,91.49,90.0,91.05,554999.0,82.86455
4843,2020-10-26,91.05,93.8,90.5,91.27,1816322.0,83.97117
4844,2020-10-27,91.31,92.0,89.0,89.25,1243259.0,84.577065
4845,2020-10-28,89.99,90.02,88.9,89.11,626424.0,84.03886
4846,2020-10-29,89.4,89.4,85.0,87.17,1777691.0,83.45015
4847,2020-11-02,86.5,87.6,85.15,87.29,2938485.0,82.670975
4848,2020-11-03,88.5,91.5,87.51,90.97,1121745.0,81.99181
4849,2020-11-04,91.35,92.3,90.0,90.72,588927.0,82.210915
4850,2020-11-05,90.72,93.6,90.4,92.58,1439508.0,82.51137
4851,2020-11-06,93.0,95.5,92.9,94.77,4200497.0,83.376945
4852,2020-11-09,91.0,91.25,89.52,90.02,874942.0,84.792145
4853,2020-11-10,92.3,92.8,90.01,90.63,748325.0,84.931114
4854,2020-11-11,91.25,91.42,89.7,90.16,535196.0,84.90266
4855,2020-11-12,90.2,90.2,88.75,89.79,948587.0,84.59998
4856,2020-11-13,89.0,89.9,88.75,89.4,293536.0,83.952896
4857,2020-11-16,89.87,90.44,89.02,89.67,262341.0,83.25182
4858,2020-11-17,90.95,91.2,89.81,90.58,1227323.0,83.159454
4859,2020-11-18,90.59,91.57,89.53,91.3,554882.0,83.21689
4860,2020-11-19,91.1,91.6,91.0,91.46,124518.0,83.48419
4861,2020-11-20,92.0,92.0,90.5,91.22,1132477.0,83.833305
4862,2020-11-23,90.19,90.19,88.9,89.15,276713.0,84.140816
4863,2020-11-24,89.99,90.0,88.9,89.0,259683.0,83.89017
4864,2020-11-25,89.0,92.0,89.0,91.38,247082.0,83.54307
4865,2020-11-26,91.9,94.69,90.1,94.32,814515.0,83.636856
4866,2020-11-27,94.0,94.3,93.48,93.84,139453.0,84.27397
4867,2020-11-30,93.84,94.8,92.0,94.53,196043.0,84.9421
4868,2020-12-01,93.83,99.5,93.83,97.37,1057095.0,85.96937
4869,2020-12-02,98.0,99.8,97.15,97.8,529279.0,87.38547
4870,2020-12-03,98.0,99.03,96.0,97.27,373004.0,88.403465
4871,2020-12-04,98.0,98.5,97.51,98.0,347438.0,89.010994
4872,2020-12-07,97.61,98.9,96.5,97.64,172516.0,89.73383
4873,2020-12-08,98.0,102.0,97.2,97.93,248415.0,90.09498
4874,2020-12-09,98.75,98.75,96.5,97.74,1092284.0,90.19117
4875,2020-12-10,97.75,99.0,97.52,97.94,1810221.0,90.20128
4876,2020-12-11,98.99,98.99,97.5,97.97,269272.0,90.28806
4877,2020-12-14,98.25,99.01,97.81,98.99,479946.0,90.302864
4878,2020-12-15,99.6,105.0,99.16,102.51,1175032.0,90.562874
4879,2020-12-16,102.6,107.0,102.6,103.77,1232585.0,91.47979
4880,2020-12-17,104.75,106.6,104.01,105.74,608406.0,92.62222
4881,2020-12-18,104.75,106.95,104.75,106.36,439199.0,94.15308
4882,2020-12-21,106.5,108.5,105.5,105.7,1018503.0,95.656006
4883,2020-12-22,105.0,106.95,103.5,103.88,619336.0,96.68686
4884,2020-12-23,102.72,105.48,102.5,102.76,681236.0,96.82722
4885,2020-12-24,103.5,104.0,100.0,100.57,1517739.0,96.48041
4886,2020-12-28,101.0,105.23,101.0,105.01,1034288.0,95.39191
4887,2020-12-29,106.0,107.45,105.5,106.94,1400984.0,95.33026
4888,2020-12-30,106.9,107.49,106.02,106.68,575074.0,95.59237
4889,2020-12-31,106.2,107.0,103.95,104.44,1363490.0,96.29186
4890,2021-01-01,105.0,107.5,103.0,103.98,1871274.0,96.74629
4891,2021-01-04,105.88,106.95,104.3,105.6,1110411.0,97.06124
4892,2021-01-05,105.5,108.01,104.55,107.09,944162.0,97.05279
4893,2021-01-06,108.0,115.12,107.9,114.81,3479768.0,97.07328
4894,2021-01-07,117.0,120.0,114.2,115.14,4099501.0,98.7383
4895,2021-01-08,115.6,116.47,114.8,115.12,1326954.0,100.876686
4896,2021-01-11,116.18,117.83,112.01,112.66,1940177.0,103.0317
4897,2021-01-12,113.0,114.75,112.99,113.81,850942.0,104.200096
4898,2021-01-13,115.25,115.25,112.8,113.11,981758.0,104.962105
4899,2021-01-14,114.0,114.0,112.4,112.75,1512988.0,104.53484
4900,2021-01-15,113.0,113.1,111.9,112.25,502140.0,104.10624
4901,2021-01-18,112.39,112.89,111.0,111.57,285366.0,103.72614
4902,2021-01-19,112.77,113.28,111.0,112.93,724439.0,103.43325
4903,2021-01-20,113.0,113.0,110.75,111.7,912714.0,103.32685
4904,2021-01-21,111.5,114.0,111.5,113.33,607659.0,103.04029
4905,2021-01-22,114.0,114.0,112.0,112.56,389700.0,103.23652
4906,2021-01-25,112.07,113.5,110.2,111.07,1283346.0,103.29318
4907,2021-01-26,111.0,111.65,110.15,110.49,759293.0,103.13502
4908,2021-01-27,110.3,111.7,110.3,111.3,631166.0,102.7658
4909,2021-01-28,111.3,112.0,110.4,110.63,602035.0,102.57163
4910,2021-01-29,111.0,112.5,110.25,111.61,4247868.0,102.07383
4911,2021-02-01,112.89,112.99,111.5,111.59,239635.0,102.02844
4912,2021-02-02,111.51,111.55,110.2,110.6,255585.0,102.13972
4913,2021-02-03,111.0,112.25,110.5,110.89,1148065.0,102.1181
4914,2021-02-04,110.37,111.97,110.35,111.22,700044.0,102.10625
4915,2021-02-08,111.75,114.0,109.75,110.94,1411464.0,102.12709
4916,2021-02-09,110.94,113.0,110.87,112.72,1182576.0,101.99795
4917,2021-02-10,112.7,112.7,110.5,111.46,732717.0,102.29604
4918,2021-02-11,111.05,111.95,109.4,110.24,1625296.0,102.410225
4919,2021-02-12,110.01,111.44,109.15,109.79,352444.0,102.30508
4920,2021-02-15,110.0,110.9,109.0,109.8,705116.0,102.04655
4921,2021-02-16,110.9,110.9,109.06,110.04,468328.0,101.69373
4922,2021-02-17,109.53,110.93,108.7,109.07,1078653.0,101.2624
4923,2021-02-18,108.9,110.14,103.0,105.33,1957150.0,100.88084
4924,2021-02-19,103.0,106.0,102.0,105.19,2180815.0,99.92096
4925,2021-02-22,105.0,105.5,102.45,104.22,1395519.0,99.11538
4926,2021-02-23,103.5,103.96,101.9,102.11,1028075.0,97.98171
4927,2021-02-24,102.4,107.0,102.0,105.41,1807361.0,96.497826
4928,2021-02-25,106.0,108.9,105.41,107.49,2645551.0,96.17135
4929,2021-02-26,107.5,108.9,106.55,108.57,1602674.0,96.51314
4930,2021-03-01,104.07,109.85,104.07,109.09,401644.0,97.277725
4931,2021-03-02,108.5,111.25,107.53,110.02,778707.0,98.37423
4932,2021-03-03,111.68,112.2,110.0,111.93,3530584.0,99.6374
4933,2021-03-04,109.4,112.0,106.0,110.52,1048890.0,100.718956
4934,2021-03-05,109.3,112.0,109.3,110.62,988405.0,101.22557
4935,2021-03-08,110.25,111.95,110.25,111.04,1403390.0,101.62746
4936,2021-03-09,109.3,111.65,109.3,109.74,1384645.0,101.90288
4937,2021-03-10,110.0,112.44,109.05,111.13,1001855.0,101.69819
4938,2021-03-11,111.15,111.15,107.5,109.3,613880.0,101.68759
4939,2021-03-12,111.09,111.3,110.0,111.19,345676.0,101.38759
4940,2021-03-15,112.0,114.75,111.88,112.62,2303061.0,101.537
4941,2021-03-16,113.92,115.0,112.5,114.9,1287156.0,101.857376
4942,2021-03-17,114.9,115.5,113.67,115.27,1451711.0,102.74354
4943,2021-03-18,113.27,115.0,112.25,112.97,186957.0,103.681526
4944,2021-03-19,113.0,113.75,111.5,112.09,242008.0,104.29929
4945,2021-03-22,112.0,114.38,111.5,113.81,631525.0,104.39085
4946,2021-03-24,114.4,114.4,112.8,113.64,375741.0,104.452675
4947,2021-03-25,113.98,114.25,105.12,110.81,733955.0,104.11642
4948,2021-03-26,111.99,113.9,108.01,113.03,302390.0,103.451225
4949,2021-03-29,113.0,113.48,109.11,110.9,216539.0,103.60127
4950,2021-03-30,109.0,112.98,109.0,111.99,268384.0,103.13653
4951,2021-03-31,112.49,114.4,112.49,113.18,179711.0,102.885124
4952,2021-04-01,113.18,113.9,110.5,110.99,141940.0,102.935555
4953,2021-04-02,112.5,112.5,110.0,110.69,56818.0,102.8119
4954,2021-04-05,111.0,111.3,108.3,109.38,184018.0,102.57282
4955,2021-04-06,109.94,110.5,109.0,110.16,197734.0,102.15471
4956,2021-04-07,111.0,110.95,108.85,109.1,446535.0,101.756294
4957,2021-04-08,109.5,110.0,108.0,109.06,208365.0,101.08161
4958,2021-04-09,109.0,109.5,108.5,108.91,400526.0,100.76663
4959,2021-04-12,109.0,110.0,108.11,108.64,297476.0,100.50179
4960,2021-04-13,108.51,110.0,108.36,108.83,1157897.0,100.30496
4961,2021-04-14,110.2,110.39,109.01,109.5,3317985.0,100.13078
4962,2021-04-15,110.0,110.0,109.0,109.02,352573.0,100.20626
4963,2021-04-16,109.05,109.5,108.62,109.18,328210.0,100.2004
4964,2021-04-19,108.12,109.18,107.5,108.63,412625.0,100.290855
4965,2021-04-20,109.9,109.9,108.51,109.3,538885.0,100.2587
4966,2021-04-21,110.0,110.0,108.0,109.18,2464774.0,100.318825
4967,2021-04-22,109.08,109.08,108.11,108.5,206578.0,100.270164
4968,2021-04-23,108.12,108.5,107.3,107.59,327740.0,100.16819
4969,2021-04-26,107.5,110.49,105.31,110.08,1219578.0,99.90087
4970,2021-04-27,110.97,112.49,110.0,111.16,1349448.0,100.15972
4971,2021-04-28,112.0,112.0,110.0,110.33,92427.0,100.46086
4972,2021-04-29,111.48,111.48,108.06,109.69,50576.0,100.774536
4973,2021-04-30,109.6,110.48,108.0,108.25,31211.0,101.08357
4974,2021-05-03,108.95,108.95,107.0,107.29,93935.0,101.001595
4975,2021-05-04,107.3,107.99,106.9,107.01,728637.0,100.39612
4976,2021-05-05,107.95,108.0,105.51,107.68,267300.0,99.66263
