,Unnamed: 0,Unnamed: 0.1,Date,Open,High,Low,Close,Volume,Predicted Price,21 SMA,50 SMA,100 SMA,200 SMA,RSI,Upper BBand,Middle BBand,Lower BBand,MACD,MACD Signal,MACD Trend,52-week high,52-week low,21-avg volume,First Resistance,Second Resistance,Third Resistance,First Support,Second Support,Third Support,Score,Label,Diff,RSI change,21 SMA change,Pred
519,619,2716,2020-06-22,26.08,26.19,25.1,25.62,334500.0,25.703948999999998,25.50629523809525,23.444310000000005,22.734144,23.6278005,57.173272479925,26.43204920329029,25.531394999999986,24.63074079670968,0.5277661517454391,0.680736808680747,Bearish,27.761999999999997,19.2668,368595.2380952381,26.17333333333333,26.72666666666667,27.263333333333332,25.08333333333333,24.54666666666667,23.99333333333333,1,0.0,1.0,-1.3374229209634834,0.02931904761904036,-1
520,620,2717,2020-06-23,25.62,26.25,25.56,26.11,204000.0,25.801157,25.558947619047643,23.542122000000006,22.754732,23.641102,60.80950512002377,26.486870641144506,25.586679999999987,24.686489358855468,0.5425983573228521,0.6531091184091681,Bearish,27.761999999999997,19.2668,352428.5714285714,26.38666666666667,26.66333333333333,27.07666666666667,25.696666666666665,25.28333333333333,25.006666666666664,0,1.0,0.0,3.6362326400987754,0.05265238095239155,1
521,621,2718,2020-06-24,26.0,26.5,26.0,26.05,439000.0,25.970492999999998,25.60874285714287,23.637622,22.774720000000002,23.651929,60.13619894378488,26.519026416665888,25.638964999999985,24.758903583334085,0.5432492493584569,0.6311371445990258,Bearish,27.761999999999997,19.2668,330047.61904761905,26.36666666666667,26.68333333333333,26.86666666666667,25.86666666666667,25.68333333333333,25.36666666666667,0,0.0,1.0,-0.6733061762388886,0.049795238095228456,0
522,622,2719,2020-06-25,26.0,26.1,26.0,26.02,134000.0,26.12086,25.657109523809538,23.741406,22.798942999999998,23.662236,59.779788687995634,26.55154457333473,25.655969999999986,24.76039542666524,0.5351751704762862,0.6119447497744779,Bearish,27.761999999999997,19.2668,318857.14285714284,26.080000000000005,26.140000000000004,26.18000000000001,25.980000000000004,25.94,25.880000000000006,1,0.0,1.0,-0.3564102557892497,0.04836666666666645,0
523,623,2720,2020-06-26,26.79,26.79,26.15,26.28,203500.0,26.278162,25.685685714285732,23.835584000000004,22.832984,23.671437,61.88799354003274,26.483239841404394,25.641094999999986,24.798950158595577,0.5434912035973625,0.5982540405390548,Bearish,27.761999999999997,19.2668,293142.85714285716,26.66333333333333,27.04666666666667,27.30333333333333,26.02333333333333,25.766666666666666,25.38333333333333,0,1.0,1.0,2.1082048520371046,0.028576190476194085,1
524,624,2721,2020-06-29,26.25,26.7,26.11,26.69,160500.0,26.398851,25.69104285714288,23.936482000000005,22.871679999999998,23.6807905,65.00323394477525,26.5529832597399,25.65458499999999,24.756186740260077,0.5765195349190328,0.5939071394150505,Bearish,27.761999999999997,19.2668,293261.9047619048,26.89,27.09,27.48,26.3,25.91,25.71,0,1.0,1.0,3.115240404742508,0.005357142857146613,1
525,625,2722,2020-06-30,26.6,26.85,26.2,26.73,229000.0,26.623693,25.70579523809526,24.051320000000004,22.908832999999998,23.69201,65.3012260111413,26.725381845533853,25.71680999999999,24.708238154466127,0.5990172926790969,0.5949291700678597,Bullish,27.761999999999997,19.2668,281666.66666666674,26.986666666666668,27.243333333333336,27.63666666666667,26.336666666666666,25.94333333333333,25.686666666666664,1,0.0,1.0,0.29799206636604936,0.014752380952380406,1
526,626,2723,2020-07-01,26.9,28.49,26.9,28.22,3625000.0,26.780233000000003,25.836009523809548,24.194662000000008,22.955796,23.71308549999999,74.13581797461559,27.330502254860054,25.860009999999992,24.389517745139926,0.7286777320332334,0.6216788824609345,Bullish,27.761999999999997,19.2668,239119.04761904766,28.83999999999999,29.46,30.42999999999999,27.24999999999999,26.28,25.65999999999999,0,1.0,1.0,8.834591963474296,0.13021428571428828,1
527,627,2724,2020-07-02,27.9,27.99,27.1,27.29,84500.0,27.345837,25.928104761904784,24.31015000000001,22.99494,23.728261499999995,63.30222096019001,27.502658583721328,25.98123499999999,24.45981141627864,0.7477714924157262,0.6468974044518928,Bullish,28.22,19.2668,395238.0952380953,27.82,28.349999999999994,28.70999999999999,26.93,26.57,26.04,1,-1.0,1.0,-10.833597014425578,0.09209523809523645,-1
528,628,2725,2020-07-03,27.1,27.5,27.05,27.4,352000.0,27.558970000000002,26.048795238095256,24.42857800000001,23.036942,23.7422295,63.97282963385608,27.68815861848648,26.09037499999999,24.4925913815135,0.7629843076166445,0.6701147850848431,Bullish,28.22,19.2668,391928.5714285714,27.58333333333333,27.766666666666666,28.03333333333333,27.13333333333333,26.86666666666667,26.68333333333333,0,0.0,1.0,0.6706086736660666,0.12069047619047168,1
529,629,2726,2020-07-06,28.02,28.24,27.36,27.85,499500.0,27.703298999999998,26.174166666666693,24.563410000000008,23.081501,23.754977,66.65716298010577,27.957189259000078,26.19841999999999,24.43965074099989,0.8021056379579151,0.6965129556594575,Bullish,28.22,19.2668,402952.38095238095,28.27333333333333,28.696666666666665,29.15333333333333,27.39333333333333,26.93666666666667,26.513333333333332,1,1.0,1.0,2.6843333462496872,0.12537142857143735,1
530,630,2727,2020-07-07,27.57,28.3,27.56,28.3,160500.0,27.925417,26.29849523809525,24.70372600000001,23.134261,23.7752495,69.13386219980225,28.293788433602018,26.323409999999985,24.35303156639795,0.8595128838041219,0.7291129412883903,Bullish,28.22,19.2668,421476.1904761905,28.546666666666663,28.79333333333333,29.286666666666665,27.80666666666666,27.31333333333333,27.06666666666666,0,1.0,1.0,2.476699219696485,0.12432857142855624,1
531,631,2728,2020-07-08,28.5,28.5,28.0,28.01,159000.0,28.209887,26.40372380952382,24.833614000000008,23.18523200000001,23.796478,65.74463113560108,28.517581102884265,26.438529999999986,24.35947889711571,0.8715611489679098,0.7576025828242943,Bullish,28.3,19.2668,418523.8095238095,28.340000000000003,28.67,28.840000000000003,27.840000000000003,27.67,27.340000000000003,0,-1.0,1.0,-3.3892310642011694,0.10522857142857234,-1
532,632,2729,2020-07-09,28.2,28.2,27.76,28.07,53500.0,28.241229999999998,26.516219047619067,24.954708000000004,23.23763600000001,23.815044999999994,66.11476497883088,28.726429307732,26.546929999999985,24.36743069226797,0.8758546769569975,0.7812530016508349,Bullish,28.3,19.2668,414738.0952380953,28.26,28.45,28.7,27.820000000000004,27.570000000000004,27.38000000000001,1,0.0,0.0,0.3701338432297945,0.11249523809524575,1
533,633,2730,2020-07-10,28.0,28.49,27.5,27.91,160000.0,28.359964,26.611838095238102,25.07260200000001,23.28418300000001,23.833599,64.12495929819801,28.864283294023537,26.67092999999999,24.477576705976443,0.8564737695187397,0.7962971552244158,Bullish,28.3,19.2668,408714.2857142858,28.433333333333334,28.95666666666667,29.423333333333336,27.44333333333334,26.97666666666667,26.45333333333334,1,-1.0,1.0,-1.9898056806328697,0.09561904761903506,-1
534,634,2731,2020-07-13,28.0,28.2,28.0,28.0,210500.0,28.395239,26.734219047619067,25.201920000000005,23.33968100000001,23.852926499999995,64.76729985778522,28.96119716759963,26.814234999999986,24.66727283240034,0.8387084002207459,0.8047794042236818,Bullish,28.3,19.2668,409428.5714285714,28.13333333333333,28.266666666666666,28.33333333333333,27.93333333333333,27.86666666666667,27.73333333333333,0,0.0,0.0,0.6423405595872111,0.12238095238096491,0
535,635,2732,2020-07-14,28.0,28.99,28.0,28.35,288000.0,28.396261,26.88736666666668,25.336572,23.396458000000006,23.8756235,67.22498403492537,29.12392958472702,26.950514999999985,24.77710041527295,0.8431519610246454,0.8124539155838745,Bullish,28.3,19.2668,413523.8095238095,28.89333333333333,29.43666666666667,29.883333333333336,27.90333333333334,27.45666666666667,26.91333333333334,-1,1.0,0.0,2.457684177140152,0.15314761904761198,1
536,636,2733,2020-07-15,28.5,29.75,28.0,28.9,2037500.0,28.466542999999998,27.043347619047626,25.476488000000003,23.45734700000001,23.901394499999995,70.68550789793113,29.349480226218553,27.117999999999984,24.886519773781423,0.8808994578251372,0.8261430240321271,Bullish,28.35,19.2668,419571.4285714286,29.76666666666668,30.633333333333336,31.51666666666668,28.01666666666668,27.133333333333336,26.26666666666668,0,1.0,0.0,3.4605238630057613,0.155980952380947,1
537,637,2734,2020-07-16,28.9,29.1,28.7,28.99,240000.0,28.715590000000002,27.207142857142873,25.634120000000006,23.527464000000002,23.927153,71.22098313705993,29.434198139711448,27.32699999999999,25.21980186028853,0.9076144543745279,0.8424373101006072,Bullish,28.9,19.2668,512785.7142857143,29.16000000000001,29.330000000000005,29.56000000000001,28.760000000000005,28.53,28.360000000000007,-1,0.0,1.0,0.5354752391288002,0.163795238095247,0
538,638,2735,2020-07-17,29.0,29.13,28.7,28.96,109500.0,28.948776000000002,27.40476190476192,25.806144000000003,23.58775,23.951466,70.75701309509543,29.578718544295,27.48749999999999,25.39628145570499,0.9158086601682136,0.8571115801141285,Bullish,28.99,19.2668,513785.7142857143,29.16000000000001,29.360000000000007,29.59000000000001,28.73000000000001,28.500000000000004,28.300000000000008,0,0.0,1.0,-0.463970041964501,0.19761904761904603,0
539,639,2736,2020-07-20,29.0,29.35,28.75,28.84,594000.0,29.139597,27.551904761904783,25.985392,23.643504000000004,23.975271499999995,68.8255935789188,29.632901925014895,27.64849999999999,25.664098074985084,0.9022194064718932,0.8661331453856814,Bullish,28.99,19.2668,488833.33333333326,29.21,29.58,29.81,28.61,28.38,28.01,0,0.0,1.0,-1.931419516176632,0.1471428571428639,-1
540,640,2737,2020-07-21,28.99,29.0,28.6,28.99,219500.0,29.244183000000003,27.71238095238097,26.162642,23.702054,23.99991949999999,69.93050620737816,29.726778935418444,27.79249999999999,25.85822106458153,0.8932566646132685,0.8715578492311988,Bullish,28.99,19.2668,489428.5714285714,29.126666666666665,29.263333333333332,29.526666666666664,28.72666666666667,28.46333333333333,28.32666666666667,0,1.0,0.0,1.1049126284593598,0.1604761904761851,1
541,641,2738,2020-07-22,29.0,29.49,28.77,28.9,298000.0,29.328638,27.845238095238123,26.321066,23.761925,24.024117499999992,68.36484246098797,29.751111230074375,27.93499999999999,26.118888769925604,0.86887552310451,0.8710213840058609,Bearish,28.99,19.2668,483952.380952381,29.336666666666666,29.77333333333333,30.05666666666666,28.616666666666664,28.33333333333333,27.896666666666665,0,0.0,0.0,-1.565663746390186,0.132857142857155,-1
542,642,2739,2020-07-23,28.5,29.0,28.5,28.63,71000.0,29.322165000000002,27.968095238095252,26.451694000000003,23.819188000000004,24.04789099999999,63.75335724040424,29.675872317199463,28.0655,26.455127682800523,0.8183333122574261,0.860483769656174,Bearish,28.99,19.2668,488428.5714285714,28.919999999999995,29.21,29.419999999999995,28.419999999999995,28.21,27.919999999999995,-1,-1.0,0.0,-4.611485220583731,0.12285714285712857,-1
543,643,2740,2020-07-24,28.2,28.74,28.2,28.27,14000.0,29.226751,28.075238095238124,26.556244000000003,23.86526300000001,24.068984999999994,58.123667825562755,29.55224907641073,28.164999999999992,26.77775092358925,0.7406910295452391,0.8365252216339871,Bearish,28.99,19.2668,470904.7619047619,28.606666666666666,28.94333333333333,29.146666666666665,28.066666666666666,27.86333333333333,27.52666666666667,0,-1.0,0.0,-5.629689414841486,0.10714285714287186,-1
544,644,2741,2020-07-27,28.0,28.69,28.0,28.33,43500.0,29.045687,28.172857142857165,26.63997,23.91823100000001,24.092368999999994,58.77703014749647,29.458562627354606,28.247,27.03543737264538,0.6762055826391631,0.8044612938350222,Bearish,28.99,19.2668,465190.47619047615,28.68,29.03,29.37,27.99,27.65,27.3,-1,0.0,-1.0,0.653362321933713,0.09761904761904105,0
545,645,2742,2020-07-28,28.5,28.5,28.0,28.0,45500.0,28.920374,28.235238095238124,26.694702000000003,23.966418000000004,24.114380499999992,53.804772523007685,29.31234779283234,28.31049999999999,27.30865220716764,0.5916519637510511,0.7618994278182281,Bearish,28.99,19.2668,457571.4285714286,28.333333333333336,28.66666666666667,28.833333333333336,27.833333333333336,27.66666666666667,27.333333333333336,0,-1.0,-1.0,-4.972257624488783,0.06238095238095909,-1
546,646,2743,2020-07-29,28.01,28.62,28.01,28.54,222000.0,28.713251,28.32142857142859,26.765415999999995,24.021856000000003,24.138583,59.79796858885286,29.332268860128217,28.32649999999999,27.32073113987176,0.5617407015025186,0.7218676825550858,Bearish,28.99,19.2668,452095.2380952381,28.77,29.0,29.38,28.16,27.78,27.55,1,1.0,-1.0,5.993196065845176,0.08619047619046682,1
547,647,2744,2020-07-30,29.15,29.69,28.25,29.23,112500.0,28.7089,28.36952380952383,26.84993,24.085489000000006,24.16882649999999,65.88786959754175,29.38388065370111,28.42349999999999,27.46311934629887,0.5869470834844108,0.694883562740951,Bearish,28.99,19.2668,451761.9047619047,29.863333333333333,30.49666666666667,31.30333333333333,28.423333333333336,27.61666666666667,26.98333333333333,-1,1.0,0.0,6.089901008688891,0.04809523809523952,1
548,648,2745,2020-07-31,29.15,29.69,28.25,29.23,112500.0,28.952337,28.461904761904783,26.934444,24.155323000000006,24.196386499999992,65.88786959754174,29.41467772007689,28.515,27.61532227992309,0.6000068177040171,0.6759082137335641,Bearish,29.23,19.2668,284500.0,29.863333333333333,30.49666666666667,31.30333333333333,28.423333333333336,27.61666666666667,26.98333333333333,-1,0.0,1.0,-1.4210854715202004e-14,0.09238095238095312,0
549,649,2746,2020-08-03,29.0,29.3,28.56,28.88,40000.0,29.18913,28.53238095238097,27.011958,24.22757900000001,24.222566499999992,60.49670859411485,29.424993447851406,28.56649999999999,27.708006552148575,0.5754808907512405,0.6558227491370994,Bearish,29.23,19.2668,285833.33333333326,29.266666666666666,29.65333333333333,30.006666666666664,28.52666666666666,28.17333333333333,27.78666666666665,-1,-1.0,1.0,-5.3911610034268875,0.07047619047618525,-1
550,650,2747,2020-08-04,28.51,29.29,28.5,28.5,1293000.0,29.27445,28.56333333333335,27.081872,24.30436400000001,24.245643499999986,55.21433716708199,29.426965166837192,28.57649999999999,27.72603483316279,0.5193938438138694,0.6285369680724534,Bearish,29.23,19.2668,270976.19047619053,29.026666666666664,29.55333333333333,29.816666666666666,28.236666666666665,27.97333333333333,27.446666666666665,0,-1.0,0.0,-5.282371427032857,0.03095238095238173,-1
551,651,2748,2020-08-05,28.5,28.5,28.3,28.42,44500.0,29.247826,28.56904761904764,27.150185999999994,24.39589600000001,24.26781149999999,54.14250543411225,29.410832906685386,28.59699999999999,27.7831670933146,0.4631502162268788,0.5954596177033384,Bearish,29.23,19.2668,308761.9047619048,28.513333333333332,28.606666666666666,28.71333333333333,28.31333333333333,28.20666666666667,28.11333333333333,-1,0.0,0.0,-1.0718317329697413,0.005714285714290668,0
552,652,2749,2020-08-06,28.4,28.75,27.89,28.36,123000.0,29.136663000000002,28.585714285714307,27.20378799999999,24.48349600000001,24.289771999999992,53.30670511201697,29.39710231669971,28.61149999999999,27.825897683300273,0.4090203061091308,0.5581717553844969,Bearish,29.23,19.2668,303238.0952380953,28.776666666666664,29.19333333333333,29.636666666666667,27.916666666666664,27.47333333333333,27.056666666666665,0,0.0,0.0,-0.835800322095281,0.01666666666666572,0
553,653,2750,2020-08-07,28.4,28.4,27.92,28.03,679500.0,28.965999999999998,28.58380952380954,27.23283799999999,24.56104100000001,24.310915499999986,48.84094286830554,29.3831598461486,28.61749999999999,27.851840153851384,0.3356248459757474,0.513662373502747,Bearish,29.23,19.2668,301523.80952380947,28.313333333333325,28.59666666666666,28.793333333333322,27.83333333333333,27.63666666666667,27.35333333333333,1,-1.0,-1.0,-4.465762243711431,-0.0019047619047682929,-1
554,654,2751,2020-08-10,28.1,28.15,27.9,27.97,16000.0,28.735758,28.586666666666684,27.263833999999992,24.637986000000005,24.330463499999986,48.0527116128671,29.386594575638643,28.616,27.845405424361353,0.2695101709883296,0.4648319329998635,Bearish,29.23,19.2668,331333.33333333326,28.11333333333333,28.256666666666664,28.36333333333333,27.86333333333333,27.756666666666664,27.61333333333333,0,0.0,-1.0,-0.7882312554384399,0.002857142857145334,-1
555,655,2752,2020-08-11,27.56,28.1,27.56,27.88,43000.0,28.565575,28.580952380952397,27.31172399999999,24.72245200000001,24.348774999999986,46.831794025388476,29.42062740565927,28.59249999999999,27.76437259434072,0.2074600960439063,0.4133575656086721,Bearish,29.23,19.2668,324476.19047619053,28.133333333333336,28.38666666666667,28.67333333333334,27.59333333333333,27.306666666666665,27.05333333333333,1,0.0,-1.0,-1.220917587478624,-0.005714285714287115,-1
556,656,2753,2020-08-12,27.99,28.46,27.0,27.23,219000.0,28.439591999999998,28.527619047619066,27.34920399999999,24.79653100000001,24.363512499999985,39.10415412153434,29.514124867866478,28.509,27.503875132133512,0.10462929549150599,0.3516119115852388,Bearish,29.23,19.2668,316500.0,28.126666666666665,29.02333333333333,29.586666666666666,26.666666666666664,26.10333333333333,25.206666666666663,0,-1.0,-1.0,-7.727639903854133,-0.05333333333333101,-1
557,657,2754,2020-08-13,27.01,27.68,26.37,26.47,568000.0,28.15421,28.411904761904783,27.38129399999999,24.86208500000001,24.373524499999984,32.37704837528709,29.699056229803286,28.382999999999992,27.0669437701967,-0.0377552838072858,0.2737384725067339,Bearish,29.23,19.2668,313214.2857142857,27.31,28.15,28.62,26.0,25.53,24.69,-1,-1.0,-1.0,-6.727105746247254,-0.115714285714283,-1
558,658,2755,2020-08-14,27.01,27.68,26.37,26.47,568000.0,27.702345,28.29190476190478,27.40634999999999,24.926158000000004,24.38344399999999,32.37704837528709,29.786678981665677,28.25849999999999,26.7303210183343,-0.1488798939837465,0.1892147992086378,Bearish,29.23,19.2668,243238.09523809524,27.31,28.15,28.62,26.0,25.53,24.69,0,0.0,-1.0,0.0,-0.120000000000001,0
559,659,2756,2020-08-17,26.5,26.52,25.6,26.21,966500.0,27.358887,28.160952380952395,27.41676799999999,24.99392400000001,24.389564999999987,30.30835177657943,29.869929717459826,28.126999999999992,26.384070282540158,-0.2549874387774586,0.1003743516114184,Bearish,29.23,19.2668,258857.1428571429,26.620000000000005,27.03,27.540000000000006,25.70000000000001,25.190000000000005,24.78000000000001,0,-1.0,-1.0,-2.0686965987076604,-0.1309523809523867,-1
560,660,2757,2020-08-18,26.4,26.4,26.1,26.1,85000.0,27.015878999999998,28.03047619047621,27.42276399999999,25.05670300000001,24.393886499999986,29.45099125183691,29.886988120205523,27.982499999999995,26.07801187979447,-0.3439892195841842,0.0115016373722979,Bearish,29.23,19.2668,299666.66666666674,26.3,26.5,26.599999999999994,26.0,25.9,25.700000000000006,1,0.0,-1.0,-0.8573605247425178,-0.13047619047618397,-1
561,661,2758,2020-08-19,26.0,26.5,25.86,26.23,330500.0,26.719252,27.899047619047643,27.43321199999999,25.122633000000004,24.399413499999987,31.902686545656614,29.84941895611981,27.849,25.84858104388018,-0.3994294840956165,-0.0706845869212849,Bearish,29.23,19.2668,275428.5714285714,26.53333333333334,26.83666666666667,27.17333333333334,25.89333333333333,25.55666666666667,25.253333333333334,-1,0.0,-1.0,2.4516952938197036,-0.13142857142856812,1
562,662,2759,2020-08-20,26.11,26.3,25.95,25.98,140500.0,26.59062,27.760000000000023,27.43477199999999,25.17144200000001,24.404384499999978,29.76077674042434,29.83972655409256,27.7165,25.593273445907432,-0.4582567057601778,-0.1481990106890635,Bearish,29.23,19.2668,280714.2857142857,26.203333333333337,26.42666666666667,26.55333333333333,25.85333333333333,25.72666666666667,25.50333333333333,1,-1.0,-1.0,-2.141909805232274,-0.13904761904761997,-1
563,663,2760,2020-08-21,25.49,26.48,25.49,26.25,29500.0,26.486922999999997,27.646666666666693,27.45117199999999,25.216380000000008,24.410705499999978,34.84831853123838,29.814622324929466,27.6155,25.416377675070528,-0.4775856491639203,-0.2140763383840349,Bearish,29.23,19.2668,273214.2857142857,26.65666666666667,27.063333333333336,27.64666666666667,25.66666666666667,25.08333333333333,24.676666666666666,0,1.0,0.0,5.087541790814036,-0.11333333333332973,1
564,664,2761,2020-08-24,26.25,26.25,26.01,26.2,8000.0,26.480387,27.548095238095264,27.47249399999999,25.26165100000001,24.414879499999966,34.35210053458262,29.7649689714186,27.509,25.2530310285814,-0.4912754407290904,-0.26951615885304603,Bearish,29.23,19.2668,271238.0952380953,26.29666666666667,26.39333333333333,26.53666666666667,26.05666666666667,25.913333333333334,25.81666666666668,1,0.0,0.0,-0.4962179966557585,-0.09857142857142875,0
565,665,2762,2020-08-25,26.2,27.0,25.95,26.68,279500.0,26.493515000000002,27.46952380952383,27.49360599999999,25.310982000000006,24.422008499999976,42.77619675081604,29.714828338586358,27.442999999999994,25.171171661413627,-0.4581118820895042,-0.3072353035003377,Bearish,29.23,19.2668,270952.3809523809,27.13666666666667,27.59333333333333,28.18666666666667,26.086666666666666,25.49333333333333,25.036666666666665,-1,1.0,0.0,8.424096216233423,-0.07857142857143273,1
566,666,2763,2020-08-26,26.7,28.68,26.5,27.84,1107500.0,26.648391999999998,27.461904761904787,27.539399999999986,25.374504000000005,24.43660349999997,57.10254358124054,29.63221761525337,27.408,25.18378238474663,-0.3343727762369539,-0.3126627980476609,Bearish,29.23,19.2668,282190.4761904762,28.846666666666664,29.85333333333333,31.026666666666664,26.666666666666664,25.49333333333333,24.486666666666665,0,1.0,1.0,14.326346830424498,-0.00761904761904475,1
567,667,2764,2020-08-27,27.21,28.5,27.21,27.52,122500.0,27.115099,27.41333333333336,27.59359999999999,25.43214200000001,24.449875999999968,53.14947462187207,29.385622633292275,27.3225,25.25937736670772,-0.2591427328910853,-0.3019587850163458,Bullish,29.23,19.2668,332761.9047619048,28.276666666666657,29.03333333333333,29.566666666666656,26.986666666666654,26.45333333333333,25.696666666666662,1,-1.0,1.0,-3.9530689593684656,-0.048571428571428044,-1
568,668,2765,2020-08-28,27.25,27.5,27.25,27.41,7500.0,27.436498999999998,27.326666666666693,27.62679999999999,25.490994000000004,24.462042999999976,51.82142089921974,29.101572458490203,27.2315,25.361427541509787,-0.2060235509774735,-0.2827717382085714,Bullish,29.23,19.2668,328023.80952380947,27.52333333333333,27.63666666666667,27.77333333333333,27.27333333333333,27.13666666666667,27.02333333333333,-1,0.0,1.0,-1.328053722652335,-0.086666666666666,0
569,669,2766,2020-08-31,27.9,27.9,27.15,27.26,59500.0,27.626219,27.232857142857167,27.65959999999999,25.55195500000001,24.474246499999982,49.98717108242335,28.861516949069557,27.1505,25.439483050930427,-0.1740239235411422,-0.2610221752750855,Bullish,29.23,19.2668,323023.80952380947,27.723333333333336,28.18666666666667,28.473333333333336,26.973333333333336,26.68666666666667,26.223333333333336,-1,-1.0,1.0,-1.8342498167963868,-0.09380952380952579,-1
570,670,2767,2020-09-01,27.4,27.57,27.25,27.37,43500.0,27.733010999999998,27.160952380952395,27.684799999999992,25.613461000000008,24.486213499999977,51.34718468770696,28.69406749857746,27.094,25.493932501422528,-0.138194882973746,-0.2364567168148176,Bullish,29.23,19.2668,320500.0,27.54333333333333,27.716666666666665,27.86333333333333,27.22333333333333,27.076666666666664,26.90333333333333,0,0.0,0.0,1.360013605283605,-0.07190476190477213,1
571,671,2768,2020-09-02,27.31,27.9,27.31,27.87,379000.0,27.78326,27.130952380952397,27.72119999999999,25.679411000000005,24.500263999999966,57.06273686212372,28.591613438404806,27.0665,25.541386561595193,-0.0686627869967395,-0.202897930851202,Bullish,29.23,19.2668,320666.66666666674,28.076666666666664,28.28333333333333,28.666666666666664,27.486666666666665,27.10333333333333,26.896666666666665,0,1.0,0.0,5.715552174416764,-0.029999999999997584,1
572,672,2769,2020-09-03,27.95,28.39,27.95,28.38,296500.0,27.873034000000004,27.129047619047647,27.7684,25.754903,24.517789999999977,61.97022069832839,28.59602706878336,27.067499999999995,25.53897293121664,0.0272801689624131,-0.156862310888479,Bullish,29.23,19.2668,277142.85714285716,28.53,28.68,28.97,28.09,27.8,27.649999999999995,-1,1.0,0.0,4.907483836204669,-0.0019047619047505293,1
573,673,2770,2020-09-04,27.25,28.8,27.25,28.51,1131000.0,28.134891999999997,27.1361904761905,27.81299999999999,25.824292000000003,24.531292999999977,63.127104192901356,28.693052684117326,27.0915,25.489947315882674,0.11250863680548301,-0.1029881213496865,Bullish,29.23,19.2668,289142.85714285716,29.12333333333333,29.736666666666668,30.673333333333336,27.57333333333333,26.63666666666667,26.02333333333333,0,0.0,1.0,1.1568834945729662,0.007142857142852677,1
574,674,2771,2020-09-07,28.16,29.89,28.0,29.36,230500.0,28.403834999999997,27.199523809523832,27.86639999999999,25.901441000000005,24.548258999999977,69.63202371957078,29.01046370605204,27.160999999999994,25.31153629394795,0.2458071955223602,-0.0332290579752772,Bullish,29.23,19.2668,337142.85714285716,30.166666666666664,30.97333333333333,32.056666666666665,28.276666666666664,27.19333333333333,26.386666666666667,0,1.0,1.0,6.5049195266694255,0.06333333333333258,1
575,675,2772,2020-09-08,29.5,30.99,29.45,30.3,5064500.0,28.881514000000003,27.310476190476212,27.937799999999992,25.99456000000001,24.573857999999976,74.9045954258536,29.56874965835873,27.282,24.995250341641256,0.4224279216336164,0.0579023379465015,Bullish,29.36,19.2668,315761.9047619048,31.04333333333333,31.786666666666665,32.58333333333333,29.50333333333333,28.70666666666667,27.96333333333333,-1,1.0,1.0,5.272571706282818,0.11095238095238003,1
576,676,2773,2020-09-09,29.5,30.0,29.11,29.95,142500.0,29.541097999999998,27.40904761904764,27.97239999999999,26.083531000000004,24.596503999999968,70.02919121605481,29.982828259358353,27.418000000000003,24.853171740641642,0.5280717620725355,0.1519362227717083,Bullish,30.3,19.2668,556166.6666666665,30.263333333333332,30.57666666666667,31.153333333333336,29.37333333333333,28.79666666666667,28.48333333333333,0,-1.0,1.0,-4.875404209798788,0.09857142857142875,-1
577,677,2774,2020-09-10,30.3,32.19,29.3,31.88,2192000.0,29.926888,27.630476190476212,28.06419999999999,26.187175000000003,24.627504499999976,78.38420715875725,30.864631451940088,27.6885,24.512368548059907,0.7587833548714329,0.2733056491916532,Bullish,30.3,19.2668,560904.7619047619,32.94666666666666,34.01333333333333,35.83666666666666,30.056666666666665,28.23333333333333,27.16666666666667,-1,1.0,1.0,8.355015942702437,0.22142857142857153,1
578,678,2775,2020-09-11,31.88,31.9,30.75,31.51,188000.0,30.745846000000004,27.87047619047621,28.14639999999999,26.287489000000004,24.656839999999978,74.11837459413479,31.47003523852693,27.9405,24.41096476147305,0.9013775275216068,0.398920024857644,Bullish,31.88,19.2668,654857.1428571428,32.02333333333333,32.53666666666666,33.17333333333333,30.87333333333333,30.236666666666668,29.723333333333336,0,-1.0,1.0,-4.265832564622457,0.23999999999999844,-1
579,679,2776,2020-09-14,31.55,31.55,30.75,31.36,169500.0,31.313887,28.10333333333336,28.21659999999999,26.39000500000001,24.686535999999982,72.39818184202717,31.93056801679542,28.19799999999999,24.46543198320456,0.9908586881162263,0.5173077575093605,Bullish,31.88,19.2668,636761.9047619047,31.69,32.02,32.489999999999995,30.89,30.42,30.09,-1,-1.0,1.0,-1.7201927521076215,0.2328571428571493,0
580,680,2777,2020-09-15,31.36,31.36,30.0,30.14,248500.0,31.606073,28.290476190476213,28.253399999999992,26.478563000000005,24.709993499999968,60.167130685610296,32.0936161143255,28.39999999999999,24.70638388567448,0.952351236295872,0.6043164532666628,Bullish,31.88,19.2668,617785.7142857143,31.0,31.86,32.36,29.64,29.14,28.28,0,-1.0,1.0,-12.231051156416875,0.1871428571428524,-1
581,681,2778,2020-09-16,30.14,30.14,29.0,29.26,83000.0,31.415228000000003,28.440952380952396,28.27839999999999,26.556007000000005,24.730577999999976,53.18720475032609,32.123212614419764,28.55149999999999,24.979787385580217,0.8411291445700009,0.6516789915273304,Bullish,31.88,19.2668,583595.2380952381,29.933333333333334,30.60666666666667,31.073333333333334,28.793333333333337,28.32666666666667,27.653333333333336,0,-1.0,-1.0,-6.979925935284207,0.15047619047618355,-1
582,682,2779,2020-09-17,29.6,29.8,29.01,29.37,82500.0,30.97532,28.590476190476213,28.30439999999999,26.629554,24.75249899999997,53.907019924322604,32.10532799828932,28.720999999999986,25.33667200171065,0.7531787405731478,0.6719789413364939,Bullish,31.88,19.2668,583500.0,29.77666666666667,30.18333333333333,30.566666666666666,28.986666666666668,28.60333333333333,28.19666666666667,0,0.0,-1.0,0.7198151739965155,0.14952380952381716,0
583,683,2780,2020-09-18,29.9,30.0,29.15,29.21,22000.0,30.475077000000002,28.74428571428573,28.33039999999999,26.701501000000004,24.773573499999976,52.63914266747979,32.06160332644137,28.86899999999999,25.676396673558607,0.6629249626203659,0.6701681455932683,Bearish,31.88,19.2668,571690.4761904762,29.75666666666667,30.30333333333333,30.60666666666667,28.906666666666666,28.60333333333333,28.056666666666665,1,-1.0,-1.0,-1.2678772568428158,0.1538095238095174,-1
584,684,2781,2020-09-21,29.3,29.5,29.25,29.25,15000.0,30.063631,28.887142857142877,28.35539999999999,26.77866000000001,24.794986999999967,52.93715535471205,31.97175609058021,29.021499999999985,26.07124390941976,0.587849495989321,0.6537044156724788,Bearish,31.88,19.2668,566047.6190476189,29.416666666666664,29.58333333333333,29.666666666666664,29.166666666666664,29.08333333333333,28.916666666666664,1,0.0,-1.0,0.2980126872322586,0.1428571428571459,0
585,685,2782,2020-09-22,28.75,30.0,28.5,29.27,34000.0,29.767864000000003,29.033333333333346,28.373799999999992,26.855186000000003,24.817333499999968,53.09607554177346,31.899227792597355,29.15099999999999,26.402772207402624,0.5239259879907614,0.6277487301361353,Bearish,31.88,19.2668,565357.1428571428,30.013333333333332,30.756666666666664,31.513333333333332,28.513333333333332,27.756666666666664,27.013333333333332,0,0.0,-1.0,0.15892018706141187,0.1461904761904691,0
586,686,2783,2020-09-23,29.11,29.7,28.9,29.44,37000.0,29.668509000000004,29.164761904761924,28.384599999999992,26.930544000000005,24.840760999999976,54.502423436010936,31.914303188237465,29.23099999999999,26.547696811762506,0.4814340545105118,0.5984857950110106,Bearish,31.88,19.2668,566595.2380952381,29.79333333333333,30.146666666666665,30.59333333333333,28.99333333333333,28.546666666666663,28.19333333333333,1,1.0,0.0,1.4063478942374772,0.13142857142857878,1
587,687,2784,2020-09-24,29.5,29.65,28.71,29.43,64000.0,29.717709999999997,29.240476190476205,28.3934,27.013759999999998,24.866127999999968,54.39909709773001,31.89283025934012,29.32649999999999,26.76016974065986,0.4418585048663246,0.5671603369820735,Bearish,31.88,19.2668,555047.6190476189,29.816666666666666,30.20333333333333,30.75666666666666,28.876666666666665,28.32333333333333,27.93666666666667,0,0.0,0.0,-0.10332633828092952,0.0757142857142803,0
588,688,2785,2020-09-25,29.65,29.7,29.25,29.46,30000.0,29.750421999999997,29.33285714285716,28.40339999999999,27.104772000000004,24.892431999999967,54.676699164396474,31.84001555366285,29.42899999999999,27.017984446337127,0.4082097579386428,0.5353702211733873,Bearish,31.88,19.2668,505357.1428571429,29.69,29.92,30.14,29.24,29.02,28.79,-1,0.0,0.0,0.2776020666664678,0.09238095238095667,0
589,689,2786,2020-09-28,29.6,30.99,29.25,29.43,28500.0,29.798192999999998,29.42904761904764,28.415199999999995,27.200296,24.919510999999982,54.320577564761,31.734087125521068,29.53749999999999,27.340912874478914,0.3748016541299037,0.5032565077646906,Bearish,31.88,19.2668,500952.380952381,30.53,31.63,32.27,28.790000000000006,28.15,27.050000000000004,-1,0.0,0.0,-0.35612159963547185,0.09619047619047905,0
590,690,2787,2020-09-29,28.99,30.98,28.99,29.28,66500.0,29.825297999999997,29.52523809523811,28.421,27.29182100000001,24.945608999999976,52.48003923601729,31.598238916774395,29.632999999999992,27.66776108322557,0.3323901579363912,0.4690832377990307,Bearish,31.88,19.2668,501952.380952381,30.51,31.74,32.5,28.52,27.76,26.53,1,-1.0,0.0,-1.8405383287437118,0.09619047619046839,-1
591,691,2788,2020-09-30,30.79,30.8,29.4,29.68,167500.0,29.797384,29.63523809523811,28.436599999999995,27.378833000000004,24.973706999999976,56.6939247204677,31.514647955922552,29.723499999999987,27.93235204407742,0.3272826876088643,0.4407231277609974,Bearish,31.88,19.2668,502285.7142857143,30.52,31.36,31.92,29.12,28.559999999999995,27.71999999999999,1,1.0,0.0,4.213885484450408,0.10999999999999943,1
592,692,2789,2020-10-01,29.9,30.49,28.25,28.75,56000.0,29.874237,29.677142857142872,28.439,27.445347000000005,24.997802499999967,46.393183608601845,31.484235345757178,29.741999999999987,27.99976465424279,0.2453633568666831,0.4016511735821345,Bearish,31.88,19.2668,508190.47619047615,30.07666666666666,31.40333333333333,32.31666666666666,27.836666666666666,26.92333333333333,25.596666666666664,0,-1.0,0.0,-10.300741111865854,0.04190476190476389,-1
593,693,2790,2020-10-02,29.3,29.3,28.02,28.59,100500.0,29.672584999999998,29.687142857142874,28.44539999999999,27.50082200000001,25.021097999999967,44.88230753344108,31.47723539705159,29.74599999999999,28.01476460294839,0.1656218486570928,0.3544453085971262,Bearish,31.88,19.2668,492809.52380952385,29.25333333333333,29.91666666666667,30.53333333333333,27.97333333333333,27.356666666666666,26.69333333333333,1,-1.0,-1.0,-1.5108760751607662,0.010000000000001563,-1
594,694,2791,2020-10-05,28.28,28.5,27.4,27.71,45000.0,29.439885999999998,29.649047619047643,28.433,27.53648500000001,25.038466499999977,37.62467747879153,31.60494559542725,29.663499999999992,27.72205440457273,0.031059449362889003,0.2897681367502788,Bearish,31.88,19.2668,483476.1904761905,28.340000000000003,28.97,29.440000000000005,27.24,26.77,26.14,0,-1.0,-1.0,-7.257630054649546,-0.038095238095230854,-1
595,695,2792,2020-10-06,27.8,29.78,27.25,28.73,39500.0,29.006762,29.619047619047638,28.447599999999994,27.57115100000001,25.059084499999976,48.100437271561354,31.54403547696394,29.58499999999999,27.625964523036043,0.0066466356781091,0.2331438365358448,Bearish,31.88,19.2668,431761.9047619047,29.92333333333334,31.11666666666667,32.45333333333334,27.39333333333333,26.05666666666667,24.863333333333333,0,1.0,-1.0,10.475759792769821,-0.03000000000000469,1
596,696,2793,2020-10-07,28.98,28.99,28.6,28.61,57500.0,28.942408,29.538571428571448,28.44899999999999,27.60720800000001,25.077667999999967,47.098262714325685,31.51383165622839,29.51799999999999,27.52216834377159,-0.0221286073590043,0.18208934775687502,Bearish,31.88,19.2668,422666.66666666674,28.86666666666666,29.12333333333333,29.256666666666657,28.476666666666667,28.34333333333333,28.086666666666666,1,0.0,0.0,-1.0021745572356693,-0.08047619047619037,-1
597,697,2794,2020-10-08,28.55,28.84,28.21,28.48,15500.0,28.859419,29.468571428571448,28.43399999999999,27.64196500000001,25.095462999999967,45.98058741470466,31.07062125843236,29.347999999999992,27.625378741567626,-0.0547915059509414,0.1347131770153117,Bearish,31.88,19.2668,184238.09523809524,28.81,29.14,29.44,28.180000000000003,27.880000000000006,27.550000000000004,1,0.0,0.0,-1.1176752996210269,-0.07000000000000028,-1
598,698,2795,2020-10-09,28.5,28.75,28.25,28.74,4134500.0,28.831121000000003,29.31904761904764,28.424199999999992,27.67932200000001,25.113585999999966,48.60738242423878,30.63420312697176,29.20949999999999,27.78479687302822,-0.0590169506488855,0.0959671514824722,Bearish,31.88,19.2668,178190.47619047618,28.91,29.08,29.41,28.41,28.08,27.91,1,1.0,0.0,2.6267950095341206,-0.1495238095238065,1
599,699,2796,2020-10-12,28.79,28.84,28.0,28.07,19500.0,28.917042,29.155238095238115,28.40799999999999,27.70997900000001,25.130209999999966,42.8278965299919,30.16584789333891,29.044999999999995,27.924152106661076,-0.1151022198492839,0.053753277216121,Bearish,31.88,19.2668,270690.4761904762,28.606666666666666,29.14333333333333,29.446666666666665,27.766666666666666,27.46333333333333,26.926666666666666,-1,-1.0,0.0,-5.779485894246882,-0.16380952380952607,-1
600,700,2797,2020-10-13,28.0,28.25,27.7,28.21,22000.0,28.857,29.005238095238123,28.40219999999999,27.74203600000001,25.145867999999968,44.31774368254808,30.006181899250397,28.9485,27.890818100749588,-0.146563872700316,0.0136898472328336,Bearish,31.88,19.2668,262666.66666666674,28.406666666666666,28.60333333333333,28.956666666666663,27.856666666666666,27.50333333333333,27.30666666666666,0,0.0,0.0,1.4898471525561803,-0.14999999999999147,1
601,701,2798,2020-10-14,28.39,29.39,28.01,28.85,49000.0,28.743710999999998,28.943809523809552,28.410799999999984,27.78049300000001,25.165790499999968,50.6490029338101,29.97659143616618,28.928,27.87940856383381,-0.1184889411995548,-0.012745910453643998,Bearish,31.88,19.2668,255642.8571428572,29.49,30.13,30.87,28.11,27.37,26.73,0,1.0,-1.0,6.331259251262026,-0.06142857142857139,1
602,702,2799,2020-10-15,28.98,30.5,28.98,30.03,3417000.0,28.861757,28.980476190476214,28.44419999999999,27.82399400000001,25.189021999999966,59.738672218210105,30.100735056932677,28.960999999999995,27.82126494306731,-0.0010115567907007,-0.0103990397210554,Bullish,31.88,19.2668,246142.8571428572,30.69333333333334,31.35666666666667,32.21333333333334,29.17333333333334,28.31666666666667,27.65333333333334,1,1.0,1.0,9.089669284400003,0.03666666666666174,1
603,703,2800,2020-10-16,30.01,31.0,29.31,30.77,764000.0,29.319779999999998,29.047142857142877,28.49899999999999,27.86591900000001,25.216230999999965,64.19274743007168,30.42346957351972,29.038999999999994,27.65453042648027,0.1500719957437652,0.0216951673719087,Bullish,31.88,19.2668,404904.7619047619,31.41,32.05,33.1,29.72,28.67,28.03,-1,1.0,1.0,4.454075211861571,0.06666666666666288,1
604,704,2801,2020-10-19,30.99,31.5,30.26,30.83,456500.0,29.914295000000003,29.124285714285737,28.556199999999986,27.91001700000001,25.24193549999997,64.53533338061564,30.706843604638767,29.117999999999995,27.529156395361213,0.2715184030486171,0.0716598145072504,Bullish,31.88,19.2668,437357.1428571429,31.466666666666665,32.10333333333333,32.70666666666666,30.22666666666667,29.62333333333333,28.986666666666668,-1,0.0,1.0,0.34258595054396324,0.07714285714286007,0
605,705,2802,2020-10-20,30.51,30.8,30.3,30.5,13000.0,30.476865999999998,29.18380952380955,28.60859999999998,27.96016200000001,25.268210999999965,61.074310318057115,30.878517068778628,29.1795,27.48048293122136,0.3372497090219468,0.1247777934101896,Bullish,31.88,19.2668,458047.61904761905,30.766666666666666,31.03333333333333,31.266666666666666,30.266666666666666,30.03333333333333,29.766666666666666,-1,-1.0,1.0,-3.4610230625585245,0.05952380952381375,-1
606,706,2803,2020-10-21,30.5,31.49,30.3,30.85,216000.0,30.806955,29.259047619047642,28.68099999999998,28.01510200000001,25.295542499999968,63.32109807494128,31.09697590671952,29.25,27.403024093280465,0.4128255218612047,0.1823873391003926,Bullish,31.88,19.2668,457952.380952381,31.46,32.06999999999999,32.64999999999999,30.27,29.69,29.08,0,1.0,1.0,2.246787756884167,0.07523809523809177,1
607,707,2804,2020-10-22,31.7,31.7,30.0,30.21,111000.0,31.091993,29.295714285714308,28.75579999999998,28.06854700000001,25.319349999999968,56.85835840302757,31.181901476570097,29.289,27.3960985234299,0.4162786456314329,0.2291656004066007,Bullish,31.88,19.2668,466619.0476190476,31.27333333333333,32.336666666666666,32.97333333333333,29.57333333333333,28.93666666666667,27.87333333333333,1,-1.0,1.0,-6.46273967191371,0.03666666666666529,-1
608,708,2805,2020-10-23,30.55,30.55,30.06,30.25,6000.0,31.022703000000003,29.33476190476193,28.83139999999998,28.11887500000001,25.34451399999997,57.15270319326212,31.266460525914088,29.3285,27.39053947408591,0.4174310514841046,0.2668186906221015,Bullish,31.88,19.2668,470142.85714285716,30.513333333333332,30.77666666666667,31.00333333333333,30.02333333333333,29.796666666666663,29.53333333333333,0,0.0,0.0,0.29434479023454685,0.039047619047622106,0
609,709,2806,2020-10-26,30.58,31.0,29.51,30.74,54000.0,30.892621999999996,29.395714285714305,28.92199999999998,28.169384000000004,25.374024999999968,60.69083701705338,31.427454204058034,29.394000000000002,27.360545795941967,0.4526652036309642,0.303987993223874,Bullish,31.88,19.2668,467380.9523809524,31.32333333333333,31.906666666666666,32.81333333333333,29.833333333333336,28.92666666666667,28.343333333333334,0,1.0,-1.0,3.538133823791263,0.06095238095237576,1
610,710,2807,2020-10-27,30.0,30.2,29.51,30.0,41500.0,30.940233000000003,29.42285714285717,28.999999999999986,28.211382000000004,25.401779499999968,53.50517276326964,31.47953653297533,29.43,27.38046346702466,0.4160803917388342,0.3264064729268661,Bullish,31.88,19.2668,468523.8095238095,30.29666666666667,30.59333333333333,30.986666666666668,29.60666666666668,29.21333333333334,28.916666666666675,0,-1.0,0.0,-7.185664253783742,0.02714285714286291,-1
611,711,2808,2020-10-28,29.8,30.2,29.61,29.98,16500.0,30.790874,29.45619047619051,29.07499999999998,28.254106,25.430174499999968,53.321422284827754,31.50599490537953,29.445000000000004,27.38400509462048,0.381079979096981,0.33734117416088893,Bullish,31.88,19.2668,469142.85714285716,30.25,30.52,30.84,29.66,29.34,29.07,-1,0.0,-1.0,-0.18375047844188686,0.0333333333333421,0
612,712,2809,2020-10-29,29.51,29.6,27.74,27.8,199500.0,30.625237,29.366666666666692,29.111399999999986,28.273086000000006,25.447021499999966,38.001800011811426,31.56158756754452,29.3975,27.23341243245548,0.1754120776927159,0.3049553548672544,Bearish,31.88,19.2668,466761.9047619047,29.02,30.24,30.880000000000006,27.16,26.52,25.3,1,-1.0,-1.0,-15.319622273016329,-0.08952380952381844,-1
613,713,2810,2020-11-02,28.5,28.5,26.8,27.14,26500.0,29.921526,29.290000000000035,29.129199999999987,28.290186,25.461493999999966,34.74692144975759,31.681077248309464,29.325,26.96892275169053,-0.0403723131817699,0.2358898212574495,Bearish,31.88,19.2668,468285.7142857143,28.16,29.18,29.86,26.46,25.78,24.76,-1,-1.0,-1.0,-3.2548785620538325,-0.07666666666665733,-1
614,714,2811,2020-11-03,27.75,27.9,27.75,27.79,28500.0,29.10752,29.251904761904783,29.16099999999998,28.31674700000001,25.478522499999965,40.1809766343353,31.674343471648122,29.329,26.98365652835187,-0.1571222226910471,0.1572874124677502,Bearish,31.88,19.2668,466880.9523809524,27.876666666666665,27.96333333333333,28.026666666666664,27.72666666666667,27.66333333333333,27.57666666666667,0,1.0,-1.0,5.4340551845777085,-0.03809523809525217,1
615,715,2812,2020-11-04,28.3,28.45,27.66,27.75,52500.0,28.609495000000003,29.25380952380955,29.18239999999998,28.338003000000004,25.497432999999965,39.960438042650935,31.71267753720114,29.28,26.847322462798843,-0.2499932660650827,0.0758312767611836,Bearish,31.88,19.2668,463452.380952381,28.246666666666666,28.74333333333333,29.036666666666665,27.45666666666667,27.16333333333333,26.66666666666667,0,0.0,-1.0,-0.22053859168436674,0.0019047619047682929,0
616,716,2813,2020-11-05,27.86,28.09,27.81,27.85,28500.0,28.272470000000002,29.211904761904787,29.18259999999998,28.361000000000004,25.518000499999967,40.83472834938709,31.738266011466433,29.241999999999997,26.74573398853357,-0.3119293454485579,-0.0017208476807647,Bearish,31.88,19.2668,463809.52380952385,28.023333333333333,28.19666666666667,28.30333333333333,27.743333333333336,27.63666666666667,27.46333333333333,1,0.0,-1.0,0.8742903067361567,-0.04190476190476389,0
617,717,2814,2020-11-06,27.6,27.65,27.5,27.65,24000.0,28.057627,29.166190476190497,29.18519999999998,28.38940000000001,25.538261999999968,39.592931687682906,31.77250680403521,29.200499999999995,26.62849319596478,-0.3728544293478784,-0.0759475640141874,Bearish,31.88,19.2668,463285.7142857143,27.7,27.75,27.849999999999994,27.55,27.45,27.4,0,-1.0,-1.0,-1.2417966617041856,-0.045714285714289815,-1
618,718,2815,2020-11-09,27.7,28.15,27.45,27.92,33000.0,28.047865,29.13952380952383,29.19539999999998,28.411100000000005,25.560104499999976,42.15056562538263,31.785146396604823,29.15949999999999,26.533853603395162,-0.3948002423248624,-0.1397180996763224,Bearish,31.88,19.2668,461690.47619047615,28.23,28.54,28.93,27.53,27.14,26.83,0,1.0,0.0,2.557633937699727,-0.026666666666667282,1
619,719,2816,2020-11-10,27.92,27.99,27.75,27.99,8000.0,28.162344,29.103809523809538,29.209999999999987,28.43480000000001,25.584471999999966,42.8264382167914,31.78800811964648,29.15549999999999,26.522991880353487,-0.4019110616962891,-0.1921566920803158,Bearish,31.88,19.2668,462523.8095238095,28.07,28.149999999999995,28.30999999999999,27.829999999999995,27.67,27.59,-1,0.0,1.0,0.6758725914087691,-0.035714285714291805,0
620,720,2817,2020-11-11,27.6,28.09,27.6,27.99,5500.0,28.223791,29.100000000000016,29.222399999999986,28.4536,25.604165999999967,42.8264382167914,31.794499811321877,29.14449999999999,26.494500188678092,-0.4029020334352005,-0.2343057603512927,Bearish,31.88,19.2668,266023.80952380947,28.18666666666667,28.38333333333333,28.676666666666666,27.69666666666667,27.403333333333336,27.20666666666667,1,0.0,0.0,0.0,-0.003809523809522375,0
621,721,2818,2020-11-12,28.24,28.25,27.56,27.71,19500.0,28.273996,29.076190476190487,29.21919999999999,28.4702,25.62245999999997,40.62460592292231,31.80847684664999,29.08749999999999,26.366523153349988,-0.4214231419664251,-0.2717292366743192,Bearish,31.88,19.2668,265357.14285714284,28.12,28.53,28.81,27.43,27.15,26.74,0,-1.0,0.0,-2.2018322938690886,-0.023809523809529054,-1
622,722,2819,2020-11-13,27.9,28.49,27.25,28.16,18000.0,28.227528000000003,29.04333333333335,29.214799999999986,28.4916,25.645271499999968,45.476334441107284,31.70750990416561,28.99399999999999,26.280490095834367,-0.3952340031579346,-0.2964301899710423,Bearish,31.88,19.2668,265238.0952380953,28.683333333333334,29.20666666666667,29.923333333333336,27.44333333333334,26.72666666666667,26.20333333333334,0,1.0,0.0,4.85172851818497,-0.03285714285713581,1
623,723,2820,2020-11-16,27.7,27.95,27.6,27.95,6500.0,28.329553999999998,28.94428571428573,29.20359999999999,28.508299999999995,25.670641999999965,43.68247389991337,31.474214222455746,28.85299999999999,26.231785777544236,-0.3869634926594578,-0.3145368505087254,Bearish,31.88,19.2668,263761.9047619048,28.066666666666666,28.18333333333333,28.41666666666666,27.716666666666665,27.48333333333333,27.36666666666667,0,-1.0,0.0,-1.793860541193915,-0.09904761904762083,-1
624,724,2821,2020-11-17,27.94,27.95,27.7,27.9,15500.0,28.335409999999996,28.80761904761907,29.17439999999999,28.520399999999995,25.696039999999968,43.245077406439464,31.193436066730488,28.70649999999999,26.219563933269487,-0.3800625115833362,-0.3276419827236476,Bearish,31.88,19.2668,101357.14285714287,28.0,28.1,28.25,27.75,27.6,27.5,1,0.0,0.0,-0.43739649347390497,-0.1366666666666596,0
625,725,2822,2020-11-18,27.87,27.9,27.4,27.62,57500.0,28.310892,28.65476190476192,29.120799999999992,28.529299999999992,25.71906649999997,40.782367725525454,30.948851818153443,28.56249999999999,26.17614818184654,-0.3926607456509501,-0.3406457353091081,Bearish,31.88,19.2668,65714.28571428571,27.879999999999995,28.14,28.379999999999995,27.379999999999995,27.14,26.879999999999995,-1,-1.0,0.0,-2.46270968091401,-0.15285714285715102,-1
626,726,2823,2020-11-19,27.78,27.78,27.65,27.65,3000.0,28.216492,28.51904761904764,29.0748,28.5236,25.739697999999965,41.16894036822959,30.57327751047989,28.402499999999986,26.231722489520088,-0.3956632282321202,-0.3516492338937105,Bearish,31.88,19.2668,46714.285714285725,27.736666666666665,27.82333333333333,27.86666666666667,27.606666666666666,27.56333333333333,27.47666666666666,1,0.0,0.0,0.38657264270413805,-0.13571428571427901,0
627,727,2824,2020-11-20,27.51,27.51,27.2,27.33,24500.0,28.160639,28.35142857142859,28.98379999999999,28.524,25.75946999999997,38.297105675657896,30.30934641063265,28.25849999999999,26.20765358936732,-0.4190336834939252,-0.3651261238137534,Bearish,31.88,19.2668,46238.09523809524,27.493333333333336,27.65666666666667,27.80333333333333,27.18333333333333,27.036666666666665,26.87333333333333,-1,-1.0,0.0,-2.8718346925716958,-0.167619047619052,-1
628,728,2825,2020-11-23,27.11,27.39,26.95,26.99,33500.0,27.987216999999998,28.19809523809525,28.89339999999999,28.5199,25.778420999999966,35.46624448697818,30.000309439288998,28.09549999999999,26.19069056071098,-0.4596910637304496,-0.3840391117970926,Bearish,31.88,19.2668,37119.04761904762,27.27,27.55,27.71,26.83,26.67,26.39,0,-1.0,-1.0,-2.8308611886797195,-0.15333333333333954,-1
629,729,2826,2020-11-24,27.25,28.5,27.15,28.28,143000.0,27.761165999999996,28.10428571428573,28.83179999999999,28.5242,25.802850499999966,50.435993078229274,29.447598301810842,27.972499999999986,26.49740169818913,-0.3834005090584327,-0.3839113912493607,Bullish,31.88,19.2668,33428.57142857143,28.803333333333338,29.32666666666667,30.153333333333343,27.45333333333334,26.62666666666667,26.10333333333334,0,1.0,-1.0,14.969748591251097,-0.09380952380951868,1
630,730,2827,2020-11-26,27.99,28.9,27.81,28.06,56500.0,27.960397999999998,27.97666666666668,28.790199999999984,28.521799999999995,25.828030499999965,48.375047036862576,29.023393287726087,27.87549999999998,26.72760671227388,-0.336809327944362,-0.3744909785883609,Bullish,31.88,19.2668,39952.38095238096,28.70333333333333,29.346666666666664,29.79333333333333,27.61333333333333,27.166666666666664,26.52333333333333,-1,-1.0,1.0,-2.060946041366698,-0.1276190476190493,-1
631,731,2828,2020-11-27,28.4,28.5,27.9,28.35,26000.0,28.109552,27.89809523809525,28.771999999999984,28.52519999999999,25.855215999999967,51.205506008841496,28.46507078613677,27.793999999999986,27.122929213863195,-0.2733340797445152,-0.3542595988195918,Bullish,31.88,19.2668,40071.42857142857,28.6,28.85,29.200000000000006,28.0,27.65,27.4,1,1.0,1.0,2.8304589719789206,-0.07857142857142918,1
632,732,2829,2020-11-30,27.95,28.25,27.52,27.74,37500.0,28.30333,27.791428571428586,28.739399999999986,28.52189999999999,25.879767999999967,45.548486617959746,28.46247300765173,27.790999999999986,27.119526992348238,-0.2691488103031041,-0.3372374411162943,Bullish,31.88,19.2668,39333.333333333336,28.153333333333325,28.566666666666666,28.88333333333333,27.423333333333325,27.106666666666666,26.693333333333324,1,-1.0,1.0,-5.65701939088175,-0.10666666666666558,-1
633,733,2830,2020-12-01,27.7,28.25,27.65,28.18,38000.0,28.327548999999998,27.80952380952382,28.71879999999999,28.524599999999985,25.904391499999967,49.8520820393334,28.46393800013012,27.842999999999986,27.222061999869844,-0.22770281503928302,-0.315330515900892,Bullish,31.88,19.2668,40333.333333333336,28.403333333333336,28.62666666666667,29.003333333333334,27.80333333333333,27.426666666666666,27.20333333333333,1,1.0,0.0,4.303595421373657,0.018095238095234834,1
634,734,2831,2020-12-02,28.18,28.2,27.8,28.03,48500.0,28.466978000000005,27.85190476190477,28.69439999999999,28.52489999999999,25.93229049999996,48.4463397231668,28.48063567673636,27.854999999999986,27.229364323263606,-0.2046017895187475,-0.2931847706244631,Bullish,31.88,19.2668,32642.857142857138,28.22,28.41,28.62,27.820000000000004,27.610000000000007,27.420000000000005,0,-1.0,1.0,-1.4057423161666023,0.042380952380948855,-1
635,735,2832,2020-12-03,27.99,28.2,27.95,28.04,26000.0,28.43685,27.863809523809532,28.66979999999999,28.521799999999992,25.95912899999996,48.55049877323495,28.498164457405878,27.86949999999998,27.24083554259408,-0.1833733303272318,-0.2712224825650168,Bullish,31.88,19.2668,33690.47619047618,28.176666666666666,28.31333333333333,28.426666666666666,27.926666666666666,27.81333333333333,27.676666666666666,0,0.0,0.0,0.10415905006814796,0.01190476190476275,0
636,736,2833,2020-12-04,28.0,28.0,27.7,28.0,9500.0,28.422196999999997,27.875714285714288,28.640999999999984,28.51279999999999,25.985073499999967,48.131596758246744,28.508129146851626,27.87699999999998,27.245870853148336,-0.1678425052589247,-0.2505464871037984,Bullish,31.88,19.2668,33571.42857142857,28.100000000000005,28.200000000000006,28.40000000000001,27.800000000000004,27.6,27.500000000000004,-1,0.0,0.0,-0.41890201498820545,0.011904761904755645,0
637,737,2834,2020-12-07,27.97,28.0,27.75,27.94,21500.0,28.385725,27.88000000000001,28.611199999999986,28.50229999999999,26.01488199999996,47.469969110430185,28.51437318131755,27.891499999999986,27.268626818682428,-0.1585480696041656,-0.2321468036038719,Bullish,31.88,19.2668,31523.809523809527,28.04333333333333,28.146666666666665,28.29333333333333,27.79333333333333,27.646666666666665,27.54333333333333,1,0.0,0.0,-0.6616276478165588,0.0042857142857215536,0
638,738,2835,2020-12-08,27.76,28.15,27.76,28.11,5500.0,28.385285999999997,27.90190476190477,28.58419999999998,28.4938,26.04077499999996,49.58457371490076,28.53107618587281,27.90099999999999,27.270923814127173,-0.13589803517831098,-0.2128970499187597,Bullish,31.88,19.2668,31190.476190476187,28.25333333333333,28.39666666666666,28.643333333333324,27.86333333333333,27.61666666666667,27.47333333333333,1,1.0,0.0,2.1146046044705784,0.02190476190476076,1
639,739,2836,2020-12-09,28.0,28.25,27.81,27.81,8500.0,28.396272999999997,27.89666666666668,28.551799999999982,28.48349999999999,26.06350199999996,46.0607849327654,28.521876178311786,27.891999999999985,27.26212382168819,-0.1405352100847992,-0.1984246819519676,Bullish,31.88,19.2668,30309.523809523813,28.10333333333333,28.39666666666667,28.543333333333337,27.66333333333333,27.516666666666666,27.22333333333333,0,-1.0,0.0,-3.5237887821353624,-0.005238095238091489,-1
640,740,2837,2020-12-10,27.75,28.16,27.75,27.85,37000.0,28.334665,27.89000000000001,28.523199999999967,28.47209999999999,26.08707699999996,46.60564136086917,28.513474343155718,27.884999999999987,27.25652565684425,-0.1393759002812231,-0.1866149256178187,Bullish,31.88,19.2668,29142.857142857138,28.090000000000003,28.33,28.500000000000004,27.680000000000003,27.51,27.270000000000003,0,0.0,0.0,0.5448564281037704,-0.006666666666667709,0
641,741,2838,2020-12-11,27.86,28.4,27.71,28.01,35500.0,28.289259,27.890952380952392,28.489799999999978,28.4632,26.11256249999996,48.83212502163803,28.52536389406877,27.899999999999984,27.2746361059312,-0.1241157470131035,-0.1741150898968756,Bullish,31.88,19.2668,30523.809523809527,28.370000000000005,28.73,29.06,27.68000000000001,27.350000000000005,26.99000000000001,-1,1.0,0.0,2.2264836607688565,0.0009523809523805937,1
642,742,2839,2020-12-14,28.87,28.9,28.0,28.63,217000.0,28.307657,27.93476190476192,28.48739999999998,28.4632,26.141193999999963,56.41624467495802,28.61771250349244,27.923499999999986,27.22928749650753,-0.061286672549329,-0.1515494064273663,Bullish,31.88,19.2668,31952.38095238096,29.020000000000003,29.41,29.92,28.120000000000005,27.610000000000007,27.22000000000001,-1,1.0,0.0,7.584119653319995,0.04380952380952863,1
643,743,2840,2020-12-15,28.63,29.0,28.13,28.64,56000.0,28.508112,27.95761904761906,28.488399999999984,28.466899999999992,26.16608149999996,56.528164948340944,28.719382952269157,27.95799999999998,27.1966170477308,-0.0105654697922474,-0.1233526191003425,Bullish,31.88,19.2668,41357.142857142855,29.05,29.46,29.92,28.18,27.72,27.31,1,0.0,1.0,0.11192027338292121,0.022857142857137802,1
644,744,2841,2020-12-16,28.61,29.03,28.61,28.7,323000.0,28.673782,27.99333333333335,28.508199999999984,28.47059999999999,26.194415499999963,57.23771165059185,28.82428324441753,27.997999999999987,27.17171675558244,0.0340800932771721,-0.0918660766248396,Bullish,31.88,19.2668,43166.66666666666,28.950000000000006,29.200000000000006,29.370000000000005,28.53,28.36,28.11,0,0.0,1.0,0.7095467022509041,0.035714285714291805,1
645,745,2842,2020-12-17,28.95,29.45,28.66,28.91,505000.0,28.84775,28.041428571428586,28.511799999999987,28.47969999999999,26.22305899999996,59.71603490231036,28.95909076506815,28.062499999999986,27.165909234931817,0.0854225704024749,-0.0564083472193767,Bullish,31.88,19.2668,58238.09523809524,29.35333333333333,29.796666666666663,30.14333333333333,28.56333333333333,28.216666666666665,27.77333333333333,-1,1.0,1.0,2.478323251718514,0.04809523809523597,1
646,746,2843,2020-12-18,28.91,29.75,28.81,29.6,412500.0,29.04605,28.135714285714297,28.531599999999987,28.49029999999999,26.256077999999963,66.57138811544691,29.25754270987739,28.159999999999986,27.062457290122584,0.1797174163507584,-0.0091831945053496,Bullish,31.88,19.2668,81547.61904761905,29.96333333333333,30.32666666666667,30.903333333333336,29.02333333333333,28.446666666666665,28.08333333333333,-1,1.0,1.0,6.855353213136546,0.09428571428571075,1
647,747,2844,2020-12-21,29.5,29.65,29.1,29.27,29500.0,29.38577,28.21285714285716,28.547399999999985,28.49069999999999,26.288094499999968,61.206681330316,29.386426403093783,28.256999999999987,27.12757359690619,0.2252222966082371,0.0376979037173676,Bullish,31.88,19.2668,98452.38095238096,29.580000000000005,29.89,30.130000000000006,29.03000000000001,28.79000000000001,28.48000000000001,1,-1.0,1.0,-5.364706785130906,0.07714285714286362,-1
648,748,2845,2020-12-22,29.2,29.2,28.6,28.77,19000.0,29.518152,28.28142857142858,28.547999999999984,28.486099999999986,26.320711499999966,54.093784758027724,29.333672010338173,28.345999999999986,27.3583279896618,0.2184215925751154,0.0738426414889172,Bullish,31.88,19.2668,99714.28571428572,29.11333333333333,29.456666666666663,29.71333333333333,28.513333333333332,28.25666666666667,27.91333333333333,1,-1.0,1.0,-7.112896572288278,0.06857142857142051,-1
649,749,2846,2020-12-23,28.75,29.0,28.51,28.85,69000.0,29.465436999999998,28.370000000000008,28.563599999999987,28.48579999999999,26.356689499999966,54.99496860019446,29.38552868406639,28.374499999999987,27.363471315933577,0.2169860370782252,0.1024713206067788,Bullish,31.88,19.2668,99452.38095238096,29.06333333333333,29.276666666666664,29.55333333333333,28.57333333333333,28.29666666666667,28.08333333333333,0,0.0,0.0,0.9011838421667377,0.08857142857142719,1
650,750,2847,2020-12-24,29.0,29.59,29.0,29.1,105000.0,29.43318,28.409047619047627,28.58139999999998,28.491799999999987,26.398081999999967,57.78400174858117,29.47380654538407,28.42649999999999,27.379193454615912,0.2333315587022753,0.1286433682258781,Bullish,31.88,19.2668,101142.85714285713,29.46,29.82,30.05,28.87,28.64,28.28,0,1.0,0.0,2.7890331483867072,0.039047619047618554,1
651,751,2848,2020-12-28,29.0,29.01,28.0,28.46,525000.0,29.452409999999997,28.428095238095256,28.573599999999985,28.492199999999986,26.444047999999967,49.352143850907325,29.478797019485928,28.43199999999999,27.385202980514048,0.1924246989068478,0.1413996343620721,Bullish,31.88,19.2668,99333.33333333331,28.98,29.5,29.99,27.969999999999995,27.48,26.96,0,-1.0,0.0,-8.431857897673844,0.019047619047629638,-1
652,752,2849,2020-12-29,28.8,29.5,28.5,29.19,977500.0,29.224495,28.468095238095252,28.556799999999985,28.500499999999985,26.491997999999967,57.05055030551459,29.550396266368505,28.50449999999999,27.45860373363148,0.2164159090510935,0.1564028892998764,Bullish,31.88,19.2668,121642.85714285714,29.626666666666665,30.06333333333333,30.626666666666665,28.626666666666665,28.06333333333333,27.626666666666665,0,1.0,-1.0,7.698406454607266,0.039999999999995595,1
653,753,2850,2020-12-30,29.0,29.1,29.0,29.0,189500.0,29.280179999999998,28.52809523809525,28.521399999999986,28.510199999999987,26.53562049999997,54.719264881284744,29.601539298512588,28.5455,27.4894607014874,0.2175894678928678,0.1686402050184746,Bullish,31.88,19.2668,166952.38095238095,29.066666666666666,29.13333333333333,29.166666666666664,28.96666666666666,28.93333333333333,28.86666666666666,1,-1.0,0.0,-2.331285424229847,0.05999999999999872,-1
654,754,2851,2020-12-31,29.1,29.15,29.0,29.1,24500.0,29.334465,28.571904761904783,28.486799999999985,28.521499999999985,26.579742999999965,55.74429345398212,29.65356910631881,28.599,27.544430893681184,0.2240064787473308,0.1797134597642459,Bullish,31.88,19.2668,174190.47619047618,29.166666666666664,29.23333333333333,29.316666666666666,29.016666666666666,28.93333333333333,28.86666666666667,0,0.0,0.0,1.025028572697373,0.04380952380953218,1
655,755,2852,2021-01-01,29.1,29.3,28.71,28.96,48500.0,29.383748999999998,28.6161904761905,28.455999999999985,28.53229999999998,26.627375999999966,53.90453615328894,29.67806340560552,28.645,27.61193659439448,0.2153131798014271,0.1868334037716821,Bullish,31.88,19.2668,173547.61904761905,29.27,29.58,29.86,28.68,28.4,28.09,-1,0.0,0.0,-1.8397573006931793,0.04428571428571715,-1
656,756,2853,2021-01-04,29.2,29.5,28.77,28.81,399500.0,29.377298,28.652857142857165,28.415199999999984,28.54809999999998,26.672315499999968,51.92710164284754,29.676912628526768,28.6855,27.69408737147323,0.1940826671822542,0.1882832564537965,Bullish,31.88,19.2668,173547.61904761905,29.28333333333333,29.75666666666667,30.013333333333332,28.55333333333333,28.29666666666667,27.82333333333333,-1,-1.0,0.0,-1.9774345104413982,0.03666666666666529,-1
657,757,2854,2021-01-05,28.95,28.98,28.6,28.74,93000.0,29.369134999999996,28.68809523809526,28.385799999999985,28.57079999999998,26.716442499999967,50.98710008734301,29.65605843449134,28.7255,27.794941565508648,0.1696532608033329,0.1845572573237038,Bearish,31.88,19.2668,191333.33333333328,28.946666666666662,29.15333333333333,29.326666666666654,28.56666666666666,28.39333333333333,28.18666666666666,1,0.0,0.0,-0.94000155550453,0.03523809523809618,-1
658,758,2855,2021-01-06,29.0,29.0,28.0,28.72,1239500.0,29.277298,28.725238095238122,28.355199999999986,28.59329999999998,26.759728999999968,50.704677677227394,29.642823545020903,28.756,27.869176454979087,0.1469846004118338,0.1770427259413298,Bearish,31.88,19.2668,195309.52380952387,29.14666666666667,29.57333333333333,30.14666666666667,28.14666666666667,27.57333333333333,27.14666666666667,0,0.0,0.0,-0.28242241011561475,0.03714285714286092,0
659,759,2856,2021-01-07,28.99,28.99,28.5,28.8,253000.0,29.212326,28.75809523809525,28.316399999999987,28.61919999999998,26.806561999999968,51.85348804688695,29.578842744197914,28.805499999999995,28.032157255802087,0.1339309821516927,0.1684203771834024,Bearish,31.88,19.2668,253309.52380952387,29.026666666666664,29.25333333333333,29.516666666666666,28.536666666666665,28.27333333333333,28.04666666666667,0,0.0,0.0,1.1488103696595573,0.03285714285712871,1
660,760,2857,2021-01-08,28.9,29.06,28.75,28.82,287000.0,29.176111,28.8061904761905,28.292799999999986,28.646399999999986,26.851551499999967,52.15369155575553,29.49125662021111,28.854,28.216743379788884,0.1237729509546952,0.1594908919376609,Bearish,31.88,19.2668,265095.2380952381,29.00333333333333,29.186666666666664,29.31333333333333,28.69333333333333,28.566666666666666,28.38333333333333,-1,0.0,0.0,0.3002035088685773,0.04809523809525018,0
661,761,2858,2021-01-11,29.5,29.5,28.75,28.93,32500.0,29.169783000000002,28.85761904761907,28.271799999999985,28.673399999999987,26.898016499999965,53.85779763978079,29.40628055463659,28.899999999999995,28.39371944536339,0.1231787903193861,0.152228471614006,Bearish,31.88,19.2668,278357.14285714284,29.370000000000005,29.81,30.120000000000005,28.620000000000005,28.31,27.870000000000005,1,0.0,0.0,1.7041060840252626,0.051428571428569825,1
662,762,2859,2021-01-12,28.9,29.05,28.8,29.0,47000.0,29.211699,28.90476190476193,28.295799999999986,28.703599999999987,26.93752099999997,54.95721716065098,29.41081189301351,28.918499999999995,28.42618810698648,0.1268935785359488,0.1471614929983946,Bearish,31.88,19.2668,278142.85714285716,29.1,29.2,29.35,28.85,28.7,28.6,0,0.0,0.0,1.0994195208701854,0.04714285714285893,1
663,763,2860,2021-01-13,29.05,29.05,28.52,28.65,43500.0,29.275108000000003,28.905714285714307,28.325999999999986,28.727599999999985,26.971989999999966,48.70807023421461,29.41019853420274,28.919,28.42780146579725,0.1004377165570602,0.1378167377101277,Bearish,31.88,19.2668,278690.4761904762,28.96,29.27,29.49,28.43,28.21,27.899999999999995,0,-1.0,0.0,-6.249146926436367,0.000952380952377041,-1
664,764,2861,2021-01-14,28.65,29.1,28.65,28.71,153000.0,29.224682,28.90904761904764,28.344399999999986,28.75269999999999,27.007175499999967,49.76267658965906,29.40982540215955,28.919499999999992,28.429174597840444,0.0833519247894791,0.126923775125998,Bearish,31.88,19.2668,270428.5714285714,28.99000000000001,29.27000000000001,29.44000000000001,28.54000000000001,28.37,28.090000000000003,0,0.0,0.0,1.0546063554444487,0.0033333333333338544,1
665,765,2862,2021-01-15,28.95,29.06,28.75,29.0,220500.0,29.187140999999997,28.92333333333336,28.36939999999999,28.77589999999999,27.043440999999966,54.619396349533694,29.415544504600057,28.924,28.43245549539993,0.0921496443471916,0.1199689489702367,Bearish,31.88,19.2668,275047.61904761905,29.12333333333333,29.246666666666666,29.43333333333333,28.813333333333336,28.62666666666667,28.503333333333334,-1,1.0,0.0,4.856719759874636,0.014285714285719564,1
666,766,2863,2021-01-18,28.99,29.28,28.8,29.0,10565000.0,29.242105,28.92761904761907,28.39239999999999,28.78749999999999,27.081001999999966,54.619396349533694,29.278416440858766,28.893999999999995,28.50958355914123,0.0979923061733494,0.1155736204108592,Bearish,31.88,19.2668,270166.66666666674,29.25333333333333,29.50666666666667,29.73333333333333,28.77333333333333,28.54666666666667,28.29333333333333,1,0.0,0.0,0.0,0.004285714285710895,0
667,767,2864,2021-01-19,28.83,29.0,28.75,28.99,1698000.0,29.278709999999997,28.898571428571447,28.419199999999986,28.802199999999985,27.117170999999967,54.40903837946477,29.227217511082845,28.879999999999995,28.532782488917146,0.1006554479895882,0.11258998592660499,Bearish,31.88,19.2668,749214.2857142857,29.07666666666666,29.16333333333333,29.32666666666666,28.82666666666666,28.66333333333333,28.57666666666666,-1,0.0,0.0,-0.21035797006892665,-0.029047619047624096,0
668,768,2865,2021-01-20,28.75,28.9,28.71,28.75,19500.0,29.303071999999997,28.873809523809552,28.435799999999986,28.815599999999986,27.153296999999966,49.48334834135457,29.227591451417734,28.879,28.53040854858227,0.0824495853329132,0.1065619058078667,Bearish,31.88,19.2668,810428.5714285716,28.86333333333333,28.976666666666667,29.05333333333333,28.67333333333333,28.59666666666667,28.48333333333333,0,-1.0,0.0,-4.925690038110197,-0.024761904761895437,-1
669,769,2866,2021-01-21,28.51,29.0,28.51,28.77,60500.0,29.284613,28.873809523809552,28.451399999999985,28.830699999999986,27.191327499999968,49.89046589775572,29.22665323829438,28.875,28.523346761705607,0.0688415780055144,0.0990178402473962,Bearish,31.88,19.2668,809952.380952381,29.01,29.25,29.5,28.520000000000003,28.270000000000003,28.030000000000005,1,0.0,0.0,0.4071175564011469,0.0,0
670,770,2867,2021-01-22,28.7,28.85,28.2,28.49,38500.0,29.260275,28.856666666666694,28.461399999999987,28.84189999999998,27.227680499999966,44.4852390868396,29.217942097255666,28.8445,28.47105790274432,0.0350593320594825,0.0862261386098135,Bearish,31.88,19.2668,811928.5714285716,28.82666666666667,29.163333333333334,29.47666666666668,28.17666666666667,27.86333333333333,27.52666666666667,-1,-1.0,0.0,-5.405226810916119,-0.017142857142857792,-1
671,771,2868,2021-01-25,28.89,30.2,28.89,30.16,1895500.0,29.13425,28.907142857142876,28.510399999999986,28.86479999999998,27.272105499999967,67.26508256680364,29.583028117224625,28.92949999999999,28.275971882775348,0.1414115971210314,0.0972632303120571,Bullish,31.88,19.2668,810476.1904761904,30.61,31.06,31.92,29.3,28.44,27.99,-1,1.0,-1.0,22.779843479964043,0.050476190476182126,1
672,772,2869,2021-01-26,30.01,30.25,29.5,29.62,222500.0,29.51581,28.96238095238097,28.539599999999986,28.87719999999998,27.316051499999965,58.855214531133406,29.66306460381348,28.950999999999986,28.23893539618649,0.1800475700653123,0.1138200982627081,Bullish,31.88,19.2668,895738.0952380953,30.080000000000005,30.540000000000006,30.830000000000005,29.330000000000005,29.040000000000006,28.580000000000005,1,-1.0,1.0,-8.409868035670236,0.0552380952380922,-1
673,773,2870,2021-01-27,29.16,29.9,29.16,29.51,188500.0,29.705528,28.977619047619058,28.57079999999998,28.887199999999982,27.355745999999968,57.28406704622665,29.72912939087161,28.97649999999999,28.22387060912837,0.1994911663029626,0.130954311870759,Bullish,31.88,19.2668,881333.3333333335,29.88666666666666,30.263333333333332,30.62666666666665,29.14666666666666,28.78333333333333,28.406666666666666,-1,0.0,1.0,-1.5711474849067528,0.0152380952380895,0
674,774,2871,2021-01-28,29.11,30.6,29.11,30.5,999000.0,29.8232,29.049047619047638,28.62279999999998,28.898599999999977,27.400020499999968,66.06446019293078,30.050497509959268,29.04649999999999,28.042502490040704,0.2914257084686085,0.1630485911903289,Bullish,31.88,19.2668,843761.9047619047,31.03000000000001,31.56000000000001,32.52000000000001,29.54000000000001,28.58,28.050000000000004,-1,1.0,1.0,8.780393146704128,0.07142857142858006,1
675,775,2872,2021-01-29,30.5,30.5,29.76,29.84,34000.0,30.221847999999998,29.08428571428573,28.66719999999998,28.893999999999977,27.444279999999967,57.56867157530849,30.15101826952907,29.090499999999984,28.029981730470897,0.3074835325759544,0.191935579467454,Bullish,31.88,19.2668,882309.5238095238,30.30666666666667,30.77333333333333,31.04666666666667,29.56666666666667,29.293333333333337,28.82666666666667,1,-1.0,1.0,-8.495788617622289,0.035238095238092626,-1
676,776,2873,2021-02-01,29.99,30.07,29.6,29.88,173500.0,30.359609999999996,29.12809523809525,28.711799999999982,28.893299999999986,27.488415499999977,57.921849208873475,30.249520691802864,29.14399999999999,28.038479308197108,0.3197512462489378,0.2174987128237508,Bullish,31.88,19.2668,882761.9047619047,30.10000000000001,30.320000000000004,30.57000000000001,29.63000000000001,29.38000000000001,29.16000000000001,1,0.0,1.0,0.35317763356498233,0.04380952380951797,1
677,777,2874,2021-02-02,29.36,29.85,29.36,29.68,8500.0,30.318321,29.169523809523827,28.758799999999987,28.871299999999977,27.52923749999998,55.43721393004966,30.30372458407458,29.190999999999985,28.07827541592539,0.3097643980297739,0.2359518498649554,Bullish,31.88,19.2668,888714.2857142857,29.9,30.12,30.39,29.41,29.14,28.919999999999995,1,-1.0,0.0,-2.4846352788238164,0.04142857142857892,-1
678,778,2875,2021-02-03,29.97,30.0,29.6,29.83,71500.0,30.290033,29.221428571428586,28.815599999999986,28.854499999999977,27.57099449999998,56.9294800869574,30.370391008952275,29.24649999999999,28.1226089910477,0.3103756776525976,0.2508366154224838,Bullish,31.88,19.2668,870095.2380952381,30.020000000000003,30.21,30.42,29.620000000000005,29.410000000000004,29.22000000000001,1,1.0,0.0,1.4922661569077391,0.051904761904758345,1
679,779,2876,2021-02-04,30.0,30.04,29.76,30.01,90000.0,30.295536,29.28285714285716,28.850199999999987,28.840999999999976,27.61550249999998,58.716054382662755,30.458175051850663,29.30699999999999,28.15582494814932,0.3216765300334145,0.26500459834467,Bullish,31.88,19.2668,869071.4285714284,30.11333333333333,30.216666666666665,30.39333333333333,29.833333333333336,29.65666666666667,29.55333333333333,0,1.0,0.0,1.786574295705357,0.06142857142857494,1
680,780,2877,2021-02-08,29.5,29.97,28.72,29.0,51500.0,30.277303999999997,29.292380952380967,28.868999999999986,28.829599999999967,27.654081499999982,46.948282776453354,30.45454995498877,29.315999999999985,28.17745004501119,0.24629484423453,0.261262647522642,Bearish,31.88,19.2668,814333.3333333335,29.74,30.48,30.99,28.49,27.98,27.24,0,-1.0,0.0,-11.7677716062094,0.009523809523805937,-1
681,781,2878,2021-02-09,29.5,29.79,29.1,29.36,137000.0,30.028395,29.31809523809525,28.88919999999998,28.830599999999976,27.693303499999978,50.73806815728427,30.4622377472122,29.33749999999999,28.21276225278778,0.2131462887597948,0.2516393757700725,Bearish,31.88,19.2668,804738.0952380953,29.73333333333333,30.106666666666666,30.42333333333333,29.043333333333337,28.72666666666667,28.35333333333334,1,1.0,-1.0,3.7897853808309137,0.025714285714283136,1
682,782,2879,2021-02-10,29.88,29.88,29.1,29.39,10000.0,29.913595,29.34000000000001,28.922199999999986,28.830799999999968,27.73017699999998,51.05186944190546,30.47112925641677,29.356999999999992,28.242870743583204,0.1871393431455743,0.2387393692451729,Bearish,31.88,19.2668,797595.2380952381,29.81333333333333,30.236666666666665,30.59333333333333,29.03333333333333,28.67666666666667,28.253333333333334,1,0.0,-1.0,0.31380128462119217,0.02190476190476076,0
683,783,2880,2021-02-11,29.39,29.39,28.5,28.79,81500.0,29.861563,29.33000000000001,28.934399999999986,28.826599999999967,27.764050499999986,44.89255619043212,30.461914386463647,29.36399999999999,28.26608561353633,0.1167676411042855,0.2143450236169954,Bearish,31.88,19.2668,796523.8095238096,29.28666666666667,29.78333333333333,30.17666666666667,28.39666666666667,28.00333333333333,27.50666666666667,0,-1.0,0.0,-6.159313251473343,-0.010000000000001563,-1
684,784,2881,2021-02-12,28.85,29.0,28.55,28.55,53000.0,29.619534,29.32523809523811,28.944799999999987,28.819599999999976,27.79912999999998,42.674688294456814,30.474988829258372,29.355999999999987,28.237011170741592,0.0411571321989505,0.1797074453333864,Bearish,31.88,19.2668,798166.6666666665,28.85,29.15,29.3,28.4,28.25,27.95,1,-1.0,-1.0,-2.217867895975303,-0.004761904761899416,-1
685,785,2882,2021-02-15,28.99,29.0,28.95,28.97,52000.0,29.344820000000002,29.337619047619057,28.963399999999986,28.816599999999976,27.835892999999984,47.55747409578702,30.4754723457808,29.354499999999987,28.23352765421917,0.0149533758520483,0.1467566314371188,Bearish,31.88,19.2668,798619.0476190477,28.996666666666666,29.02333333333333,29.04666666666667,28.946666666666665,28.92333333333333,28.896666666666665,0,1.0,-1.0,4.882785801330208,0.012380952380947718,1
686,786,2883,2021-02-16,28.55,28.99,28.0,28.84,397000.0,29.333871999999996,29.33000000000001,28.980199999999986,28.810599999999976,27.870571999999985,46.24448846490171,30.4796950405841,29.346499999999985,28.21330495941587,-0.0161174118938376,0.1141818227709275,Bearish,31.88,19.2668,793809.5238095238,29.22,29.6,30.21,28.23,27.62,27.24,-1,0.0,0.0,-1.312985630885315,-0.0076190476190483025,0
687,787,2884,2021-02-17,28.51,28.84,28.5,28.78,820500.0,29.260427000000004,29.319523809523826,28.996999999999982,28.80409999999998,27.908929999999987,45.6184879919337,30.4859808694082,29.335999999999984,28.18601913059177,-0.0450632722429631,0.0823328037681493,Bearish,31.88,19.2668,802214.2857142857,28.91333333333333,29.04666666666667,29.25333333333333,28.57333333333333,28.36666666666667,28.23333333333333,0,0.0,0.0,-0.6260004729680091,-0.010476190476182978,-1
688,788,2885,2021-02-18,28.4,28.76,28.4,28.67,89500.0,29.184523,29.304285714285733,29.008199999999984,28.79619999999998,27.950485999999987,44.43100622925922,30.49063022574304,29.331999999999987,28.17336977425693,-0.0760030400692848,0.0506656350006625,Bearish,31.88,19.2668,338190.4761904762,28.82000000000001,28.97000000000001,29.18000000000001,28.460000000000004,28.25,28.1,1,0.0,0.0,-1.18748176267448,-0.015238095238093052,-1
689,789,2886,2021-02-19,28.5,28.8,28.5,28.75,119500.0,29.15277,29.304285714285733,29.026999999999987,28.789399999999986,27.994847999999987,45.54129352023944,30.49160156815577,29.33099999999998,28.170398431844195,-0.0929957010150381,0.0219333677975224,Bearish,31.88,19.2668,261595.23809523808,28.86666666666667,28.98333333333333,29.16666666666667,28.566666666666666,28.38333333333333,28.266666666666666,1,0.0,0.0,1.1102872909802244,0.0,1
690,790,2887,2021-02-22,28.3,28.9,28.3,28.75,50000.0,29.162703000000004,29.303333333333345,29.04499999999999,28.78409999999998,28.037960499999986,45.54129352023945,30.47199645389749,29.343999999999987,28.21600354610248,-0.1052492592943075,-0.0035031576208435,Bearish,31.88,19.2668,266357.14285714284,29.000000000000004,29.25,29.6,28.40000000000001,28.050000000000004,27.800000000000008,0,0.0,0.0,7.105427357601002e-15,-0.0009523809523876992,0
691,791,2888,2021-02-23,28.3,29.0,28.3,28.89,79500.0,29.136602000000003,29.32238095238096,29.06259999999999,28.77619999999998,28.07751649999999,47.66362816566186,30.35952687640552,29.280499999999986,28.20147312359445,-0.1024821125410895,-0.0232989486048927,Bearish,31.88,19.2668,265857.14285714284,29.16,29.43,29.86,28.46,28.03,27.76,0,0.0,0.0,2.122334645422413,0.019047619047615427,1
692,792,2889,2021-02-24,28.94,28.94,28.4,28.47,110000.0,29.168570000000003,29.24190476190477,29.059399999999986,28.773399999999977,28.10937349999999,42.333510855144475,30.345231705132424,29.222999999999985,28.10076829486755,-0.1326505062524923,-0.0451692601344126,Bearish,31.88,19.2668,267809.5238095238,28.80666666666667,29.14333333333333,29.346666666666675,28.26666666666667,28.06333333333333,27.72666666666667,0,-1.0,0.0,-5.330117310517387,-0.08047619047619037,-1
693,793,2890,2021-02-25,28.5,28.54,28.15,28.51,60500.0,29.081915000000002,29.189047619047628,29.056799999999985,28.77259999999998,28.13671099999999,42.987417525401405,30.32825062216135,29.172999999999984,28.017749377838623,-0.1515841422799155,-0.0664522365635132,Bearish,31.88,19.2668,182785.7142857143,28.64999999999999,28.79,29.039999999999992,28.25999999999999,28.009999999999994,27.86999999999999,0,0.0,0.0,0.6539066702569301,-0.05285714285714249,0
694,794,2891,2021-02-26,28.7,28.7,28.4,28.41,36500.0,29.023363,29.13666666666668,29.050999999999984,28.779599999999977,28.1580425,41.71392043666963,30.09571516733591,29.068499999999986,28.04128483266405,-0.1726679409648746,-0.0876953774437855,Bearish,31.88,19.2668,175071.42857142858,28.606666666666666,28.80333333333333,28.906666666666666,28.30666666666666,28.20333333333333,28.00666666666666,1,0.0,0.0,-1.273497088731773,-0.052380952380946866,-1
695,795,2892,2021-03-01,28.41,28.5,28.28,28.46,22500.0,28.944077000000004,29.03952380952382,29.041999999999987,28.776899999999976,28.174025499999992,42.62909302669664,29.99505964161105,28.999499999999987,28.00394035838892,-0.1832302568466524,-0.1068023533243589,Bearish,31.88,19.2668,167833.33333333337,28.54666666666668,28.633333333333336,28.76666666666668,28.326666666666675,28.19333333333334,28.10666666666668,0,0.0,0.0,0.9151725900270051,-0.09714285714285964,1
696,796,2893,2021-03-02,28.35,29.6,28.0,29.5,819500.0,28.888294000000002,29.023333333333344,29.039999999999985,28.785799999999977,28.196504,57.5568304238515,29.92110565594948,28.980499999999985,28.039894344050488,-0.1064545184993654,-0.1067327863593602,Bullish,31.88,19.2668,121333.33333333331,30.066666666666666,30.63333333333333,31.666666666666664,28.46666666666666,27.43333333333333,26.86666666666666,-1,1.0,0.0,14.927737397154864,-0.0161904761904772,1
697,797,2894,2021-03-03,29.06,30.08,29.06,29.93,404000.0,29.144407,29.025714285714287,29.05319999999999,28.800299999999968,28.2211325,61.96361031159083,29.97613986797625,28.992999999999984,28.00986013202372,-0.010787435537825001,-0.0875437161950531,Bullish,31.88,19.2668,158738.09523809527,30.32,30.71,31.34,29.3,28.67,28.28,1,1.0,1.0,4.406779887739326,0.0023809523809426025,1
698,798,2895,2021-03-04,28.5,29.12,28.5,29.0,177500.0,29.535381,28.99333333333335,29.05779999999999,28.802899999999976,28.241111,49.89695807796606,29.85680160720335,28.95149999999998,28.046198392796608,-0.0098996932114019,-0.0720149115983229,Bullish,31.88,19.2668,169714.2857142857,29.24666666666667,29.493333333333336,29.86666666666667,28.62666666666667,28.25333333333333,28.00666666666667,0,-1.0,1.0,-12.066652233624765,-0.032380952380936634,-1
699,799,2896,2021-03-05,28.72,29.0,28.7,29.0,52500.0,29.5759,28.953809523809532,29.06079999999999,28.812199999999976,28.261089500000004,49.89695807796606,29.66634698013736,28.900999999999986,28.135653019862605,-0.0090913515800288,-0.0594301995946641,Bullish,31.88,19.2668,177761.90476190476,29.100000000000005,29.200000000000006,29.40000000000001,28.800000000000004,28.6,28.500000000000004,-1,0.0,0.0,0.0,-0.03952380952381773,0
700,800,2897,2021-03-08,29.0,29.0,28.4,28.46,82500.0,29.599897,28.88000000000001,29.04799999999999,28.814699999999966,28.278368000000004,44.11215552369409,29.661258534412,28.873999999999985,28.08674146558797,-0.051431353417782995,-0.0578304303592879,Bullish,31.88,19.2668,176857.1428571429,28.840000000000003,29.22,29.440000000000005,28.24,28.02,27.64,1,-1.0,0.0,-5.78480255427197,-0.07380952380952266,-1
701,801,2898,2021-03-09,28.7,29.3,28.7,28.82,917000.0,29.44625,28.871428571428584,29.055199999999992,28.814399999999967,28.29744650000001,48.4065548258121,29.602118533744026,28.84699999999999,28.091881466255952,-0.0552996585223724,-0.0573242759919048,Bullish,31.88,19.2668,176500.0,29.180000000000003,29.540000000000006,29.780000000000005,28.58,28.34,27.98,-1,1.0,-1.0,4.294399302118009,-0.008571428571425344,1
702,802,2899,2021-03-10,28.99,29.08,28.9,29.0,1034500.0,29.310679999999998,28.85428571428573,29.05139999999999,28.804099999999977,28.31404700000001,50.456428338528326,29.54471335738027,28.827499999999986,28.110286642619705,-0.0433412119972231,-0.0545276631929684,Bullish,31.88,19.2668,217714.2857142857,29.08666666666666,29.17333333333333,29.26666666666666,28.90666666666666,28.81333333333333,28.72666666666666,1,1.0,-1.0,2.049873512716225,-0.01714285714285424,1
703,803,2900,2021-03-11,28.8,29.02,28.5,28.56,631500.0,29.24067,28.81476190476192,29.04259999999999,28.781999999999968,28.323959500000004,45.67880285114399,29.542564518817862,28.815999999999985,28.089435481182104,-0.0685778568906592,-0.0573377019325066,Bearish,31.88,19.2668,260452.3809523809,28.886666666666667,29.21333333333333,29.406666666666666,28.366666666666664,28.17333333333333,27.846666666666664,-1,-1.0,0.0,-4.777625487384334,-0.03952380952381063,-1
704,804,2901,2021-03-12,28.6,28.97,28.6,28.88,198500.0,29.140657,28.819047619047627,29.0382,28.762499999999967,28.33625850000001,49.42920118487933,29.54907169913681,28.83249999999999,28.115928300863168,-0.0620415774551368,-0.0582784770370326,Bearish,31.88,19.2668,290047.61904761905,29.033333333333324,29.18666666666666,29.40333333333332,28.66333333333333,28.446666666666665,28.29333333333333,1,1.0,0.0,3.7503983337353404,0.004285714285707343,1
705,805,2902,2021-03-15,29.0,29.0,28.4,28.5,88500.0,29.154978000000003,28.81666666666668,29.029,28.742499999999982,28.35133100000001,45.41901889304688,29.536733467696,28.80899999999999,28.081266532303967,-0.0865269245930626,-0.0639281665482386,Bearish,31.88,19.2668,295619.04761904763,28.866666666666674,29.23333333333333,29.46666666666668,28.26666666666668,28.03333333333333,27.66666666666667,-1,-1.0,0.0,-4.01018229183245,-0.0023809523809461552,-1
706,806,2903,2021-03-16,28.5,28.89,28.5,28.71,22500.0,29.108683000000003,28.804285714285733,29.027,28.721099999999982,28.36810100000001,47.93300800720183,29.531331256193162,28.80249999999999,28.073668743806817,-0.0879724025547616,-0.0687370137495432,Bearish,31.88,19.2668,297309.5238095238,28.9,29.09,29.29,28.51,28.31,28.12,0,1.0,0.0,2.5139891141549455,-0.012380952380947718,1
707,807,2904,2021-03-17,28.6,28.8,28.6,28.75,144000.0,29.085079999999998,28.800000000000008,29.0272,28.706499999999977,28.38752350000001,48.420341096737566,29.530133732592788,28.80099999999999,28.07186626740719,-0.0849114818403684,-0.0719719073677083,Bearish,31.88,19.2668,295904.7619047619,28.833333333333336,28.91666666666667,29.03333333333333,28.633333333333336,28.51666666666667,28.433333333333334,0,0.0,0.0,0.4873330895357384,-0.004285714285725106,0
708,808,2905,2021-03-18,28.42,28.94,28.01,28.48,359000.0,29.077247999999997,28.785714285714306,29.0224,28.68879999999998,28.40383750000001,45.33578276816412,29.532074776780977,28.791499999999992,28.050925223219014,-0.103084133909256,-0.0781943526760178,Bearish,31.88,19.2668,283857.14285714284,28.94333333333334,29.40666666666667,29.87333333333334,28.01333333333334,27.54666666666667,27.08333333333334,0,-1.0,0.0,-3.0845583285734435,-0.0142857142857018,-1
709,809,2906,2021-03-19,28.24,28.9,28.24,28.89,9500.0,29.02429,28.796190476190485,29.0242,28.67029999999998,28.41984200000001,50.49322696333461,29.54001938612844,28.79849999999999,28.05698061387154,-0.0834406660554307,-0.0792436153519004,Bearish,31.88,19.2668,261880.9523809524,29.11333333333333,29.336666666666666,29.77333333333333,28.45333333333333,28.016666666666666,27.79333333333333,1,1.0,0.0,5.157444195170484,0.010476190476179426,1
710,810,2907,2021-03-22,28.35,29.0,28.34,28.53,171000.0,29.07429,28.785714285714306,29.0184,28.655599999999986,28.43349100000001,46.357474829265634,29.53804313667161,28.78749999999999,28.03695686332836,-0.0958175426251664,-0.0825584008065536,Bearish,31.88,19.2668,258071.42857142852,28.90666666666667,29.28333333333333,29.56666666666667,28.24666666666667,27.96333333333333,27.58666666666667,1,-1.0,0.0,-4.135752134068973,-0.010476190476179426,-1
711,811,2908,2021-03-24,28.92,28.92,28.45,28.67,26000.0,29.05053,28.781904761904773,29.0132,28.64249999999998,28.44830300000001,48.13654484487309,29.527160375939,28.77649999999999,28.025839624060982,-0.0932544967168347,-0.0846976199886098,Bearish,31.88,19.2668,260523.8095238096,28.91000000000001,29.15000000000001,29.38000000000001,28.440000000000005,28.21,27.97,-1,0.0,0.0,1.7790700156074593,-0.003809523809533033,1
712,812,2909,2021-03-25,28.78,29.0,28.7,28.95,40500.0,29.041279,28.78476190476192,29.0122,28.653999999999982,28.46354300000001,51.59430574365058,29.54105317162559,28.80049999999999,28.059946828374386,-0.0678475006722258,-0.081327596125333,Bullish,31.88,19.4334,259380.9523809524,29.06666666666668,29.183333333333334,29.366666666666674,28.76666666666668,28.583333333333336,28.46666666666667,0,1.0,0.0,3.4577608987774866,0.002857142857145334,1
713,813,2910,2021-03-26,29.0,30.5,28.63,29.77,3608500.0,29.124128000000002,28.84666666666668,29.0346,28.680299999999978,28.48524300000001,60.00416591939671,29.70233907873012,28.86349999999999,28.02466092126986,0.0182445617635451,-0.0614131645475574,Bullish,31.88,19.4334,257523.8095238096,30.63666666666666,31.50333333333333,32.50666666666666,28.76666666666666,27.763333333333332,26.896666666666654,-1,1.0,0.0,8.409860175746132,0.06190476190475991,1
714,814,2911,2021-03-29,29.9,30.0,29.1,29.17,174000.0,29.451778000000004,28.87809523809525,29.0438,28.69409999999998,28.505423500000013,52.7785941216319,29.723406929040536,28.90149999999999,28.07959307095944,0.0376244447344404,-0.0416056426911578,Bullish,31.88,19.4334,424119.0476190476,29.74666666666667,30.32333333333333,30.64666666666667,28.84666666666667,28.523333333333333,27.94666666666668,1,-1.0,1.0,-7.225571797764815,0.03142857142857025,-1
715,815,2912,2021-03-30,28.99,29.25,28.99,29.1,222500.0,29.522959000000004,28.910952380952395,29.0458,28.707599999999967,28.522801500000014,51.991985515708215,29.73370684826149,28.93349999999999,28.133293151738485,0.0467952995437244,-0.0239254542441813,Bullish,31.88,19.4334,429523.8095238095,29.236666666666668,29.37333333333333,29.49666666666667,28.97666666666667,28.85333333333333,28.716666666666665,0,0.0,0.0,-0.7866086059236821,0.03285714285714647,-1
716,816,2913,2021-03-31,29.24,29.61,29.1,29.38,551000.0,29.573534000000002,28.95476190476192,29.0534,28.72289999999998,28.541950000000018,54.888231242324416,29.71227703840293,28.92749999999999,28.142722961597038,0.0757833447698708,-0.0039836944413709,Bullish,31.88,19.4334,438380.9523809524,29.626666666666665,29.87333333333333,30.136666666666667,29.11666666666667,28.85333333333333,28.60666666666667,1,1.0,0.0,2.8962457266162005,0.043809523809525075,1
717,817,2914,2021-04-01,29.2,30.0,29.1,29.49,3558500.0,29.685501000000002,28.95428571428573,29.0634,28.741299999999978,28.565350000000013,56.01098681135003,29.595586226499748,28.90549999999999,28.215413773500234,0.1064060771291615,0.0180942598727355,Bullish,31.88,19.4334,463547.61904761905,29.96,30.43,30.86,29.06,28.630000000000006,28.160000000000004,0,0.0,1.0,1.122755569025614,-0.0004761904761885205,1
718,818,2915,2021-04-02,29.5,29.5,29.2,29.26,5071000.0,29.770521000000002,28.922380952380966,29.073599999999995,28.754699999999982,28.582900000000013,53.03858753672989,29.62482216445838,28.91849999999999,28.212177835541603,0.1108380631413794,0.0366430205264643,Bullish,31.88,19.4334,593976.1904761904,29.44000000000001,29.620000000000005,29.74000000000001,29.14000000000001,29.020000000000003,28.84000000000001,-1,-1.0,0.0,-2.9723992746201375,-0.03190476190476588,-1
719,819,2916,2021-04-05,29.25,29.35,29.23,29.25,565500.0,29.705982000000002,28.934285714285732,29.0832,28.76729999999998,28.60105000000002,52.90712411711103,29.651358244212233,28.93099999999999,28.210641755787748,0.1122495842262623,0.0517643332664239,Bullish,31.88,19.4334,816214.2857142857,29.32333333333333,29.39666666666667,29.44333333333333,29.20333333333333,29.156666666666666,29.08333333333333,-1,0.0,0.0,-0.13146341961886066,0.011904761904766303,0
720,820,2917,2021-04-06,29.25,29.27,29.16,29.25,51000.0,29.704086,28.946190476190488,29.0984,28.779899999999987,28.616750000000017,52.907124117111024,29.669541486612268,28.97049999999999,28.27145851338771,0.1120762792730971,0.0638267224677585,Bullish,31.88,19.637,834690.4761904762,29.29333333333333,29.336666666666666,29.403333333333325,29.18333333333333,29.116666666666664,29.07333333333333,-1,0.0,0.0,-7.105427357601002e-15,0.011904761904755645,0
721,821,2918,2021-04-07,29.02,29.25,29.02,29.16,18500.0,29.706042999999998,28.979523809523826,29.0784,28.794399999999985,28.63230000000002,51.572847239868565,29.687610705536127,28.987499999999986,28.28738929446383,0.1034837893038265,0.0717581358349721,Bullish,31.88,19.637,834619.0476190477,29.266666666666666,29.37333333333333,29.496666666666666,29.03666666666666,28.91333333333333,28.80666666666666,1,0.0,0.0,-1.3342768772424591,0.033333333333338544,-1
722,822,2919,2021-04-08,29.1,29.35,29.03,29.06,299000.0,29.652508,28.990952380952393,29.0672,28.803399999999986,28.64750000000002,50.06212960490287,29.69131309919764,28.99049999999998,28.289686900802327,0.0875952710737273,0.0749255628827232,Bullish,31.88,19.8776,831571.4285714284,29.263333333333332,29.466666666666665,29.58333333333333,28.94333333333333,28.826666666666664,28.62333333333333,1,0.0,0.0,-1.510717634965694,0.011428571428567125,-1
723,823,2920,2021-04-09,29.25,29.25,28.95,29.02,317500.0,29.57217,28.99190476190477,29.0574,28.814099999999986,28.661200000000022,49.43829374092578,29.68590687087945,29.013499999999986,28.341093129120512,0.0709578819068568,0.0741320266875499,Bearish,31.88,19.8776,802142.8571428572,29.19666666666667,29.37333333333333,29.49666666666667,28.89666666666667,28.77333333333333,28.59666666666667,1,0.0,0.0,-0.6238358639770922,0.000952380952377041,0
724,824,2921,2021-04-12,29.02,29.1,28.9,29.0,232000.0,29.515959000000002,29.01285714285716,29.0274,28.825099999999985,28.672750000000025,49.1087790040235,29.68917081465868,29.019499999999987,28.349829185341292,0.055518811968059995,0.0704093837436519,Bearish,31.88,19.8776,768000.0,29.1,29.200000000000006,29.300000000000004,28.9,28.8,28.7,0,0.0,0.0,-0.32951473690227573,0.020952380952390826,0
725,825,2922,2021-04-13,29.0,29.1,29.0,29.0,99000.0,29.465304999999997,29.018571428571445,29.0106,28.838899999999985,28.684100000000022,49.1087790040235,29.670646149078372,29.04449999999998,28.418353850921587,0.0427899815377443,0.0648855033024704,Bearish,31.88,19.8776,748976.1904761904,29.066666666666666,29.13333333333333,29.166666666666664,28.96666666666666,28.93333333333333,28.86666666666666,1,0.0,0.0,0.0,0.005714285714283562,0
726,826,2923,2021-04-14,29.04,29.15,28.91,29.0,97500.0,29.425534999999996,29.042380952380967,28.993000000000002,28.852399999999985,28.688000000000024,49.1087790040235,29.666647924382488,29.05899999999998,28.451352075617475,0.0323296160263844,0.0583743258472532,Bearish,31.88,19.8776,744238.0952380953,29.13,29.26,29.37,28.89,28.78,28.65,1,0.0,0.0,0.0,0.02380952380952195,0
727,827,2924,2021-04-15,29.04,29.3,29.0,29.19,256500.0,29.403557,29.065238095238108,28.9832,28.870999999999984,28.697500000000023,52.83850229558421,29.673989038689772,29.08099999999998,28.488010961310195,0.0389224394459581,0.0544839485669942,Bearish,31.88,19.8776,744666.6666666665,29.326666666666675,29.46333333333334,29.62666666666668,29.026666666666674,28.863333333333333,28.72666666666668,0,1.0,0.0,3.7297232915607097,0.022857142857141355,1
728,828,2925,2021-04-16,27.4,27.43,26.69,27.05,117000.0,29.451376,28.98428571428572,28.9276,28.87159999999999,28.695750000000025,27.97238145798202,30.050623911936945,29.00949999999998,27.96837608806302,-0.1270680543358118,0.018173547986433,Bearish,31.88,19.8776,755809.5238095238,27.423333333333336,27.79666666666667,28.16333333333333,26.683333333333334,26.31666666666667,25.94333333333334,0,-1.0,0.0,-24.866120837602192,-0.08095238095238955,-1
729,829,2926,2021-04-19,27.49,27.49,26.8,27.0,72000.0,28.87213,28.913809523809533,28.8674,28.85879999999999,28.691500000000023,27.6450290754698,30.276242079869128,28.91499999999998,27.553757920130835,-0.2596581214943398,-0.0373927859097215,Bearish,31.88,19.8776,754523.8095238096,27.39333333333333,27.78666666666666,28.083333333333325,26.70333333333333,26.406666666666666,26.013333333333332,-1,0.0,-1.0,-0.32735238251222043,-0.07047619047618525,0
730,830,2927,2021-04-20,27.0,27.26,26.84,26.9,30500.0,28.352457,28.819047619047627,28.8254,28.84719999999999,28.684500000000018,26.96534556576498,30.44868141396155,28.83349999999998,27.218318586038407,-0.3685573693080641,-0.10362570258939,Bearish,31.88,19.8776,740857.1428571428,27.16,27.42,27.58,26.74,26.58,26.32,1,0.0,-1.0,-0.6796835097048195,-0.09476190476190638,-1
731,831,2928,2021-04-21,26.83,27.0,26.6,26.64,43500.0,27.918806,28.729047619047627,28.771000000000004,28.83009999999999,28.677650000000018,25.22858254245747,30.6093768934358,28.73199999999998,26.854623106564173,-0.4704179495688692,-0.1769841519852859,Bearish,31.88,19.8776,741857.1428571428,26.89333333333333,27.14666666666667,27.293333333333337,26.49333333333334,26.34666666666667,26.09333333333334,0,-1.0,-1.0,-1.7367630233075104,-0.08999999999999986,-1
732,832,2929,2021-04-22,26.41,26.88,26.41,26.6,23500.0,27.479554999999998,28.630476190476198,28.7152,28.81869999999999,28.670300000000022,24.9622103172844,30.70469113958672,28.614499999999985,26.52430886041325,-0.5480532423707096,-0.2511979700623706,Bearish,31.88,19.8776,735785.7142857143,26.85,27.1,27.32,26.38,26.16,25.91,0,0.0,-1.0,-0.2663722251730718,-0.09857142857142875,0
733,833,2930,2021-04-23,26.6,26.6,26.2,26.33,85000.0,27.124968,28.505714285714298,28.666,28.80019999999999,28.662400000000034,23.182897682063324,30.68466747813497,28.442499999999985,26.200332521865004,-0.6241714547667883,-0.3257926670032541,Bearish,31.88,19.8776,735666.6666666665,26.55333333333333,26.77666666666667,26.95333333333333,26.15333333333333,25.976666666666667,25.75333333333333,1,-1.0,-1.0,-1.7793126352210749,-0.12476190476190041,-1
734,834,2931,2021-04-26,26.0,26.5,26.0,26.4,34000.0,26.96257,28.345238095238106,28.623,28.783899999999992,28.654400000000024,24.68185003414775,30.687085395030078,28.303999999999984,25.92091460496989,-0.6711111202649498,-0.3948563576555933,Bearish,31.88,19.8776,737785.7142857143,26.6,26.8,27.1,26.1,25.8,25.6,-1,0.0,-1.0,1.4989523520844266,-0.16047619047619222,0
735,835,2932,2021-04-27,26.85,27.1,26.01,26.1,100500.0,26.852596000000002,28.19904761904764,28.5656,28.76449999999999,28.643150000000023,22.64262747593236,30.690512566498704,28.153999999999986,25.617487433501267,-0.7241708454243074,-0.4607192552093361,Bearish,31.88,19.8776,567571.4285714285,26.79666666666667,27.493333333333336,27.88666666666667,25.70666666666667,25.313333333333336,24.61666666666667,-1,-1.0,0.0,-2.039222558215389,-0.14619047619046555,-1
736,836,2933,2021-04-28,26.25,26.25,26.0,26.04,42000.0,26.693438,28.053333333333345,28.5096,28.74489999999999,28.628850000000025,22.2467433918646,30.616738390031482,27.986999999999984,25.35726160996849,-0.7622755207437564,-0.5210305083162201,Bearish,31.88,19.8776,564071.4285714285,26.19333333333333,26.346666666666664,26.44333333333333,25.94333333333333,25.846666666666664,25.69333333333333,0,0.0,-1.0,-0.39588408406775955,-0.1457142857142948,0
737,837,2934,2021-04-29,26.1,26.25,25.9,26.1,39500.0,26.565222,27.897142857142875,28.456,28.72649999999999,28.614400000000032,23.68369855965991,30.474745754537157,27.817499999999985,25.16025424546281,-0.7786563857861317,-0.5725556838102024,Bearish,31.88,19.8776,555476.1904761904,26.266666666666666,26.43333333333333,26.61666666666667,25.916666666666664,25.73333333333333,25.566666666666666,1,0.0,-1.0,1.4369551677953076,-0.15619047619047066,1
738,838,2935,2021-04-30,26.05,26.2,25.9,26.03,119500.0,26.488459000000002,27.732380952380968,28.4032,28.70569999999999,28.599750000000025,23.146250193718373,30.33545815418081,27.655999999999985,24.97654184581916,-0.7882008653972647,-0.6156847201276149,Bearish,31.88,19.8776,531119.0476190476,26.18666666666667,26.34333333333333,26.486666666666668,25.88666666666667,25.74333333333333,25.586666666666666,1,0.0,0.0,-0.5374483659415361,-0.16476190476190666,0
739,839,2936,2021-05-03,26.03,26.23,26.0,26.12,25500.0,26.430666,27.582857142857154,28.3506,28.688799999999986,28.586150000000025,25.48748826676001,30.15378314239568,27.499499999999987,24.845216857604278,-0.7795169008145635,-0.6484511562650046,Bearish,31.88,19.8776,367357.1428571429,26.23333333333333,26.346666666666664,26.46333333333333,26.00333333333333,25.886666666666667,25.77333333333333,1,0.0,0.0,2.3412380730416373,-0.1495238095238136,1
740,840,2937,2021-05-04,26.2,26.3,26.0,26.07,31000.0,26.407290999999997,27.43142857142859,28.297,28.67099999999999,28.571550000000023,25.031266999297586,29.936639248962948,27.340499999999984,24.744360751037025,-0.7678184453629946,-0.6723246140846026,Bearish,31.88,19.8776,127095.23809523806,26.24666666666667,26.423333333333336,26.54666666666667,25.94666666666667,25.82333333333333,25.64666666666667,1,0.0,0.0,-0.45622126746242486,-0.15142857142856414,0
741,841,2938,2021-05-05,26.59,26.6,26.0,26.01,122000.0,26.404697,27.277142857142874,28.2394,28.65099999999999,28.557100000000034,24.465333301776013,29.699474518052174,27.182999999999986,24.666525481947797,-0.7546892458455225,-0.6887975404367866,Bearish,31.88,19.8776,101642.85714285713,26.406666666666666,26.80333333333333,27.00666666666667,25.806666666666665,25.60333333333333,25.206666666666663,0,0.0,0.0,-0.5659336975215723,-0.15428571428571658,0
