,Unnamed: 0,Date,Predicted Price,Original Price,21 SMA,50 SMA,100 SMA,200 SMA,RSI,21-avg volume,Upper BBand,Middle BBand,Lower BBand,52-week high,52-week low,MACD,MACD Signal,MACD Trend,Score,Close,Label,Diff,RSI change,21 SMA change,Pred
580,580,2019-10-28,16.307322,16.25,17.132380952380984,16.564400000000056,16.55541799999997,17.73155300000008,41.11359133664307,129707.66666666669,18.509812284746047,17.121500000000033,15.73318771525402,23.4164,14.5774,-0.1132686003760064,0.07839030640995043,Bearish,-0.125,16.25,0.0,0.0,1.4210854715202004e-14,-0.031904761904762324,0
581,581,2019-10-29,16.316801,16.23,17.07904761904765,16.567000000000053,16.543299999999974,17.71234700000008,40.8387212536525,124874.33333333331,18.518680963312235,17.077000000000037,15.635319036687832,23.4164,14.5774,-0.13979024622888406,0.034754195882183536,Bearish,-0.19047619047619047,16.23,0.0,0.0,-0.27487008299056725,-0.053333333333334565,0
582,582,2019-10-30,16.70225,16.22,17.03619047619051,16.562000000000058,16.532499999999974,17.693814000000078,40.692231162417386,96945.76190476194,18.51168269401068,17.025500000000033,15.539317305989393,23.4164,14.5774,-0.15977398305117418,-0.004151439904488012,Bearish,0.0,16.22,0.0,1.0,-0.14649009123511547,-0.04285714285714093,0
583,583,2019-10-31,16.689235999999998,16.3,16.990952380952415,16.562200000000058,16.52139999999997,17.674958000000082,42.47011860934372,90231.47619047617,18.510032493886467,16.990500000000033,15.4709675061136,23.4164,14.5774,-0.16722820440138975,-0.03676679280386836,Bearish,-0.2,16.3,0.0,0.0,1.7778874469263357,-0.04523809523809419,1
584,584,2019-11-01,16.446348,16.26,16.955714285714322,16.570800000000055,16.51409999999997,17.654771500000074,41.795471606804036,95612.42857142855,18.515283844970547,16.965000000000035,15.414716155029526,23.4164,14.5774,-0.17435355498174232,-0.06428414523944315,Bearish,0.0,16.26,0.0,-1.0,-0.674647002539686,-0.035238095238092626,0
585,585,2019-11-04,16.299973,16.26,16.931428571428608,16.573000000000054,16.512099999999975,17.633952500000078,41.795471606804036,99302.90476190476,18.474990025495472,16.908500000000036,15.342009974504599,23.4074,14.5774,-0.17794915951071744,-0.08701714809369801,Bearish,-0.6666666666666666,16.26,0.0,0.0,0.0,-0.024285714285714022,0
586,586,2019-11-05,16.269209,16.25,16.87714285714289,16.575200000000056,16.50969999999997,17.60802050000008,41.60385371516699,111541.0,18.293163504474013,16.813000000000034,15.332836495526061,23.4074,14.5774,-0.17953603873414892,-0.1055209262217882,Bearish,0.0,16.25,0.0,0.0,-0.19161789163704412,-0.05428571428571871,0
587,587,2019-11-06,16.326447,16.36,16.791428571428607,16.582600000000056,16.50829999999997,17.581372500000082,44.612006092599756,114738.23809523805,18.117807845368905,16.731000000000037,15.344192154631154,23.4074,14.5774,-0.16995839665867507,-0.11840842030916555,Bearish,0.0,16.36,0.0,0.0,3.008152377432765,-0.08571428571428186,1
588,588,2019-11-07,16.746641,16.35,16.712857142857178,16.597400000000054,16.51569999999997,17.555804500000082,44.38814704177126,125309.66666666669,17.887208567139663,16.643500000000035,15.399791432860406,23.4074,14.5774,-0.16131541900229251,-0.12698982004779094,Bearish,0.6666666666666666,16.35,0.0,1.0,-0.22385905082849433,-0.07857142857142918,0
589,589,2019-11-08,16.771624,16.4,16.631904761904792,16.616400000000056,16.52049999999997,17.530215500000082,45.851220937096365,129452.52380952385,17.626737303455855,16.561000000000032,15.495262696544213,23.4074,14.5774,-0.1487168989694858,-0.13133523583212994,Bearish,-0.3333333333333333,16.4,0.0,0.0,1.4630738953251026,-0.080952380952386,1
590,590,2019-11-11,16.528423,17.4,16.60095238095241,16.642800000000054,16.53959999999997,17.50876750000008,65.43654389012424,126047.76190476195,17.554075393994573,16.546000000000028,15.537924606005491,23.4074,14.5774,-0.05737940436863196,-0.11654406953943035,Bullish,-0.5,17.4,1.0,-1.0,19.585322953027877,-0.03095238095238173,1
591,591,2019-11-12,16.735418,18.06,16.61809523809527,16.684000000000054,16.565099999999973,17.490619500000086,72.50499800398413,227571.57142857145,17.69864284807969,16.571500000000032,15.444357151920373,23.326,14.5774,0.06748477977014034,-0.07973829967751621,Bullish,-0.060606060606060615,18.06,1.0,1.0,7.068454113859886,0.017142857142857792,1
592,592,2019-11-13,17.112116,18.0,16.63952380952384,16.723600000000054,16.580699999999975,17.47212650000008,71.08182451375666,287428.5714285714,17.701665437188147,16.572000000000028,15.442334562811912,23.2718,14.5774,0.15975746216068387,-0.03183914730987618,Bullish,0.10344827586206896,18.0,0.0,1.0,-1.4231734902274695,0.02142857142857224,0
593,593,2019-11-14,17.766302,17.99,16.63952380952384,16.763400000000054,16.586499999999972,17.454035500000078,70.83227626183263,300523.80952380947,17.900023473953894,16.622000000000032,15.343976526046164,23.2718,14.5774,0.2294325556329256,0.020415193278684164,Bullish,-0.08,17.99,0.0,1.0,-0.24954825192402552,0.0,0
594,594,2019-11-15,18.059862,18.13,16.693809523809552,16.801800000000053,16.59369999999997,17.438091000000078,72.29853759255786,311904.7619047619,18.13501913695601,16.69800000000003,15.260980863044047,23.2718,14.5774,0.29257477922932296,0.07484711046881193,Bullish,0.16666666666666666,18.13,1.0,1.0,1.4662613307252315,0.054285714285711606,1
595,595,2019-11-18,18.429989000000006,19.12,16.813333333333357,16.860000000000053,16.613799999999973,17.426599000000078,79.96749014286087,295714.2857142857,18.60713272844796,16.82900000000003,15.050867271552095,23.2266,14.5774,0.417685355787988,0.14341475953264715,Bullish,-0.15384615384615385,19.12,1.0,1.0,7.668952550303004,0.11952380952380537,1
596,596,2019-11-19,18.537485,19.2,16.941904761904787,16.919800000000052,16.63149999999997,17.420480000000072,80.43875952149504,326523.80952380947,19.010176809606172,16.97400000000003,14.937823190393882,23.2266,14.5774,0.5173282820856571,0.2181974640432492,Bullish,0.07142857142857142,19.2,0.0,0.0,0.47126937863417595,0.1285714285714299,0
597,597,2019-11-20,18.743505,18.82,17.06190476190479,16.974200000000053,16.64359999999997,17.414450000000073,71.79848697356122,351714.2857142857,19.258857005462048,17.10500000000003,14.951142994538007,23.2266,14.5774,0.5591872325230227,0.28639541773920385,Bullish,0.0,18.82,-1.0,1.0,-8.640272547933819,0.120000000000001,-1
598,598,2019-11-21,18.713264000000002,18.41,17.167142857142885,17.01440000000005,16.65169999999997,17.406957500000075,63.83169629252815,363261.9047619047,19.400885737413606,17.21300000000003,15.025114262586467,23.2266,14.5774,0.5529036497315225,0.3396970641376676,Bullish,0.0,18.41,-1.0,0.0,-7.966790681033075,0.10523809523809646,-1
599,599,2019-11-22,18.73339,18.94,17.295238095238126,17.066400000000055,16.665099999999974,17.401753500000073,68.67108170160296,376428.5714285714,19.61146002614387,17.347500000000032,15.083539973856196,23.2266,14.5774,0.5839589207668823,0.3885494354635105,Bullish,0.08333333333333333,18.94,1.0,0.0,4.839385409074808,0.12809523809524137,1
600,600,2019-11-25,19.325888,18.88,17.42047619047622,17.124000000000052,16.67989999999997,17.396701500000074,67.56886057890597,377214.2857142858,19.77794671534108,17.479000000000028,15.18005328465898,23.2266,14.5774,0.5968488462701771,0.4302093176248438,Bullish,-0.03571428571428571,18.88,0.0,1.0,-1.1022211226969887,0.12523809523809248,0
601,601,2019-11-26,19.193949,18.47,17.526190476190507,17.173200000000055,16.692399999999974,17.390277500000074,60.43094339423926,377952.38095238095,19.85360822945062,17.59100000000003,15.328391770549436,23.2266,14.5774,0.5674395417924707,0.4576553624583692,Bullish,0.09090909090909093,18.47,-1.0,0.0,-7.137917184666712,0.10571428571428854,-1
602,602,2019-11-27,18.934792,18.58,17.638095238095264,17.219800000000056,16.702199999999973,17.380290000000073,61.60291391752808,381809.5238095239,19.918840718236954,17.709000000000024,15.4991592817631,23.2266,14.5774,0.5467064452154382,0.475465579009783,Bullish,0.14285714285714285,18.58,0.0,-1.0,1.1719705232888202,0.11190476190475707,0
603,603,2019-11-28,18.65042,18.72,17.757142857142888,17.265000000000054,16.715399999999974,17.373534000000074,63.100863610536784,382785.7142857143,19.98225463177052,17.83000000000003,15.677745368229544,23.2266,14.5774,0.5354003844190096,0.4874525400916283,Bullish,0.0,18.72,1.0,-1.0,1.4979496930087066,0.11904761904762395,0
604,604,2019-11-29,18.682878,19.11,17.890952380952413,17.318400000000054,16.73509999999997,17.367597500000073,66.96692876990639,375761.9047619047,20.066700324700907,17.972500000000032,15.878299675299154,22.874000000000002,14.5774,0.5515520418073478,0.5002724404347723,Bullish,0.1153846153846154,19.11,1.0,0.0,3.8660651593696045,0.13380952380952493,1
605,605,2019-12-02,18.90023,19.15,18.02857142857146,17.37720000000005,16.76059999999997,17.365703500000073,67.34483574507482,377309.5238095239,20.115230216961432,18.11700000000003,16.118769783038626,22.8288,14.5774,0.5611118640710586,0.5124403251620295,Bullish,0.0,19.15,0.0,1.0,0.37790697516842897,0.1376190476190473,0
606,606,2019-12-03,19.25205,19.25,18.17095238095241,17.44020000000005,16.778799999999976,17.369192000000073,68.32058406494788,373666.66666666674,20.127785855486234,18.26700000000003,16.406214144513832,22.8288,14.5774,0.5701845240888304,0.5239891649473897,Bullish,0.3,19.25,0.0,1.0,0.9757483198730625,0.14238095238095028,0
607,607,2019-12-04,19.482307000000002,19.74,18.33714285714289,17.51300000000005,16.80219999999997,17.371695000000074,72.63534450249914,377476.1904761905,20.183826078297813,18.436000000000032,16.688173921702244,22.8288,14.5774,0.6098832232584357,0.5411679766095989,Bullish,0.0,19.74,1.0,1.0,4.314760437551257,0.16619047619047933,1
608,608,2019-12-05,19.46482,19.88,18.504761904761935,17.58360000000005,16.83409999999997,17.375440000000072,73.73601367900126,418452.38095238095,20.186359904812907,18.61250000000004,17.03864009518715,22.8288,14.5774,0.6452040476989112,0.5619751908274614,Bullish,0.0,19.88,1.0,0.0,1.100669176502123,0.1676190476190449,0
609,609,2019-12-06,19.587593,19.49,18.654285714285745,17.63500000000005,16.859199999999973,17.372534000000073,65.7965495074536,426380.9523809524,20.014607310004717,18.76700000000003,17.51939268999535,22.8288,14.5774,0.6344131945089835,0.5764627915637658,Bullish,-0.4,19.49,-1.0,0.0,-7.939464171547655,0.14952380952381006,-1
610,610,2019-12-09,19.514826,19.53,18.803333333333367,17.67860000000005,16.885499999999976,17.368019500000074,66.19855032152758,431309.5238095239,19.99325488388206,18.873500000000032,17.753745116117997,22.8288,14.5774,0.6219199255481129,0.5855542183606353,Bullish,0.0,19.53,0.0,0.0,0.4020008140739719,0.14904761904762154,0
611,611,2019-12-10,19.61369,19.55,18.90571428571432,17.72720000000005,16.910999999999973,17.361797000000074,66.41112287303909,435500.0,20.039248825876946,18.948000000000032,17.85675117412312,22.214000000000002,14.5774,0.6066397868973112,0.5897713320679705,Bullish,-0.043478260869565216,19.55,0.0,0.0,0.21257255151151355,0.10238095238095468,0
612,612,2019-12-11,20.068693,19.6,18.97904761904765,17.77420000000005,16.937999999999967,17.356909500000082,66.97036556527326,336261.9047619048,20.06265163218223,19.02800000000003,17.993348367817827,21.6986,14.5774,0.5917434983601026,0.590165765326397,Bullish,0.0,19.6,0.0,1.0,0.5592426922341645,0.07333333333332703,0
613,613,2019-12-12,19.932651999999997,19.56,19.05333333333337,17.825400000000048,16.966499999999968,17.35326850000008,66.02330712922428,292952.3809523809,20.048291378160254,19.106500000000032,18.16470862183981,21.6986,14.5774,0.5701382181858214,0.5861602558982819,Bearish,0.04166666666666666,19.56,0.0,0.0,-0.9470584360489767,0.07428571428572184,0
614,614,2019-12-13,19.78526,19.49,19.12476190476195,17.87980000000005,16.994899999999966,17.34765000000008,64.30938457858947,287571.4285714286,20.015439355707237,19.17450000000003,18.33356064429282,21.6986,14.5774,0.5411296571582724,0.57715413615028,Bearish,0.0,19.49,0.0,0.0,-1.7139225506348055,0.07142857142858006,-1
615,615,2019-12-16,19.570248,19.57,19.193333333333367,17.92340000000005,17.023099999999964,17.342703000000082,65.41439389553899,290095.2380952381,20.054813499530848,19.19700000000003,18.33918650046921,21.6986,14.5774,0.5186171987217776,0.5654467486645796,Bearish,-0.10344827586206896,19.57,0.0,-1.0,1.1050093169495199,0.06857142857141696,0
616,616,2019-12-17,19.520364999999998,19.35,19.20428571428575,17.94720000000005,17.049499999999963,17.337288500000078,59.92021677297879,326404.7619047619,20.06490629935929,19.20450000000003,18.344093700640773,21.6986,14.5774,0.4775192076536214,0.5478612404623879,Bearish,-0.0625,19.35,-1.0,0.0,-5.4941771225602025,0.010952380952382157,-1
617,617,2019-12-18,19.494993,19.25,19.206666666666703,17.972200000000054,17.071999999999964,17.33141950000008,57.55393552056856,296285.71428571426,20.068197126554487,19.226000000000035,18.383802873445585,21.6986,14.5774,0.4319009045927729,0.524669173288465,Bearish,-0.5,19.25,0.0,0.0,-2.366281252410232,0.0023809523809532607,-1
618,618,2019-12-19,19.885376,18.76,19.20380952380956,17.985400000000052,17.089299999999966,17.32282900000008,47.628668658611964,281071.4285714286,20.02984025712585,19.243500000000036,18.45715974287421,21.6986,14.5774,0.35214980214233194,0.4901652990592384,Bearish,0.16216216216216214,18.76,-1.0,1.0,-9.925266861956594,-0.002857142857141781,-1
619,619,2019-12-20,19.518562,19.43,19.25238095238099,18.01300000000005,17.113599999999963,17.31912550000008,58.2345689650335,284190.4761904762,20.045472829092354,19.26800000000004,18.490527170907715,21.6986,14.5774,0.33910093495589066,0.4599524262385688,Bearish,0.0,19.43,1.0,-1.0,10.605900306421539,0.048571428571428044,1
620,620,2019-12-23,19.495188,18.65,19.238571428571465,18.03200000000005,17.131099999999964,17.309623500000082,46.44284670330453,277761.9047619048,20.062856620842922,19.25650000000003,18.450143379157144,21.6986,14.5774,0.262790843172148,0.42052010962528463,Bearish,0.0,18.65,-1.0,0.0,-11.791722261728971,-0.013809523809523938,-1
621,621,2019-12-24,19.074032,18.99,19.24380952380956,18.06080000000005,17.161199999999965,17.301188500000073,51.09172052687896,273690.4761904762,20.015981424425163,19.282500000000034,18.549018575574905,21.6986,14.5774,0.22713147390371805,0.3818423824809713,Bearish,-0.3,18.99,1.0,-1.0,4.6488738235744265,0.005238095238095042,1
622,622,2019-12-25,18.982885,18.99,19.268571428571466,18.08080000000005,17.200899999999965,17.292753500000074,51.09172052687894,274714.2857142857,19.977332262298802,19.30300000000004,18.628667737701267,21.6986,14.5774,0.196604828762883,0.3447948717373536,Bearish,0.0,18.99,0.0,0.0,-2.1316282072803006e-14,0.024761904761906095,0
623,623,2019-12-26,19.00777,19.37,19.306190476190515,18.12840000000005,17.248799999999964,17.286535000000075,56.038031849865675,271404.7619047619,19.954708365557508,19.335500000000035,18.71629163444256,21.6986,14.5774,0.2007608209885774,0.3159880615875984,Bearish,-0.10714285714285714,19.37,1.0,0.0,4.9463113229867375,0.03761904761904944,1
624,624,2019-12-27,19.509565,18.77,19.30857142857147,18.17160000000005,17.289299999999965,17.276774000000074,47.815265158245964,277666.66666666674,19.9788415782582,19.31850000000004,18.65815842174187,21.6986,14.5774,0.15386581978661695,0.2835636132274021,Bearish,0.0,18.77,-1.0,1.0,-8.22276669161971,0.0023809523809532607,-1
625,625,2019-12-30,19.391289,19.51,19.327619047619084,18.23180000000005,17.337199999999964,17.274920000000073,56.32692105047279,275809.5238095238,19.99711410821773,19.336500000000036,18.675885891782343,21.6986,14.5774,0.17440260437440713,0.2617314114568031,Bearish,0.0,19.51,1.0,0.0,8.511655892226827,0.019047619047615427,1
626,626,2019-12-31,19.37043,19.2,19.330000000000037,18.28980000000005,17.381999999999962,17.274494000000075,52.46622963555354,275000.0,19.99628090715084,19.334000000000035,18.67171909284923,21.6986,14.5774,0.16377583897310902,0.2421402969600643,Bearish,0.0,19.2,-1.0,0.0,-3.860691414919252,0.0023809523809532607,-1
627,627,2020-01-01,19.239174,19.31,19.332857142857183,18.35200000000005,17.427899999999962,17.274901500000073,53.67944664637734,280952.3809523809,19.94804307483954,19.31250000000004,18.67695692516053,21.6986,14.5774,0.1623585630721145,0.2261839501824744,Bearish,-0.25,19.31,0.0,0.0,1.2132170108238043,0.002857142857145334,1
628,628,2020-01-02,19.256557,19.82,19.336666666666694,18.42340000000005,17.478899999999964,17.273085000000073,58.91520426846043,263619.04761904763,19.9347831358484,19.309500000000035,18.684216864151672,21.6986,14.5774,0.2000816823739342,0.2209634966207663,Bearish,0.0,19.82,1.0,0.0,5.235757622083085,0.0038095238095117168,1
629,629,2020-01-03,19.556601999999998,19.48,19.317619047619086,18.48800000000005,17.523699999999963,17.267488500000074,54.49298928819865,257714.2857142857,19.933720737591557,19.309000000000037,18.68427926240852,21.6986,14.5774,0.200234192569102,0.21681763581043345,Bearish,0.0,19.48,-1.0,1.0,-4.422214980261778,-0.019047619047608322,-1
630,630,2020-01-06,19.904885999999998,18.98,19.29333333333337,18.54260000000005,17.553499999999964,17.264166000000078,48.70340287485529,232666.66666666663,19.913268153658247,19.281500000000037,18.649731846341826,21.6986,14.5774,0.15818576958732322,0.2050912625658114,Bearish,0.0,18.98,-1.0,1.0,-5.789586413343358,-0.024285714285717575,-1
631,631,2020-01-07,19.712623999999998,19.01,19.268571428571466,18.59820000000005,17.582599999999964,17.25995350000008,49.05315481947831,231809.5238095239,19.884213426867454,19.254500000000032,18.62478657313261,21.6986,14.5774,0.12583232400801234,0.1892394748542516,Bearish,-0.2222222222222222,19.01,0.0,-1.0,0.34975194462301573,-0.024761904761902542,0
632,632,2020-01-08,19.513596,18.89,19.23714285714289,18.65160000000005,17.606799999999964,17.259395500000082,47.653530944564025,226690.4761904761,19.846850300611134,19.21900000000003,18.591149699388925,21.6986,14.5774,0.08947754671358865,0.16928708922611904,Bearish,0.0,18.89,0.0,-1.0,-1.3996238749142833,-0.031428571428577357,-1
633,633,2020-01-09,19.17124,18.75,19.196666666666697,18.70060000000005,17.631399999999964,17.260170000000073,46.004326310642995,225261.9047619048,19.817539122415106,19.17850000000003,18.53946087758496,21.6986,14.5774,0.048806680779627236,0.14519100753682065,Bearish,0.42857142857142855,18.75,-1.0,-1.0,-1.6492046339210304,-0.04047619047619122,-1
634,634,2020-01-10,18.976534,19.01,19.170476190476226,18.75560000000005,17.663199999999964,17.260684500000078,49.49977378090412,217809.52380952387,19.78086969912129,19.15450000000003,18.52813030087877,21.6986,14.5774,0.03712658147775017,0.12357812232500652,Bearish,0.07692307692307693,19.01,1.0,-1.0,3.4954474702611265,-0.026190476190471657,1
635,635,2020-01-13,18.960176,18.99,19.146666666666697,18.81020000000005,17.691599999999966,17.265778500000078,49.235736298049204,211571.42857142846,19.725382488473546,19.12550000000003,18.52561751152652,21.6986,14.5774,0.025956969985077905,0.1040538918570208,Bearish,-0.5,18.99,0.0,0.0,-0.264037482854917,-0.023809523809529054,0
636,636,2020-01-14,19.370048999999998,18.72,19.10619047619052,18.85960000000005,17.717399999999962,17.27174400000008,45.69230597082756,199857.1428571429,19.709382807671386,19.09400000000003,18.478617192328674,21.6986,14.5774,-0.00462841759448196,0.08231742996672026,Bearish,-0.16666666666666666,18.72,-1.0,1.0,-3.5434303272216425,-0.04047619047617701,-1
637,637,2020-01-15,19.254818,18.67,19.073809523809558,18.90580000000005,17.744199999999964,17.28105200000008,45.045776300465576,170452.38095238095,19.702510784204907,19.06500000000003,18.42748921579516,21.6986,14.5774,-0.03252718658023568,0.059348506657329075,Bearish,0.0,18.67,0.0,0.0,-0.6465296703619856,-0.0323809523809615,0
638,638,2020-01-16,19.042309,18.74,19.049523809523844,18.95360000000005,17.775499999999965,17.288583000000074,46.19364360783244,167761.90476190473,19.703481039576285,19.064000000000032,18.42451896042377,21.6986,14.5774,-0.04843047069636342,0.03779271118659057,Bearish,0.0,18.74,0.0,-1.0,1.147867307366866,-0.024285714285714022,0
639,639,2020-01-17,18.821167000000006,18.34,19.02952380952384,18.99240000000005,17.804399999999966,17.292223000000078,40.932227784983795,158595.2380952381,19.69877425599521,19.009500000000028,18.32022574400484,21.6986,14.5774,-0.09224722639195093,0.01178472367088227,Bearish,0.0,18.34,-1.0,-1.0,-5.261415822848647,-0.020000000000003126,-1
640,640,2020-01-20,18.644335,17.85,18.95428571428575,19.00140000000005,17.822099999999963,17.29171150000008,35.585219807830136,149214.2857142857,19.81314625286738,18.969500000000032,18.125853747132684,21.6986,14.5774,-0.16461366203502334,-0.023494953470298854,Bearish,0.0,17.85,-1.0,0.0,-5.347007977153659,-0.07523809523809177,-1
641,641,2020-01-21,18.27153,18.3,18.937619047619084,19.00620000000005,17.845099999999963,17.29363900000008,42.955144516115396,149071.42857142858,19.827490896299434,18.93500000000003,18.042509103700628,21.6986,14.5774,-0.18353763683190394,-0.05550349014261989,Bearish,0.26666666666666666,18.3,1.0,-1.0,7.369924708285261,-0.01666666666666572,1
642,642,2020-01-22,18.816515,18.14,18.89714285714289,19.00900000000005,17.866299999999963,17.29930450000008,41.15227807114178,150261.90476190473,19.849116433047925,18.89250000000003,17.935883566952135,21.6986,14.5774,-0.2090360485749656,-0.08621000182908903,Bearish,0.4,18.14,-1.0,1.0,-1.802866444973617,-0.04047619047619477,-1
643,643,2020-01-23,18.580227,18.09,18.854285714285744,19.01100000000005,17.887199999999964,17.30410550000008,40.57910530941263,148428.57142857142,19.819424315968696,18.828500000000027,17.837575684031357,21.6986,14.5774,-0.2306198634896149,-0.11509197416119415,Bearish,-0.4,18.09,0.0,-1.0,-0.5731727617291469,-0.04285714285714448,0
644,644,2020-01-24,18.371716,18.25,18.800952380952413,19.01340000000005,17.907599999999963,17.309328000000082,43.30058382963525,146333.33333333337,19.824984718701188,18.80250000000003,17.780015281298873,21.6986,14.5774,-0.2321385804342561,-0.13850129541580658,Bearish,-0.2,18.25,1.0,-1.0,2.721478520222618,-0.05333333333333101,1
645,645,2020-01-27,18.177814,18.01,18.764761904761933,18.99120000000005,17.925599999999964,17.31420150000008,40.317693119359774,137333.33333333337,19.751450682395312,18.727500000000028,17.703549317604747,21.6986,14.5774,-0.2498283036195552,-0.1607666970565563,Bearish,0.0,18.01,-1.0,-1.0,-2.982890710275477,-0.036190476190480325,-1
646,646,2020-01-28,18.14226,18.0,18.69285714285717,18.96720000000005,17.94349999999996,17.32290100000008,40.19345000856904,134595.2380952381,19.71405386864578,18.667500000000032,17.620946131354273,21.6986,14.5774,-0.2616384479542546,-0.180941047236096,Bearish,0.2,18.0,0.0,0.0,-0.12424311079073647,-0.07190476190476147,0
647,647,2020-01-29,18.102612,17.5,18.6119047619048,18.94080000000005,17.957499999999964,17.32886400000008,34.47322351907734,126738.09523809525,19.696180056995946,18.57700000000003,17.457819943004115,21.6986,14.5774,-0.307795815191362,-0.2063120008271492,Bearish,0.2,17.5,-1.0,0.0,-5.720226489491701,-0.08095238095237178,-1
648,648,2020-01-30,18.440355,17.9,18.544761904761934,18.93060000000005,17.972499999999965,17.336874500000082,41.63007118523894,121285.71428571428,19.48017766186869,18.48100000000003,17.48182233813137,21.6986,14.5774,-0.30854251812423783,-0.2267581042865669,Bearish,0.0,17.9,1.0,1.0,7.156847666161603,-0.06714285714286561,1
649,649,2020-01-31,18.241734,17.5,18.434285714285746,18.90180000000005,17.984099999999966,17.339670500000082,37.24880177164558,118833.33333333331,19.357717172124143,18.382000000000023,17.40628282787591,21.6986,14.5774,-0.3375202196457323,-0.2489105273584,Bearish,0.0,17.5,-1.0,-1.0,-4.381269413593358,-0.11047619047618795,-1
650,650,2020-02-03,17.986784,16.76,18.304761904761936,18.85940000000005,17.991699999999963,17.336639500000082,30.792372844256054,84571.42857142858,19.43607338823703,18.271000000000022,17.10592661176302,21.6986,14.5774,-0.4154085018104823,-0.2822101222488164,Bearish,0.0,16.76,-1.0,-1.0,-6.456428927389528,-0.12952380952381048,-1
651,651,2020-02-04,17.426397,17.05,18.21285714285717,18.83100000000005,18.002099999999963,17.331655500000082,35.509997890919344,82523.80952380953,19.40097556978061,18.173000000000027,16.945024430219444,21.6986,14.5774,-0.4485641815485586,-0.3154809341087649,Bearish,0.0,17.05,1.0,-1.0,4.71762504666329,-0.0919047619047646,1
652,652,2020-02-05,17.211674,17.05,18.11952380952384,18.800400000000046,18.010099999999962,17.326671500000085,35.509997890919344,75761.90476190476,19.355156976191708,18.081000000000028,16.806843023808348,21.6986,14.5774,-0.4694290111832515,-0.3462705495236622,Bearish,0.0,17.05,0.0,-1.0,0.0,-0.09333333333333016,0
653,653,2020-02-06,17.140202,16.75,18.01761904761908,18.76100000000005,18.012999999999963,17.319100000000084,32.82544075864038,77023.80952380953,19.340513148144407,17.98100000000003,16.621486851855654,21.6082,14.5774,-0.5043581054989374,-0.3778880607187173,Bearish,0.0,16.75,-1.0,0.0,-2.684557132278961,-0.10190476190476261,-1
654,654,2020-02-07,17.485819,16.34,17.902857142857176,18.705600000000047,18.01199999999996,17.312078500000087,29.538732570378478,78500.0,19.297946482976123,17.847500000000032,16.397053517023938,21.4184,14.5774,-0.5586830870226365,-0.4140470659795011,Bearish,-0.09090909090909093,16.34,-1.0,1.0,-3.2867081882619047,-0.1147619047619024,-1
655,655,2020-02-10,17.150492,16.07,17.762857142857175,18.644000000000048,18.01059999999996,17.30569200000009,27.580276699136,76095.23809523809,19.247259036841776,17.701500000000028,16.15574096315828,21.4184,14.5774,-0.6164170971962193,-0.4545210722228448,Bearish,-0.25,16.07,-1.0,-1.0,-1.958455871242478,-0.14000000000000057,-1
656,656,2020-02-11,16.79809,16.03,17.621904761904787,18.57960000000005,18.009899999999963,17.30071300000009,27.291586772067053,80380.95238095237,19.200500535652946,17.567000000000025,15.933499464347102,20.7945,14.5774,-0.6578164829767026,-0.4951801543736163,Bearish,0.0,16.03,0.0,-1.0,-0.2886899270689476,-0.14095238095238827,0
657,657,2020-02-12,16.354366,16.03,17.493809523809553,18.505400000000048,18.00919999999996,17.300460500000092,27.291586772067053,83095.23809523809,19.116600428157227,17.435000000000027,15.753399571842824,20.7945,14.5774,-0.6827554150499964,-0.5326952065088923,Bearish,0.0,16.03,0.0,-1.0,0.0,-0.12809523809523427,0
658,658,2020-02-13,16.219912,15.79,17.356666666666698,18.423600000000047,18.003599999999963,17.29943350000009,25.438701344805175,78904.76190476191,19.00253790044949,17.287500000000026,15.572462099550565,20.7945,14.5774,-0.7136590750498719,-0.5688879802170883,Bearish,0.0,15.79,-1.0,0.0,-1.852885427261878,-0.13714285714285523,-1
659,659,2020-02-14,16.016320999999998,16.04,17.228095238095268,18.354600000000048,17.994799999999962,17.30206700000009,30.7154863721255,98690.47619047617,18.89823317751559,17.172500000000028,15.446766822484465,20.7945,14.5774,-0.7097954573853862,-0.5970694756507479,Bearish,0.0,16.04,1.0,-1.0,5.276785027320326,-0.1285714285714299,1
660,660,2020-02-17,16.448526,16.06,17.119523809523834,18.28520000000005,17.98189999999996,17.30948000000009,31.13536796842755,100666.66666666669,18.844205269120568,17.083000000000027,15.321794730879484,20.7945,14.5774,-0.6970841277920137,-0.6170724060790009,Bearish,-0.2307692307692308,16.06,0.0,1.0,0.4198815963020479,-0.10857142857143387,0
661,661,2020-02-18,16.45324,16.19,17.04047619047622,18.218000000000046,17.972599999999964,17.315416000000088,33.93784117286337,96666.66666666669,18.68647483889556,16.977500000000028,15.2685251611045,20.7945,14.5774,-0.6688107598451579,-0.6274200768322324,Bearish,-0.125,16.19,1.0,0.0,2.802473204435824,-0.07904761904761415,1
662,662,2020-02-19,16.227545000000006,16.05,16.933333333333362,18.147000000000048,17.960599999999964,17.31753250000009,32.408267434992354,95476.19047619047,18.53993851115695,16.873000000000026,15.206061488843105,20.7945,14.5774,-0.6502055768686184,-0.6319771768395096,Bearish,1.0,16.05,-1.0,-1.0,-1.5295737378710186,-0.10714285714285765,-1
663,663,2020-02-20,16.091151999999994,16.12,16.837142857142886,18.07820000000005,17.951799999999963,17.315272000000093,34.009744426560175,94333.33333333331,18.373580673380186,16.774500000000025,15.175419326619876,20.7945,14.5774,-0.6226350708115724,-0.6301087556339222,Bullish,0.16666666666666666,16.12,0.0,0.0,1.6014769915678215,-0.0961904761904755,1
664,664,2020-02-21,16.107038,16.0,16.737619047619074,18.008400000000048,17.944099999999963,17.31567300000009,32.58444741496756,93404.76190476194,18.1421972841409,16.662000000000027,15.181802715859153,20.7945,14.5774,-0.6035113401878291,-0.6247892725447036,Bullish,-0.1111111111111111,16.0,0.0,0.0,-1.4252970115926118,-0.0995238095238129,-1
665,665,2020-02-24,16.132145,15.81,16.621428571428602,17.93320000000005,17.92829999999996,17.31446250000009,30.411277385490642,93642.85714285713,17.93920726640912,16.552000000000024,15.164792733590936,20.7945,14.5774,-0.5968074334007056,-0.6191929047159039,Bullish,-0.2,15.81,-1.0,0.0,-2.173170029476921,-0.11619047619047151,-1
666,666,2020-02-25,16.502492999999998,15.7,16.511428571428606,17.86020000000005,17.90369999999996,17.31260750000009,29.19719476817775,95404.76190476194,17.700837014799667,16.43700000000003,15.17316298520039,20.7945,14.5774,-0.5935287892409846,-0.6140600816209202,Bullish,-0.3333333333333333,15.7,0.0,1.0,-1.2140826173128936,-0.10999999999999588,-1
667,667,2020-02-26,16.321154,15.56,16.395238095238124,17.786400000000047,17.879299999999958,17.305373000000092,27.682454379826694,93904.76190476194,17.55962289252786,16.34000000000003,15.120377107472198,20.7945,14.5774,-0.5953642812612507,-0.6103209215489863,Bullish,0.0,15.56,-1.0,0.0,-1.5147403883510542,-0.11619047619048217,-1
668,668,2020-02-27,15.995006,15.25,16.28809523809527,17.716200000000047,17.85079999999996,17.29275950000009,24.63480782750937,95738.09523809524,17.28831219459147,16.207500000000028,15.126687805408595,20.7945,14.5774,-0.6147469114052058,-0.6112061195202302,Bearish,0.0,15.25,-1.0,-1.0,-3.0476465523173246,-0.1071428571428541,-1
669,669,2020-02-28,15.606936,15.14,16.1566666666667,17.630400000000048,17.82169999999996,17.275956500000092,23.64025504185551,104190.47619047617,17.092624618369026,16.08950000000003,15.086375381631033,20.7945,14.5774,-0.6317019987099517,-0.6153052953581745,Bearish,0.0,15.14,0.0,-1.0,-0.994552785653859,-0.13142857142857167,0
670,670,2020-03-02,15.449309,15.25,16.04952380952384,17.562400000000046,17.79719999999996,17.260601500000092,26.8218491504954,106619.04761904762,17.031101764809097,16.014000000000028,14.99689823519097,20.7945,14.5774,-0.6290120870688279,-0.6180466537003052,Bearish,0.25,15.25,0.0,0.0,3.1815941086398887,-0.10714285714285765,1
671,671,2020-03-03,15.351354,15.33,15.981428571428602,17.489200000000046,17.774999999999963,17.24905000000009,29.13443334961277,108452.38095238096,16.868119141374116,15.92800000000003,14.987880858625946,20.7945,14.5774,-0.6133546111440875,-0.6171082451890617,Bullish,0.04444444444444445,15.33,0.0,0.0,2.312584199117371,-0.0680952380952391,1
672,672,2020-03-04,15.75663,15.01,15.884285714285744,17.409600000000047,17.74519999999996,17.23121900000009,25.643524473497553,114928.57142857145,16.697192286454705,15.826000000000025,14.954807713545346,20.7222,14.5774,-0.6196246273153694,-0.6176115216143232,Bearish,0.0,15.01,-1.0,1.0,-3.490908876115217,-0.09714285714285786,-1
673,673,2020-03-05,15.655961999999999,15.01,15.787142857142884,17.322400000000044,17.72539999999996,17.212726000000092,25.643524473497553,118928.57142857145,16.570333867936522,15.739000000000026,14.907666132063534,20.7222,14.5774,-0.6174757838334344,-0.6175843740581455,Bullish,0.0,15.01,0.0,0.0,0.0,-0.09714285714285964,0
674,674,2020-03-06,15.301213,14.68,15.688571428571455,17.240600000000047,17.706099999999964,17.19258300000009,22.4292690483045,125071.42857142855,16.559114610654813,15.656000000000025,14.752885389345241,20.7222,14.5774,-0.6350802422583168,-0.6210835476981797,Bearish,-0.2857142857142857,14.68,-1.0,-1.0,-3.214255425193052,-0.09857142857142875,-1
675,675,2020-03-09,15.010167000000001,14.01,15.577619047619073,17.130600000000044,17.68119999999996,17.170886500000094,17.604540264143985,130571.42857142855,16.684708443009107,15.55300000000003,14.42129155699095,20.7222,14.5774,-0.6950828208845561,-0.6358834023354549,Bearish,-0.1,14.01,-1.0,-1.0,-4.824728784160516,-0.1109523809523818,-1
676,676,2020-03-10,14.740158,14.06,15.481904761904795,17.027800000000042,17.658799999999964,17.149440000000094,19.00476307909668,135404.7619047619,16.736006535285107,15.454500000000026,14.17299346471495,20.7222,14.01,-0.730183612447739,-0.6547434443579119,Bearish,0.5,14.06,0.0,-1.0,1.400222814952695,-0.09571428571427809,0
677,677,2020-03-11,14.376594,14.0,15.385238095238126,16.921600000000044,17.636799999999962,17.127693500000095,18.59636116399604,134809.52380952382,16.752258374989637,15.353000000000026,13.95374162501042,20.7222,14.01,-0.7541493766360148,-0.6746246308135324,Bearish,1.0,14.0,0.0,-1.0,-0.40840191510064017,-0.09666666666666934,0
678,678,2020-03-12,14.779673999999998,13.51,15.265238095238125,16.795400000000047,17.60939999999996,17.103497000000097,15.640377359634476,135738.09523809527,16.834956139741625,15.239000000000026,13.64304386025842,20.7222,14.0,-0.8034199967079001,-0.7003837039924059,Bearish,0.4,13.51,-1.0,1.0,-2.955983804361564,-0.120000000000001,-1
679,679,2020-03-13,14.376107000000001,13.5,15.156190476190504,16.675800000000038,17.581899999999962,17.0792505000001,15.585927678827504,135666.66666666663,16.832193012420134,15.112000000000027,13.391806987579914,20.7222,13.51,-0.8336642717305125,-0.7270398175400272,Bearish,0.09523809523809523,13.5,0.0,-1.0,-0.054449680806971656,-0.10904761904762061,0
680,680,2020-03-16,13.901363,12.63,14.993809523809553,16.548800000000046,17.545699999999965,17.0505590000001,11.752533062270867,116714.28571428572,16.91375593879226,14.940500000000027,12.967244061207786,20.7222,13.5,-0.9172611906601312,-0.7650840921640479,Bearish,0.0,12.63,-1.0,-1.0,-3.833394616556637,-0.16238095238095163,-1
681,681,2020-03-17,13.398773,12.32,14.815714285714312,16.415000000000042,17.506599999999963,17.0249500000001,10.738991643683413,129452.38095238096,16.93905930576229,14.747000000000027,12.554940694237757,20.7222,12.63,-0.9970335779621388,-0.8114739893236662,Bearish,0.12903225806451613,12.32,-1.0,-1.0,-1.0135414185874545,-0.1780952380952403,0
682,682,2020-03-18,13.108710999999998,11.33,14.584285714285741,16.263800000000046,17.457699999999964,16.995100000000097,8.282437368511616,134833.33333333337,17.07575261964568,14.511000000000019,11.94624738035436,20.7222,12.32,-1.1271454645610088,-0.8746082843711347,Bearish,0.0,11.33,-1.0,-1.0,-2.456554275171797,-0.23142857142857132,-1
683,683,2020-03-19,12.277306,10.33,14.311904761904788,16.095400000000044,17.39799999999996,16.959700000000094,6.632128357117826,170333.33333333337,17.258124935677674,14.221500000000017,11.184875064322366,20.7222,11.33,-1.2960120940665512,-0.958889046310218,Bearish,0.12,10.33,-1.0,-1.0,-1.65030901139379,-0.27238095238095283,-1
684,684,2020-03-20,12.378637,10.66,14.051904761904789,15.928400000000046,17.341999999999963,16.9280500000001,12.806461206839964,211595.23809523808,17.246942710204628,13.954500000000019,10.662057289795412,20.7222,10.33,-1.3872208540031838,-1.0445554078488108,Bearish,0.1724137931034483,10.66,1.0,0.0,6.174332849722139,-0.2599999999999998,1
685,685,2020-03-23,11.476958,10.66,13.797619047619074,15.761800000000045,17.285999999999962,16.8990500000001,12.806461206839964,253142.8571428572,17.169336965212267,13.697000000000026,10.22466303478778,20.5993,10.33,-1.442871923993387,-1.1242187110777262,Bearish,0.0,10.66,0.0,-1.0,0.0,-0.25428571428571445,0
686,686,2020-03-24,10.966595,9.68,13.505714285714314,15.581000000000042,17.220299999999963,16.865000000000098,10.43076794798648,293785.71428571426,17.153602427077598,13.396000000000026,9.638397572922452,20.5993,10.33,-1.5482068429430509,-1.2090163374507912,Bearish,0.19047619047619047,9.68,-1.0,-1.0,-2.3756932588534845,-0.29190476190476033,-1
687,687,2020-03-25,10.471389,9.92,13.23047619047622,15.406000000000038,17.155899999999964,16.832100000000096,14.608547109903517,304333.33333333326,17.023145175096396,13.114000000000026,9.204854824903654,20.5993,9.68,-1.5939455191236382,-1.2860021737853606,Bearish,0.13636363636363635,9.92,1.0,-1.0,4.177779161917037,-0.2752380952380946,1
688,688,2020-03-26,10.272041,9.61,12.947142857142884,15.223400000000042,17.088499999999964,16.8021000000001,13.718470366400421,304928.5714285714,16.89480986510313,12.832000000000026,8.76919013489692,20.5993,9.68,-1.6363453877081575,-1.3560708165699198,Bearish,-0.08695652173913042,9.61,-1.0,-1.0,-0.8900767435030961,-0.283333333333335,0
689,689,2020-03-27,10.019891000000001,10.54,12.722857142857173,15.067400000000045,17.029899999999962,16.775200000000098,27.90924055591565,329690.4761904762,16.636861088064798,12.602000000000027,8.567138911935253,20.5993,9.61,-1.5767288130925188,-1.4002024158744395,Bearish,0.0,10.54,1.0,-1.0,14.190770189515227,-0.22428571428571153,1
690,690,2020-03-30,10.335725,11.19,12.534761904761936,14.934200000000038,16.967799999999965,16.753700000000098,35.85061574537938,339928.5714285714,16.286368775917648,12.399000000000026,8.511631224082402,19.88,9.61,-1.4602003992131127,-1.4122020125421744,Bearish,0.0,11.19,1.0,1.0,7.941375189463731,-0.18809523809523654,1
691,691,2020-03-31,10.809467,12.01,12.38047619047622,14.808400000000045,16.907299999999964,16.7362000000001,44.20135537719936,364023.8095238095,15.881770203778215,12.233000000000025,8.58422979622183,19.88,9.61,-1.2868496430487557,-1.3871315386434906,Bullish,0.0,12.01,1.0,1.0,8.350739631819984,-0.15428571428571658,1
692,692,2020-04-01,10.748724000000001,12.88,12.263809523809554,14.703200000000045,16.856099999999966,16.7184000000001,51.4261435674228,404476.1904761905,15.562999818125935,12.126500000000027,8.690000181874115,19.88,9.61,-1.0669668609479201,-1.3230986031043763,Bullish,0.0,12.88,1.0,0.0,7.224788190223435,-0.11666666666666536,1
693,693,2020-04-02,11.72101,13.77,12.204761904761936,14.616800000000042,16.813899999999965,16.700200000000102,57.48998902047661,411285.7142857143,15.331219914528887,12.064500000000026,8.797780085471164,19.88,9.61,-0.8115377084649538,-1.2207864241764919,Bullish,-0.05263157894736842,13.77,1.0,1.0,6.063845453053808,-0.05904761904761813,1
694,694,2020-04-03,12.421352,13.79,12.146666666666697,14.527600000000039,16.770499999999963,16.6821000000001,57.6180306947104,440857.1428571429,15.16497058809454,12.020000000000026,8.875029411905508,19.88,9.61,-0.6005714185314055,-1.0967434230474749,Bullish,0.0,13.79,0.0,1.0,0.12804167423379198,-0.05809523809523931,0
695,695,2020-04-06,13.442355,12.82,12.058095238095264,14.423800000000046,16.707499999999964,16.6606500000001,49.78569764705183,440071.4285714286,14.995736234624864,11.960500000000026,8.925263765375188,19.88,9.61,-0.5058192378879554,-0.9785585860155708,Bullish,-0.07692307692307693,12.82,-1.0,1.0,-7.832333047658565,-0.08857142857143252,-1
696,696,2020-04-07,13.572866000000001,12.72,11.996666666666696,14.318200000000045,16.642699999999962,16.6371000000001,49.0455047836076,440142.85714285716,14.796686352954268,11.893500000000026,8.99031364704578,19.88,9.61,-0.4337960851002034,-0.8696060858324974,Bullish,0.25,12.72,0.0,0.0,-0.7401928634442356,-0.061428571428567835,0
697,697,2020-04-08,13.584251,12.98,11.945238095238125,14.227800000000045,16.584299999999963,16.6139500000001,51.08192628905166,431619.0476190476,14.629382667063663,11.842500000000026,9.055617332936388,19.88,9.61,-0.35168340317133584,-0.7660215493002651,Bullish,0.5,12.98,1.0,0.0,2.0364215054440606,-0.0514285714285716,1
698,698,2020-04-09,13.254429,13.21,11.907619047619074,14.134000000000045,16.532299999999964,16.592000000000102,52.876104295564154,427595.2380952381,14.581354571319947,11.827500000000025,9.073645428680102,19.88,9.61,-0.2649947389459122,-0.6658161872293945,Bullish,0.0,13.21,1.0,-1.0,1.794178006512496,-0.037619047619051216,1
699,699,2020-04-10,13.150916,13.0,11.883333333333368,14.044000000000045,16.472899999999964,16.569000000000102,51.03556435919982,430666.66666666674,14.503743232287654,11.802500000000027,9.101256767712396,19.88,9.61,-0.2108085235106536,-0.5748146544856463,Bullish,-0.5,13.0,-1.0,0.0,-1.8405399363643369,-0.02428571428570514,-1
700,700,2020-04-13,13.060757,12.0,11.811904761904795,13.948800000000045,16.40409999999996,16.5420000000001,43.305331886845124,428976.1904761905,14.447489491849305,11.771000000000026,9.094510508150742,19.88,9.61,-0.2457246393547053,-0.5089966514594579,Bullish,0.03333333333333333,12.0,-1.0,0.0,-7.730232472354693,-0.07142857142857295,-1
701,701,2020-04-14,12.728076,12.14,11.788571428571458,13.850600000000044,16.340799999999962,16.5166000000001,44.571141207590074,461166.66666666674,14.432247928560171,11.762000000000027,9.091752071439876,19.88,9.61,-0.25911219861309576,-0.4590197608901856,Bullish,0.17647058823529413,12.14,1.0,-1.0,1.2658093207449497,-0.02333333333333698,0
702,702,2020-04-15,13.068793,12.11,11.77857142857146,13.751800000000046,16.276099999999964,16.4891500000001,44.34267296392956,447214.2857142858,14.467652583292356,11.801000000000027,9.134347416707694,19.88,9.61,-0.2690413439168129,-0.4210240774955111,Bullish,-0.15,12.11,0.0,1.0,-0.2284682436605152,-0.00999999999999801,0
703,703,2020-04-16,12.741013,11.96,11.80857142857146,13.656000000000049,16.20849999999996,16.4619500000001,43.151639196035994,441452.38095238095,14.46256879752842,11.882500000000027,9.302431202471633,19.88,9.61,-0.2857204025574269,-0.3939633425078942,Bullish,-0.0425531914893617,11.96,-1.0,-1.0,-1.1910337678935647,0.02999999999999936,-1
704,704,2020-04-17,12.259294500000001,12.96,11.933809523809554,13.588400000000044,16.146999999999963,16.441050000000104,52.341980157778146,408428.5714285714,14.55428606848124,11.997500000000025,9.440713931518813,19.88,9.61,-0.2157598883578213,-0.35832265167787963,Bullish,0.027777777777777776,12.96,1.0,-1.0,9.190340961742152,0.12523809523809426,1
705,705,2020-04-20,12.389302,12.91,12.040952380952413,13.525200000000046,16.084599999999963,16.422600000000102,51.89027573421453,381047.61904761905,14.61903965691651,12.110000000000026,9.600960343083539,19.88,9.61,-0.1624773215249924,-0.3191535856473022,Bullish,0.03448275862068965,12.91,0.0,0.0,-0.45170442356361207,0.10714285714285943,0
706,706,2020-04-21,12.602083,12.6,12.133333333333368,13.456600000000046,16.01809999999996,16.398450000000103,49.063206182755785,341071.4285714286,14.509232344872501,12.256000000000027,10.00276765512755,19.88,9.61,-0.14360947205169514,-0.2840447629281808,Bullish,0.037037037037037035,12.6,-1.0,1.0,-2.8270695514587487,0.0923809523809549,-1
707,707,2020-04-22,12.772552000000001,12.29,12.25761904761908,13.381800000000045,15.943599999999964,16.3729000000001,46.34407940000775,300619.04761904763,14.356856930519747,12.374500000000026,10.392143069480301,19.88,9.61,-0.15191973845236895,-0.2576197580330184,Bullish,0.0,12.29,-1.0,0.0,-2.7191267827480345,0.12428571428571189,-1
708,708,2020-04-23,12.999907499999999,12.68,12.389047619047652,13.319600000000046,15.871599999999962,16.3528500000001,50.09152573656165,296071.4285714286,14.053012786824947,12.528000000000025,11.002987213175109,19.88,9.61,-0.1255882407497353,-0.2312134545763617,Bullish,0.10714285714285714,12.68,1.0,1.0,3.7474463365538995,0.13142857142857167,1
709,709,2020-04-24,13.069286,12.81,12.541428571428602,13.255000000000045,15.804799999999961,16.3320000000001,51.31220428684943,300547.61904761905,13.866086052500824,12.641500000000025,11.416913947499225,19.88,9.61,-0.09315657456391513,-0.20360207857387244,Bullish,0.0,12.81,1.0,0.0,1.2206785502877793,0.15238095238095006,1
710,710,2020-04-27,12.730571000000001,12.66,12.642380952380982,13.187000000000046,15.736099999999965,16.3108000000001,49.798720427600784,276809.5238095238,13.742959143146914,12.715000000000027,11.687040856853134,19.88,9.61,-0.0786513480700215,-0.17861193247310225,Bullish,0.0,12.66,-1.0,-1.0,-1.5134838592486446,0.10095238095238024,-1
711,711,2020-04-28,12.695651,13.17,12.736666666666698,13.126600000000046,15.672299999999964,16.2916500000001,54.69195510353831,254500.0,13.765594579865985,12.773000000000026,11.78040542013407,19.88,9.61,-0.025706782035547,-0.1480309023855912,Bullish,0.0,13.17,1.0,0.0,4.893234675937528,0.09428571428571608,1
712,712,2020-04-29,12.84491,13.2,12.793333333333369,13.069600000000046,15.608299999999964,16.273150000000097,54.9700025698329,232690.4761904761,13.798156083061139,12.789000000000026,11.779843916938916,19.88,9.61,0.01846012049329282,-0.11473269780981438,Bullish,0.0,13.2,0.0,0.0,0.27804746629458776,0.056666666666670196,0
713,713,2020-04-30,13.155923999999999,13.12,12.804761904761937,13.009600000000045,15.543899999999963,16.255200000000098,54.01800556793143,206595.23809523808,13.674982988399488,12.756500000000026,11.838017011600563,19.88,9.61,0.04647168093049458,-0.08249182206175258,Bullish,0.0,13.12,0.0,1.0,-0.9519970019014679,0.011428571428568901,0
714,714,2020-05-01,13.439865,13.12,12.773809523809554,12.952000000000046,15.480199999999964,16.237550000000102,54.01800556793143,211357.1428571429,13.530418107289677,12.723000000000026,11.915581892710376,19.88,9.61,0.06788846838493612,-0.05241576397241483,Bullish,0.0,13.12,0.0,1.0,0.0,-0.030952380952383507,0
715,715,2020-05-04,13.596873,12.75,12.724285714285744,12.890800000000048,15.411999999999964,16.217550000000095,49.42654188579665,194214.2857142857,13.525811974349384,12.719500000000027,11.913188025650667,19.88,9.61,0.05437867544029551,-0.031056876089872763,Bullish,0.0,12.75,-1.0,0.0,-4.59146368213478,-0.049523809523810414,-1
716,716,2020-05-05,13.146182999999999,12.78,12.722380952380982,12.832400000000046,15.346299999999964,16.197900000000097,49.79912920748145,195738.09523809524,13.52924345363259,12.722500000000027,11.915756546367463,19.88,9.61,0.0455675422165438,-0.01573199242858945,Bullish,0.0,12.78,0.0,-1.0,0.37258732168479725,-0.0019047619047611875,0
717,717,2020-05-06,12.972672,12.72,12.722380952380982,12.775600000000047,15.280999999999965,16.176500000000097,49.021263542580975,189738.09523809524,13.507559521576614,12.709500000000027,11.911440478423438,19.88,9.61,0.033358619694041636,-0.005913870004063231,Bullish,-0.05263157894736842,12.72,0.0,0.0,-0.7778656649004745,0.0,0
718,718,2020-05-07,12.936475999999999,12.68,12.708095238095265,12.724200000000046,15.220199999999965,16.154750000000096,48.477615872890006,197166.66666666663,13.447306221340053,12.683000000000026,11.918693778660002,19.88,9.61,0.02022218615425686,-0.000686658772399212,Bullish,1.0,12.68,0.0,0.0,-0.5436476696909693,-0.014285714285717788,0
719,719,2020-05-08,12.855222,12.75,12.686190476190502,12.676400000000047,15.153399999999964,16.133500000000094,49.53241148642881,202619.04761904766,13.421724999570127,12.670500000000025,11.919275000429925,19.88,9.61,0.015283701914777126,0.002507413365036056,Bullish,0.4444444444444444,12.75,0.0,0.0,1.0547956135388077,-0.021904761904762537,1
720,720,2020-05-11,13.15666,12.49,12.661904761904788,12.621200000000046,15.091799999999964,16.111450000000094,45.783211485907536,195523.80952380953,13.386765856326535,12.695000000000027,12.003234143673518,19.88,9.61,-0.009500394875866291,0.0001058517168555863,Bearish,0.16666666666666666,12.49,-1.0,1.0,-3.7492000005212773,-0.024285714285714022,-1
721,721,2020-05-12,13.130359,12.44,12.682857142857168,12.563400000000048,15.026299999999964,16.093750000000092,45.07659850307769,192714.2857142857,13.365011450265644,12.710000000000026,12.054988549734409,19.88,9.61,-0.032798471906987814,-0.006475013007913094,Bearish,-0.5,12.44,0.0,0.0,-0.7066129828298457,0.020952380952380167,0
722,722,2020-05-13,12.670177,12.25,12.688095238095265,12.508200000000048,14.958899999999964,16.079900000000094,42.39868800803079,163880.95238095234,13.34879427029624,12.717000000000025,12.085205729703816,19.88,9.61,-0.06583487445949743,-0.018346985298229958,Bearish,0.0,12.25,-1.0,-1.0,-2.677910495046902,0.005238095238096818,-1
723,723,2020-05-14,12.505235,12.25,12.694761904761933,12.453000000000047,14.887699999999965,16.068250000000095,42.39868800803079,166928.57142857142,13.303628482055547,12.731500000000025,12.159371517944507,19.88,9.61,-0.09096784085295084,-0.03287115640917414,Bearish,-0.043478260869565216,12.25,0.0,0.0,0.0,0.006666666666667709,0
724,724,2020-05-15,12.486149000000001,12.16,12.70428571428574,12.402600000000048,14.821599999999965,16.055450000000093,41.05867765365237,167714.2857142857,13.304534256774632,12.691500000000026,12.07846574322542,19.88,9.61,-0.11680172801758815,-0.04965727073085694,Bearish,0.125,12.16,0.0,0.0,-1.3400103543784212,0.009523809523807714,-1
725,725,2020-05-18,12.369304,12.15,12.665714285714312,12.365400000000047,14.747999999999967,16.042600000000096,40.90398718547088,161595.2380952381,13.30090327461268,12.653500000000026,12.006096725387373,19.88,9.61,-0.13650859997828668,-0.06702753658034287,Bearish,-0.20689655172413796,12.15,0.0,0.0,-0.15469046818148513,-0.03857142857142826,0
726,726,2020-05-19,12.652548,12.35,12.639047619047645,12.331200000000047,14.679499999999967,16.030750000000097,45.339528683640594,148761.90476190473,13.301572478974993,12.641000000000027,11.980427521025064,19.88,9.61,-0.1344383874121302,-0.08050970674670035,Bearish,0.0,12.35,1.0,1.0,4.435541498169712,-0.026666666666667282,1
727,727,2020-05-20,12.705046000000001,12.5,12.634285714285738,12.30120000000005,14.611399999999964,16.019650000000098,48.463786872876405,152095.2380952381,13.295899720654225,12.651500000000027,12.00710027934583,19.88,9.61,-0.11931855263907565,-0.08827147592517541,Bearish,-0.11904761904761905,12.5,1.0,0.0,3.1242581892358103,-0.004761904761906521,1
728,728,2020-05-21,12.352212,12.58,12.648095238095262,12.28260000000005,14.538999999999964,16.008950000000098,50.101889316115894,162166.66666666663,13.291489147179348,12.646500000000026,12.001510852820704,19.88,9.61,-0.09973100627683706,-0.09056338199550774,Bearish,0.2727272727272727,12.58,0.0,-1.0,1.6381024432394895,0.013809523809523938,1
729,729,2020-05-22,12.460873,12.58,12.643333333333356,12.26420000000005,14.469999999999965,15.996850000000098,50.101889316115894,161595.2380952381,13.276108415152324,12.635000000000026,11.99389158484773,19.88,9.61,-0.0832481023602476,-0.08910032606845572,Bullish,-1.0,12.58,0.0,0.0,0.0,-0.004761904761906521,0
730,730,2020-05-25,12.548762,12.58,12.632380952380974,12.263200000000053,14.405999999999965,15.979750000000095,50.101889316115894,163523.80952380953,13.272432771207633,12.631000000000027,11.989567228792426,19.88,9.61,-0.0693854499770481,-0.0851573508501742,Bullish,0.0,12.58,0.0,0.0,0.0,-0.010952380952382157,0
731,731,2020-05-26,12.680655499999999,12.58,12.628571428571453,12.268400000000053,14.341699999999964,15.962150000000095,50.101889316115894,167547.61904761905,13.19342144747349,12.601500000000026,12.00957855252657,19.88,9.61,-0.05773368016141234,-0.07967261671242183,Bullish,0.0,12.58,0.0,0.0,0.0,-0.0038095238095205985,0
732,732,2020-05-27,12.986561,12.58,12.600476190476215,12.293400000000052,14.278599999999962,15.942700000000098,50.101889316115894,175023.80952380953,13.094884400968551,12.570500000000033,12.046115599031513,19.88,9.61,-0.04794686699917428,-0.07332746676977232,Bullish,0.0,12.58,0.0,1.0,0.0,-0.028095238095238173,0
733,733,2020-05-28,13.057503,12.69,12.5761904761905,12.340600000000052,14.217999999999964,15.924700000000096,53.072733838916655,177690.47619047618,13.013323163302244,12.549000000000033,12.084676836697819,19.88,9.61,-0.030957804071503506,-0.06485353423011855,Bullish,-0.2272727272727273,12.69,0.0,0.0,2.9708445228007605,-0.024285714285714022,1
734,734,2020-05-29,12.676485000000001,12.7,12.5561904761905,12.381400000000053,14.154899999999964,15.909050000000098,53.34468377273386,161809.52380952382,12.919387276210045,12.528000000000025,12.13661272379002,19.88,9.61,-0.01649676839801195,-0.05518218106369723,Bullish,0.0,12.7,0.0,-1.0,0.2719499338172042,-0.02000000000000135,0
735,735,2020-06-01,12.693873,12.68,12.535238095238116,12.421800000000053,14.091799999999964,15.891700000000096,52.68705275692962,141976.19047619047,12.909076390303873,12.524500000000026,12.139923609696186,19.88,9.61,-0.006574341378632553,-0.0454606131266843,Bullish,0.14285714285714285,12.68,0.0,0.0,-0.6576310158042418,-0.02095238095238372,0
736,736,2020-06-02,12.7401905,12.8,12.537619047619073,12.484200000000053,14.032599999999965,15.875000000000098,56.17782121229226,127071.42857142855,12.912822862711506,12.525500000000033,12.138177137288555,19.88,9.61,0.010847210746279146,-0.034199048352091616,Bullish,0.029411764705882356,12.8,0.0,0.0,3.490768455362641,0.0023809523809568134,1
737,737,2020-06-03,12.847957000000001,12.62,12.530000000000026,12.538200000000053,13.972099999999962,15.858150000000098,50.19535181725395,120214.28571428572,12.900156423597837,12.520500000000027,12.140843576402226,19.88,9.61,0.010013985650454416,-0.0253564415515824,Bullish,0.0,12.62,-1.0,0.0,-5.982469395038308,-0.007619047619046526,-1
738,738,2020-06-04,13.126732,12.65,12.526666666666687,12.599000000000052,13.911199999999962,15.8433500000001,51.129457864682344,117619.04761904762,12.896353945228062,12.519000000000027,12.141646054772005,19.88,9.61,0.01164021686426153,-0.017957109868413618,Bullish,-0.2222222222222222,12.65,0.0,1.0,0.9341060474283935,-0.0033333333333391835,0
739,739,2020-06-05,13.157701999999999,12.79,12.531904761904787,12.644000000000052,13.855699999999965,15.8300500000001,55.33910057030239,109976.19047619047,12.903617302247412,12.521000000000033,12.13838269775265,19.88,9.61,0.02394976876266597,-0.0095757341421977,Bullish,0.037037037037037035,12.79,1.0,0.0,4.209642705620048,0.005238095238100371,1
740,740,2020-06-08,12.7830925,12.68,12.528571428571453,12.673800000000053,13.803999999999965,15.813050000000098,51.579638507330216,106285.71428571428,12.918957204823242,12.530500000000027,12.14204279517682,19.88,9.61,0.0245461439678234,-0.002751358520193481,Bullish,-0.16666666666666666,12.68,0.0,-1.0,-3.759462062972176,-0.0033333333333338544,-1
741,741,2020-06-09,12.758382000000001,12.64,12.535714285714311,12.68640000000005,13.747399999999963,15.796250000000098,50.242978430870686,106000.0,12.929420300291685,12.540500000000035,12.151579699708376,19.88,9.61,0.02154277817166239,0.0021074688181776935,Bullish,0.0,12.64,0.0,0.0,-1.3366600764595304,0.007142857142858006,-1
742,742,2020-06-10,12.756363,12.9,12.55761904761907,12.686800000000053,13.694999999999967,15.7806500000001,57.88305311054344,106428.57142857145,12.967973416800337,12.573000000000036,12.178026583199728,19.88,9.61,0.039684952796644524,0.009622965613871059,Bullish,-0.1,12.9,1.0,0.0,7.640074679672757,0.021904761904758985,1
743,743,2020-06-11,12.889127,13.0,12.593333333333357,12.671400000000052,13.644099999999964,15.7656500000001,60.40150273560146,103976.19047619047,13.017905203671956,12.610500000000036,12.203094796328108,19.88,9.61,0.061423865077795625,0.019983145506655968,Bullish,-0.75,13.0,0.0,0.0,2.518449625058018,0.035714285714286476,1
744,744,2020-06-12,13.223680499999999,13.0,12.629047619047643,12.655600000000053,13.591599999999964,15.7496000000001,60.40150273560146,100928.57142857145,13.038083972668606,12.652500000000035,12.266916027331455,19.88,9.61,0.07775578934276695,0.031537674273878165,Bullish,-0.3333333333333333,13.0,0.0,1.0,0.0,0.035714285714286476,0
745,745,2020-06-15,13.3973675,12.49,12.644761904761927,12.64900000000005,13.536399999999967,15.731000000000098,44.62007674355281,101404.76190476194,12.989342148534249,12.669500000000033,12.349657851465814,19.88,9.61,0.048981589956715865,0.0350264574104457,Bullish,0.0,12.49,-1.0,0.0,-15.781425992048653,0.01571428571428335,-1
746,746,2020-06-16,12.885336,12.55,12.663809523809546,12.64560000000005,13.481899999999964,15.712700000000098,46.394564810614575,127500.0,12.96991177658434,12.679500000000033,12.389088223415726,19.88,9.61,0.030665831577824317,0.034154332243921434,Bearish,0.0,12.55,0.0,-1.0,1.7744880670617675,0.01904761904761898,1
747,747,2020-06-17,12.759155,12.7,12.680476190476213,12.64000000000005,13.433899999999964,15.695700000000095,50.65170162489919,125952.38095238096,12.968030070152016,12.689500000000033,12.410969929848047,19.88,9.61,0.0279322222316516,0.032909910241467465,Bearish,0.0,12.7,1.0,0.0,4.257136814284614,0.016666666666667496,1
748,748,2020-06-18,12.794313,12.45,12.67809523809526,12.62480000000005,13.379399999999967,15.675950000000096,44.33247166788641,133928.57142857142,12.97708162128721,12.683000000000035,12.388918378712852,19.88,9.61,0.005529169641555143,0.027433762121485003,Bearish,0.0,12.45,-1.0,0.0,-6.31922995701278,-0.0023809523809532607,-1
749,749,2020-06-19,12.687705000000001,12.43,12.670952380952402,12.613400000000048,13.328699999999964,15.656400000000096,43.861034670051616,290666.66666666674,12.986850285014956,12.675500000000033,12.364149714985109,19.88,9.61,-0.013681531614407659,0.019210703374306463,Bearish,-0.08333333333333333,12.43,0.0,0.0,-0.4714369978347932,-0.007142857142858006,0
750,750,2020-06-22,12.947826,12.2,12.652857142857163,12.61740000000005,13.283099999999967,15.637400000000095,38.756784217349775,283071.4285714286,13.029180828564014,12.656500000000026,12.283819171436045,19.88,9.61,-0.046924314289427116,0.005983699841559746,Bearish,0.0,12.2,-1.0,1.0,-5.104250452701841,-0.018095238095238386,-1
751,751,2020-06-23,12.877308,12.33,12.6409523809524,12.621200000000053,13.235899999999967,15.619000000000092,42.808027975404855,279095.2380952381,13.042015075064981,12.644000000000027,12.245984924935081,19.88,9.61,-0.06206410909989124,-0.007625861946730451,Bearish,0.0,12.33,1.0,0.0,4.0512437580550795,-0.01190476190476275,1
752,752,2020-06-24,12.460877,12.36,12.63047619047621,12.62620000000005,13.188999999999965,15.599550000000093,43.73303800359718,273976.19047619053,13.049225900177953,12.63300000000003,12.216774099822107,19.88,9.61,-0.07082532601293501,-0.020265754759971364,Bearish,0.0,12.36,0.0,-1.0,0.9250100281923253,-0.010476190476190084,0
753,753,2020-06-25,12.395158,12.87,12.644285714285731,12.64440000000005,13.150199999999964,15.581600000000092,56.58763395604186,269309.5238095238,13.070373668634147,12.642000000000026,12.213626331365912,19.88,9.61,-0.036198640391951635,-0.02345233188636742,Bearish,0.25,12.87,1.0,0.0,12.854595952444683,0.013809523809520385,1
754,754,2020-06-26,12.572095,13.83,12.698571428571446,12.661800000000053,13.125099999999964,15.56855000000009,70.32884816078622,284238.0952380953,13.371055573896205,12.698500000000033,12.025944426103857,19.88,9.61,0.06792424595374058,-0.0051770163183458215,Bullish,0.0,13.83,1.0,1.0,13.74121420474436,0.05428571428571516,1
755,755,2020-06-29,13.223304,14.5,12.784285714285732,12.693600000000053,13.109399999999967,15.560000000000093,76.03111714030956,313261.9047619048,13.823046805896528,12.789500000000027,11.755953194103535,19.88,9.61,0.2021752338775311,0.03629343372082957,Bullish,0.15384615384615385,14.5,1.0,1.0,5.702268979523339,0.08571428571428541,1
756,756,2020-06-30,13.624417999999999,15.12,12.900476190476208,12.744000000000053,13.100299999999963,15.55510000000009,79.8837817412748,352976.1904761905,14.354851234166205,12.905500000000027,11.456148765833852,19.88,9.61,0.35451233001295,0.09993721297925368,Bullish,-0.125,15.12,1.0,1.0,3.852664600965241,0.11619047619047684,1
757,757,2020-07-01,14.720345000000002,14.6,12.986190476190494,12.790200000000052,13.085999999999965,15.547600000000093,69.75646870575204,437404.7619047619,14.622949566708465,13.004500000000027,11.386050433291595,19.88,9.61,0.4283432477257385,0.16561841992855064,Bullish,0.0,14.6,-1.0,1.0,-10.12731303552276,0.08571428571428541,-1
758,758,2020-07-02,14.435695,14.23,13.062857142857164,12.821200000000054,13.070399999999964,15.537000000000093,63.580013482676236,435238.0952380953,14.777504427378789,13.08350000000003,11.389495572621273,19.88,9.61,0.451790909777344,0.22285291789830933,Bullish,0.06451612903225806,14.23,-1.0,-1.0,-6.176455223075806,0.07666666666666977,-1
759,759,2020-07-03,14.490801999999999,14.21,13.137142857142875,12.849200000000055,13.052099999999964,15.523450000000093,63.25398491514576,438952.38095238095,14.911218247181035,13.154500000000025,11.397781752819025,19.88,9.61,0.4634175292220242,0.2709658401630523,Bullish,0.0,14.21,0.0,0.0,-0.3260285675304786,0.07428571428571118,0
760,760,2020-07-06,14.47821,14.41,13.214285714285731,12.884200000000055,13.035599999999967,15.508750000000093,65.17701349222425,436976.1904761905,15.06483003593503,13.241000000000033,11.417169964065035,19.88,9.61,0.4832000085109094,0.3134126738326237,Bullish,-0.18181818181818185,14.41,1.0,0.0,1.9230285770784903,0.07714285714285651,1
761,761,2020-07-07,14.472935999999999,14.24,13.288571428571448,12.905600000000055,13.016099999999964,15.494350000000093,62.19745632769239,436952.38095238095,15.172517215685199,13.321000000000033,11.469482784314867,19.88,9.61,0.4796312956060636,0.3466563981873117,Bullish,0.0,14.24,-1.0,0.0,-2.9795571645318546,0.07428571428571651,-1
762,762,2020-07-08,14.786922,14.0,13.353333333333351,12.921600000000055,12.995599999999964,15.47810000000009,58.1554700089326,438452.38095238095,15.23953856949044,13.376000000000033,11.512461430509624,19.88,9.61,0.4522241126110309,0.3677699410720555,Bullish,0.3333333333333333,14.0,-1.0,1.0,-4.04198631875979,0.06476190476190347,-1
763,763,2020-07-09,14.676391,14.52,13.43047619047621,12.949600000000055,12.979599999999973,15.46570000000009,63.665105903592824,445071.4285714286,15.371151896015133,13.452000000000035,11.532848103984929,19.88,9.61,0.4670791787817485,0.3876317886139941,Bullish,-0.35714285714285715,14.52,1.0,0.0,5.509635894660221,0.07714285714285829,1
764,764,2020-07-10,14.414696,14.36,13.495238095238117,12.974400000000054,12.963199999999967,15.45365000000009,61.003520380959756,496619.0476190476,15.46645318463569,13.520000000000033,11.573546815364375,19.88,9.61,0.4606313909806676,0.4022317090873288,Bullish,0.13043478260869565,14.36,-1.0,-1.0,-2.661585522633068,0.06476190476190702,-1
765,765,2020-07-13,14.375747,14.25,13.554761904761925,13.004400000000055,12.947599999999964,15.437950000000093,59.171996570512285,502904.7619047619,15.519047880085305,13.608000000000033,11.69695211991476,19.88,9.61,0.4415554160256257,0.41009645047498816,Bullish,0.0,14.25,0.0,0.0,-1.8315238104474716,0.059523809523808424,-1
766,766,2020-07-14,14.342920000000001,14.33,13.642380952380972,13.035400000000054,12.933899999999964,15.418800000000093,60.10999845189452,509476.1904761905,15.56804355908101,13.697000000000033,11.825956440919054,19.88,9.61,0.4279596474309262,0.4136690898661758,Bullish,-0.5,14.33,0.0,0.0,0.9380018813822346,0.0876190476190466,0
767,767,2020-07-15,14.409820000000002,14.21,13.72142857142859,13.065200000000054,12.920399999999967,15.399850000000093,57.95898903887517,487738.0952380953,15.597831476740206,13.772500000000033,11.947168523259855,19.88,9.61,0.4028580093874332,0.4115068737704273,Bearish,-0.1111111111111111,14.21,0.0,0.0,-2.1510094130193522,0.0790476190476177,-1
768,768,2020-07-16,14.783337,14.1,13.788095238095256,13.093600000000059,12.908899999999967,15.379850000000095,55.9814025264335,497619.0476190476,15.580184048146286,13.855000000000036,12.129815951853775,19.88,9.61,0.3698255806139006,0.403170615139122,Bearish,0.14285714285714285,14.1,0.0,1.0,-1.9775865124416683,0.06666666666666643,-1
769,769,2020-07-17,14.694962,14.18,13.87047619047621,13.122200000000054,12.899299999999965,15.36050000000009,57.127124616682174,488571.4285714286,15.542698425189338,13.942500000000033,12.342301574810724,19.88,9.61,0.346112702451002,0.391759032601498,Bearish,0.6666666666666666,14.18,0.0,0.0,1.1457220902486753,0.08238095238095511,0
770,770,2020-07-20,14.341523,14.58,13.972857142857164,13.164000000000055,12.892599999999964,15.344900000000093,62.397212035802994,320857.14285714284,15.46791778998216,14.061500000000033,12.655082210017905,19.88,9.61,0.35549876426125593,0.3845069789334496,Bearish,0.5,14.58,1.0,-1.0,5.27008741912082,0.1023809523809529,1
771,771,2020-07-21,14.365499,14.83,14.098095238095258,13.211800000000055,12.887599999999964,15.331300000000093,65.27061784556946,342976.19047619053,15.384001983287838,14.186500000000033,12.988998016712227,19.88,9.61,0.37874426836602737,0.3833544368199651,Bearish,0.2,14.83,1.0,0.0,2.873405809766467,0.12523809523809426,1
772,772,2020-07-22,14.507110999999998,14.59,14.205714285714304,13.258600000000055,12.883399999999964,15.314300000000095,60.4917095741206,363880.9523809524,15.163808292856155,14.298000000000027,13.432191707143906,19.88,9.61,0.3734950847630287,0.3813825664085778,Bearish,0.0,14.59,-1.0,0.0,-4.778908271448863,0.10761904761904617,-1
773,773,2020-07-23,14.684194,14.5,14.307619047619063,13.303600000000058,12.878299999999964,15.301850000000092,58.75443844752473,370214.2857142858,14.948164224282202,14.379500000000027,13.810835775717859,19.88,9.61,0.3579466351052609,0.3766953801479144,Bearish,0.0,14.5,0.0,1.0,-1.7372711265958714,0.10190476190475906,-1
774,774,2020-07-24,15.010936,14.48,14.384285714285731,13.350000000000055,12.876299999999965,15.291200000000092,58.35337792598768,371261.9047619047,14.922670147921705,14.412000000000033,13.901329852078359,19.88,9.61,0.3400901957995419,0.3693743432782399,Bearish,0.25,14.48,0.0,1.0,-0.4010605215370475,0.07666666666666799,0
775,775,2020-07-27,15.034398999999999,14.7,14.425714285714305,13.40100000000006,12.883199999999965,15.282200000000095,61.46908038711192,349880.95238095237,14.946808536495324,14.422000000000025,13.897191463504742,19.88,9.61,0.33977429382725965,0.3634543333880439,Bearish,0.0,14.7,1.0,0.0,3.1157024611242434,0.04142857142857359,1
776,776,2020-07-28,14.764657999999999,14.62,14.43142857142859,13.44640000000006,12.888799999999964,15.27380000000009,59.71945911354292,328714.2857142857,14.825163520139803,14.397000000000027,13.968836479860256,19.88,9.61,0.32927295417573177,0.35661805754558146,Bearish,-0.15,14.62,0.0,-1.0,-1.749621273569005,0.005714285714285339,-1
777,777,2020-07-29,14.639472,14.62,14.407619047619065,13.48880000000006,12.894999999999964,15.26590000000009,59.71945911354292,290380.95238095237,14.828144161855693,14.398000000000026,13.967855838144365,19.88,9.61,0.3172930105265195,0.34875304814176905,Bearish,-0.07692307692307693,14.62,0.0,0.0,0.0,-0.0238095238095255,0
778,778,2020-07-30,14.639029999999998,14.51,14.403333333333347,13.52740000000006,12.904999999999964,15.257200000000093,57.1264923032886,213095.23809523808,14.837563156274767,14.41200000000003,13.986436843725288,19.88,9.61,0.29551621125119354,0.33810568076365394,Bearish,0.0,14.51,0.0,0.0,-2.5929668102543175,-0.004285714285718001,-1
779,779,2020-07-31,14.665985000000001,14.51,14.416666666666682,13.566000000000058,12.915099999999963,15.248500000000092,57.126492303288614,217023.80952380953,14.844089918337154,14.427000000000026,14.009910081662905,19.88,9.61,0.27508691026623744,0.32550192666417066,Bearish,0.0,14.51,0.0,0.0,1.4210854715202004e-14,0.013333333333335418,0
780,780,2020-08-03,15.045651999999999,14.85,14.447142857142875,13.611400000000055,12.937299999999961,15.241500000000093,62.90081510695137,219404.76190476192,14.90480258882364,14.449000000000026,13.99319741117642,19.88,9.61,0.2830686612294073,0.31701527357721804,Bearish,0.0,14.85,1.0,1.0,5.774322803662756,0.03047619047619321,1
781,781,2020-08-04,15.118822,15.02,14.476190476190492,13.660200000000055,12.964299999999962,15.235450000000093,65.40937857766785,264119.04761904763,14.996078734034949,14.488000000000026,13.979921265965107,19.88,9.61,0.29965756969081525,0.3135437327999374,Bearish,0.0,15.02,1.0,0.0,2.5085634707164814,0.02904761904761699,1
782,782,2020-08-05,14.883958999999999,15.15,14.519523809523823,13.711600000000054,13.002499999999964,15.230100000000093,67.23396218406643,309476.19047619053,15.0792967777897,14.545500000000025,14.011703222210356,19.88,9.61,0.3196100470358978,0.3147569956471295,Bullish,0.0,15.15,1.0,-1.0,1.8245836063985763,0.043333333333331225,1
783,783,2020-08-06,14.946860000000001,14.98,14.566190476190494,13.757400000000056,13.048999999999964,15.223500000000096,62.58490135346069,327333.33333333326,15.134583916021814,14.568500000000027,14.00241608397824,19.88,9.61,0.3180387965565643,0.3154133558290165,Bullish,-0.25,14.98,-1.0,0.0,-4.649060830605741,0.04666666666667041,-1
784,784,2020-08-07,14.964478,14.9,14.58428571428573,13.801400000000053,13.091399999999965,15.216700000000095,60.465986926174644,322833.33333333326,15.17066867089481,14.595500000000026,14.020331329105241,19.88,9.61,0.3068016197245331,0.3136910086081198,Bearish,0.3333333333333333,14.9,0.0,0.0,-2.118914427286043,0.01809523809523661,-1
785,785,2020-08-10,15.05676,14.78,14.604285714285727,13.843400000000054,13.132599999999965,15.209300000000093,57.33049641599518,274619.04761904763,15.179623528896668,14.622000000000027,14.06437647110338,19.88,9.61,0.2849285994746573,0.3079385267814273,Bearish,0.0,14.78,0.0,0.0,-3.1354905101794657,0.01999999999999602,-1
786,786,2020-08-11,15.427764999999999,15.88,14.681904761904777,13.905000000000054,13.194599999999964,15.207450000000096,71.77767972831784,272785.71428571426,15.465253876894586,14.699500000000027,13.933746123105465,19.88,9.61,0.3522938559800277,0.3168095926211474,Bullish,-0.3333333333333333,15.88,1.0,1.0,14.447183312322657,0.07761904761905036,1
787,787,2020-08-12,15.678795999999998,15.97,14.760000000000018,13.972000000000055,13.255099999999965,15.205500000000093,72.59525156092099,352666.66666666674,15.698716220212633,14.787500000000026,13.87628377978742,19.88,9.61,0.40823764548161456,0.3350952031932408,Bullish,0.25,15.97,0.0,1.0,0.81757183260315,0.07809523809524066,0
788,788,2020-08-13,15.549822,15.65,14.828571428571445,14.032000000000055,13.315499999999965,15.20200000000009,65.3467332791716,446785.7142857143,15.792652952336535,14.865000000000027,13.937347047663515,19.88,9.61,0.4218889034047191,0.3524539432355365,Bullish,0.0,15.65,-1.0,0.0,-7.248518281749384,0.06857142857142762,-1
789,789,2020-08-14,15.607137,15.65,14.902380952380964,14.089200000000055,13.366599999999965,15.198250000000092,65.3467332791716,498285.7142857143,15.870342797889645,14.938500000000026,14.006657202110405,19.88,9.61,0.4277764826504029,0.3675184511185098,Bullish,0.0,15.65,0.0,0.0,0.0,0.0738095238095191,0
790,790,2020-08-17,15.584214999999999,16.82,15.02809523809525,14.172000000000056,13.422899999999965,15.195350000000095,75.65450652498706,555738.0952380953,16.275432243015462,15.050500000000026,13.825567756984587,19.88,9.61,0.5208476460747953,0.3981842901097669,Bullish,0.1111111111111111,16.82,1.0,0.0,10.307773245815454,0.12571428571428633,1
791,791,2020-08-18,16.2739,16.07,15.099047619047631,14.24060000000006,13.463499999999964,15.185400000000095,62.765935574224436,686285.7142857143,16.4098954678427,15.112500000000026,13.815104532157353,19.88,9.61,0.5280020032184094,0.42414783273149537,Bullish,-0.1111111111111111,16.07,-1.0,1.0,-12.88857095076262,0.07095238095238088,-1
792,792,2020-08-19,16.512512,15.12,15.112857142857154,14.285000000000059,13.485899999999964,15.171000000000095,50.93026375756575,947833.3333333336,16.414082742404833,15.139000000000026,13.863917257595219,19.88,9.61,0.4518066761574975,0.4296796014166958,Bullish,-0.16666666666666666,15.12,-1.0,1.0,-11.835671816658689,0.013809523809522162,-1
793,793,2020-08-20,16.297081,14.67,15.116666666666687,14.318400000000059,13.494899999999964,15.154400000000093,46.461046310458,1067809.5238095238,16.40760912225034,15.147500000000026,13.887390877749715,19.88,9.61,0.35106325266353444,0.4139563316660636,Bearish,0.07692307692307693,14.67,-1.0,-1.0,-4.469217447107745,0.003809523809533033,-1
794,794,2020-08-21,15.755510000000001,14.62,15.122380952380967,14.350800000000055,13.503199999999962,15.136850000000093,45.97826514967672,1323857.142857143,16.401183199525228,15.154500000000025,13.907816800474828,19.88,9.61,0.2641438951948931,0.3839938443718295,Bearish,-0.25,14.62,0.0,-1.0,-0.4827811607812791,0.00571428571428001,0
795,795,2020-08-24,15.229071,14.44,15.120476190476206,14.38980000000006,13.519399999999964,15.113450000000093,44.19773817471272,1583023.8095238097,16.412063260911655,15.141500000000025,13.8709367390884,19.88,9.61,0.1786755223041343,0.34293017995829045,Bearish,0.17647058823529413,14.44,-1.0,-1.0,-1.7805269749640047,-0.0019047619047611875,-1
796,796,2020-08-25,14.937664000000002,14.62,15.116666666666687,14.431200000000059,13.538399999999962,15.090550000000094,46.431763094327366,1606642.8571428568,16.412063260911655,15.141500000000025,13.8709367390884,19.88,9.61,0.1240359079617548,0.2991513255589833,Bearish,0.0,14.62,1.0,-1.0,2.2340249196146473,-0.003809523809518822,1
797,797,2020-08-26,14.690520000000001,14.7,15.120476190476206,14.47120000000006,13.555599999999965,15.069950000000093,47.43893256382783,1631023.8095238097,16.409959963770554,15.145500000000027,13.881040036229491,19.88,9.61,0.0861953450671642,0.2565601294606195,Bearish,0.0,14.7,0.0,-1.0,1.007169469500461,0.003809523809518822,0
798,798,2020-08-27,15.0591,14.81,15.129523809523823,14.518400000000055,13.571599999999965,15.051950000000096,48.86264041929629,1666452.3809523808,16.401346082307803,15.160500000000026,13.919653917692251,19.88,9.61,0.06434082604642022,0.21811626877777965,Bearish,0.08333333333333333,14.81,0.0,1.0,1.4237078554684643,0.009047619047617417,1
799,799,2020-08-28,15.164596,14.87,15.146666666666682,14.56720000000006,13.590299999999962,15.031600000000093,49.663548271930075,1692642.8571428568,16.39120400344785,15.178500000000026,13.965795996552204,19.88,9.61,0.0512714356336268,0.18474730214894908,Bearish,0.0625,14.87,0.0,0.0,0.8009078526337845,0.01714285714285957,0
800,800,2020-08-31,14.863654,15.08,15.173809523809538,14.624800000000059,13.621099999999961,15.012600000000093,52.46943391120282,1691023.8095238097,16.394358750530245,15.190000000000026,13.985641249469808,19.88,9.61,0.05719973162777948,0.15923778804471514,Bearish,0.0,15.08,1.0,-1.0,2.805885639272745,0.027142857142855803,1
801,801,2020-09-01,14.916792999999998,15.16,15.188571428571446,14.68140000000006,13.651299999999962,14.996050000000093,53.532097530778636,1765285.7142857143,16.39895008214922,15.197000000000026,13.995049917850835,19.88,9.61,0.06757432556476317,0.14090509554872474,Bearish,0.0,15.16,0.0,0.0,1.0626636195758152,0.014761904761908085,1
802,802,2020-09-02,15.003237,14.99,15.187142857142875,14.73400000000006,13.680099999999962,14.97810000000009,50.92648322327579,1770476.1904761903,16.394220311801213,15.189000000000027,13.983779688198853,19.88,9.61,0.06137123733231675,0.12499832390544315,Bearish,0.18181818181818185,14.99,-1.0,0.0,-2.6056143075028473,-0.0014285714285708906,-1
803,803,2020-09-03,15.117087,15.07,15.183333333333351,14.778000000000059,13.711199999999964,14.959850000000095,52.10785318474402,1777309.5238095238,16.39623480035227,15.193500000000027,13.990765199647784,19.88,9.61,0.062193646981169685,0.11243738852058846,Bearish,0.05555555555555555,15.07,0.0,0.0,1.181369961468235,-0.0038095238095241513,1
804,804,2020-09-04,15.498968,14.92,15.180476190476208,14.799800000000054,13.730799999999961,14.938900000000093,49.692314896106396,1804857.1428571432,16.396289915075894,15.194500000000026,13.992710084924164,19.88,9.61,0.05016341354957632,0.09998259352638604,Bearish,0.0,14.92,-1.0,1.0,-2.4155382886376273,-0.0028571428571435575,-1
805,805,2020-09-07,15.490532,15.08,15.189047619047635,14.811400000000058,13.752499999999962,14.91855000000009,52.23578588568854,1840190.476190476,16.39763256835165,15.209500000000027,14.021367431648411,19.88,9.61,0.0529298869174184,0.0905720522045925,Bearish,-0.3333333333333333,15.08,1.0,0.0,2.543470989582147,0.00857142857142712,1
806,806,2020-09-08,15.203688,14.9,15.194761904761922,14.807000000000055,13.775499999999962,14.896800000000093,49.22084549460378,1854380.9523809524,16.314319309934607,15.160500000000033,14.00668069006546,19.88,9.61,0.040135187853278964,0.08048467933432979,Bearish,0.0,14.9,-1.0,-1.0,-3.014940391084764,0.005714285714287115,-1
807,807,2020-09-09,15.020427,14.85,15.145714285714304,14.812000000000058,13.801099999999964,14.872350000000093,48.385420812427924,1866761.9047619046,16.203125959996473,15.104500000000026,14.005874040003588,19.88,9.61,0.025664865932904846,0.0695207166540448,Bearish,-0.25,14.85,0.0,0.0,-0.8354246821758551,-0.04904761904761834,0
808,808,2020-09-10,14.985929999999998,14.96,15.097619047619064,14.826600000000058,13.823899999999961,14.847750000000095,50.38075546314384,1792380.9523809524,16.140924833953353,15.070000000000027,13.999075166046708,19.88,9.61,0.02281017079947389,0.06017860748313063,Bearish,0.0,14.96,0.0,0.0,1.9953346507159182,-0.04809523809523952,1
809,809,2020-09-11,15.016523999999999,15.0,15.066666666666686,14.842400000000055,13.845799999999961,14.825300000000093,51.12073550332386,1708047.6190476192,16.074975300900242,15.037500000000033,14.00002469909982,19.88,9.61,0.02350452451773144,0.05284379089005079,Bearish,0.0,15.0,0.0,0.0,0.739980040180015,-0.030952380952378178,0
810,810,2020-09-14,15.411482000000001,14.92,15.031904761904785,14.852600000000058,13.868399999999962,14.802250000000093,49.529805191177466,1663380.9523809524,15.580900344594019,14.942500000000033,14.304099655406047,19.88,9.61,0.017398909630125914,0.04575481463806581,Bearish,-0.125,14.92,0.0,1.0,-1.5909303121463907,-0.03476190476190055,-1
811,811,2020-09-15,15.419893,14.79,14.935238095238116,14.863600000000055,13.884599999999962,14.778450000000095,46.9716441890347,1607190.4761904762,15.254759219126427,14.878500000000036,14.502240780873642,19.88,9.61,0.0020466596796620004,0.03701318364638505,Bearish,0.2222222222222222,14.79,0.0,0.0,-2.558161002142768,-0.09666666666666934,-1
812,812,2020-09-16,15.059628,14.73,14.871428571428591,14.878200000000055,13.899899999999962,14.754100000000093,45.795985534630674,1496285.7142857143,15.223411854880727,14.859000000000036,14.49458814511934,19.88,9.61,-0.014791104921750176,0.026652325932758,Bearish,-0.3333333333333333,14.73,0.0,-1.0,-1.1756586544040246,-0.06380952380952465,-1
813,813,2020-09-17,14.878898000000001,14.99,14.865238095238118,14.887600000000054,13.918599999999962,14.731250000000093,51.46499687351175,1219833.333333333,15.232854719093703,14.875000000000036,14.517145280906364,19.88,9.61,-0.0070737853938336315,0.019907103667439675,Bearish,-0.5,14.99,1.0,0.0,5.669011338881077,-0.006190476190473859,1
814,814,2020-09-18,14.921698000000001,14.89,14.875714285714304,14.898200000000054,13.936299999999962,14.708250000000096,49.32810927797296,1107785.7142857143,15.226687817607107,14.888500000000036,14.550312182392958,19.88,9.61,-0.008924047468614305,0.014140873440228881,Bearish,-0.375,14.89,0.0,0.0,-2.136887595538788,0.010476190476186531,-1
815,815,2020-09-21,14.972085,14.9,14.889047619047641,14.911200000000054,13.957799999999965,14.684900000000093,49.553680605737256,862976.1904761904,15.17992317332495,14.911500000000036,14.643076826675115,19.88,9.61,-0.00947426365291548,0.009417846021600007,Bearish,0.25,14.9,0.0,0.0,0.22557132776429256,0.013333333333337194,0
816,816,2020-09-22,15.323695,14.26,14.88047619047621,14.909800000000056,13.972599999999964,14.659450000000096,37.91933099058146,615119.0476190476,15.265858698002427,14.893500000000033,14.521141301997636,19.88,9.61,-0.060851506946567824,-0.00463602457203356,Bearish,-0.16666666666666666,14.26,-1.0,1.0,-11.634349615155799,-0.008571428571430673,-1
817,817,2020-09-23,15.168621,14.47,14.873333333333356,14.915000000000054,13.990099999999964,14.63555000000009,42.6752289298994,648476.1904761904,15.290049016636207,14.882000000000033,14.473950983363855,19.88,9.61,-0.08365873167012161,-0.020440565991651168,Bearish,0.375,14.47,1.0,0.0,4.75589793931794,-0.007142857142854453,1
818,818,2020-09-24,14.816148000000002,13.8,14.830476190476212,14.909000000000054,14.001299999999965,14.610750000000095,33.78293666891925,621547.6190476189,15.455528044223595,14.831500000000036,14.207471955776471,19.88,9.61,-0.15402155751712066,-0.04715676429674507,Bearish,0.0,13.8,-1.0,-1.0,-8.892292260980149,-0.04285714285714448,-1
819,819,2020-09-25,14.364522000000001,13.99,14.791428571428591,14.905200000000054,14.013699999999965,14.583550000000093,37.744606967236656,678285.7142857143,15.510683932328286,14.787500000000033,14.064316067671776,19.88,9.61,-0.1922372010437776,-0.07617285164615159,Bearish,0.0,13.99,1.0,-1.0,3.961670298317408,-0.03904761904762033,1
820,820,2020-09-28,14.268920999999999,13.73,14.73714285714288,14.888200000000055,14.026099999999962,14.55895000000009,34.686366360899356,652166.6666666665,15.563397889478884,14.720000000000036,13.876602110521187,19.88,9.61,-0.2407282357037648,-0.10908392845767424,Bearish,0.0,13.73,-1.0,0.0,-3.0582406063373,-0.054285714285711606,-1
821,821,2020-09-29,14.010789,13.82,14.67714285714288,14.868000000000055,14.039899999999962,14.533100000000093,36.60128806811874,724333.3333333335,15.556683572926815,14.653000000000036,13.749316427073252,19.88,9.61,-0.2687969581786405,-0.14102653440186744,Bearish,0.25,13.82,0.0,-1.0,1.914921707219385,-0.0600000000000005,1
822,822,2020-09-30,14.394557999999998,14.37,14.639523809523833,14.863600000000053,14.061099999999962,14.510000000000096,46.85565984694696,713047.619047619,15.519832946587384,14.622000000000035,13.724167053412685,19.88,9.61,-0.2438502654375476,-0.1615912806090035,Bearish,0.13333333333333333,14.37,1.0,1.0,10.254371778828222,-0.03761904761904589,1
823,823,2020-10-01,14.480019,14.05,14.594761904761928,14.854600000000053,14.079099999999961,14.483400000000096,42.544050251800435,722071.4285714284,15.477088295905864,14.571000000000035,13.664911704094207,19.88,9.61,-0.2470532809203085,-0.1786836806712645,Bearish,-0.14285714285714285,14.05,-1.0,0.0,-4.311609595146528,-0.04476190476190567,-1
824,824,2020-10-02,14.146427,13.6,14.524761904761927,14.837000000000053,14.093499999999958,14.457550000000095,37.34044777315908,672738.0952380953,15.48875810033647,14.505000000000036,13.521241899663599,19.88,9.61,-0.2826447798777956,-0.19947590051257072,Bearish,0.0,13.6,-1.0,-1.0,-5.203602478641358,-0.07000000000000028,-1
825,825,2020-10-05,13.926589000000002,13.01,14.433809523809547,14.803200000000052,14.102099999999954,14.425050000000095,31.841463466079663,629452.3809523811,15.544220875794926,14.401500000000036,13.258779124205143,19.88,9.61,-0.3543743613416073,-0.2304555926783781,Bearish,0.0,13.01,-1.0,-1.0,-5.498984307079414,-0.09095238095238045,-1
826,826,2020-10-06,13.696735,12.97,14.333333333333357,14.770200000000052,14.108299999999964,14.393900000000095,31.50274102940857,616214.2857142857,15.581205312626984,14.305000000000039,13.028794687373091,19.88,9.61,-0.40972518030793736,-0.2663095102042899,Bearish,0.0,12.97,0.0,-1.0,-0.3387224366710946,-0.10047619047618994,0
827,827,2020-10-07,13.368138,13.41,14.262380952380981,14.746000000000052,14.117399999999964,14.364400000000096,39.16852631816103,616428.5714285715,15.540197001211968,14.233000000000038,12.925802998788106,19.88,9.61,-0.4133222586398713,-0.2957120598914061,Bearish,0.0,13.41,1.0,-1.0,7.66578528875246,-0.07095238095237555,1
828,828,2020-10-08,13.801657,13.34,14.190476190476215,14.722600000000053,14.124999999999964,14.332000000000093,38.43163678763091,625428.5714285715,15.469688885882164,14.152000000000038,12.834311114117913,19.88,9.61,-0.4170143028185685,-0.3199725084768386,Bearish,0.0,13.34,0.0,1.0,-0.7368895305301209,-0.0719047619047668,0
