Date,Predicted Price,Original Price,21 SMA,RSI,Upper BBand,Middle BBand,Lower BBand,MACD,MACD Signal,Score,Signal,Open,High,Low,Close,Volume
2019-08-19,91.16453,94.3516,94.28298571428594,50.86768337034279,95.31675751091879,94.27054499999998,93.2243324890812,-0.0555649163324858,-0.0182790710018596,0,1.0,94.3516,94.3516,94.3422,94.3516,2500
2019-08-20,91.24163,96.7507,94.38864761904784,67.31085482670754,95.88545422021991,94.38149,92.87752577978006,0.150973879363633,0.0155715190712388,1,1.0,93.8775,99.0645,93.8775,96.7507,15500
2019-08-21,91.90423,98.6093,94.58281428571449,74.44595743048579,96.97577850780121,94.601485,92.22719149219877,0.4593359115544615,0.1043243975678833,1,1.0,95.2051,98.6093,95.2051,98.6093,2000
2019-08-22,92.966606,100.0317,94.86006666666692,78.34208978688251,98.23452134900566,94.90303,91.57153865099431,0.8091633053044802,0.2452921791152027,-1,1.0,98.4291,100.0317,98.1447,100.0317,2000
2019-08-23,94.23937,99.586,95.12602857142879,74.50866922050066,99.05329309353012,95.19225,91.33120690646986,1.0384689465011692,0.403927532592396,0,-1.0,99.4722,100.3636,99.0929,99.586,3500
2019-08-26,95.095245,99.5576,95.40012380952405,74.25932305638291,99.72436106894756,95.477205,91.23004893105242,1.2040244323789009,0.563946912549697,-1,0.0,98.524,100.9894,98.1921,99.5576,13500
2019-08-27,95.92324,99.5576,95.67150952380976,74.25932305638291,100.27095745838258,95.78539,91.29982254161742,1.3200120702332043,0.7151599440863985,0,0.0,98.524,100.9894,98.1921,99.5576,13500
2019-08-28,96.32286,98.6188,95.92031428571451,65.81534398922715,100.60044279267578,95.96887999999998,91.3373172073242,1.3209526745893356,0.8363184901869859,1,-1.0,98.6188,98.6188,97.6705,98.6188,3500
2019-08-29,96.3234,95.9068,95.96592380952404,48.617029983896856,100.6223188825486,96.003495,91.38467111745136,1.0902941432491104,0.8871136207994108,-1,-1.0,96.7223,98.6188,95.0628,95.9068,14500
2019-08-30,95.35229,97.1964,96.06030000000023,54.68139426477589,100.72254215035312,96.076985,91.43142784964688,1.0000278392845416,0.9096964644964368,1,1.0,97.1964,97.1964,97.1964,97.1964,500
2019-09-02,94.85256,98.2964,96.18267142857168,59.114036297366745,100.94058052006105,96.280385,91.62018947993893,1.0056593351609138,0.9288890386293324,-1,1.0,96.7223,101.4636,96.7223,98.2964,17500
2019-09-03,94.788765,97.1964,96.324004761905,53.48067408427972,101.00981008263969,96.424995,91.8401799173603,0.9108616828115146,0.9252835674657688,0,-1.0,98.2395,98.2395,97.1964,97.1964,1500
2019-09-04,94.60051,95.5844,96.38496666666693,46.488956240236796,101.00425165764746,96.46766999999998,91.93108834235252,0.697617235155306,0.8797503010036761,-1,-1.0,96.7223,96.7223,94.8258,95.5844,6000
2019-09-05,93.76443,96.9119,96.48882380952404,52.04854864968629,100.99959196288995,96.61938999999998,92.23918803711001,0.6284927563915517,0.8294987920812512,1,1.0,96.7223,97.1016,96.7223,96.9119,1000
2019-09-06,93.8545,97.1869,96.64641428571451,53.13480616995891,100.99811246748042,96.77679999999998,92.55548753251956,0.589110412557929,0.7814211161765867,0,0.0,97.149,97.1964,97.149,97.1869,3000
2019-09-09,94.01503,97.1869,96.79632857142879,53.13480616995891,100.96590510202574,96.93420999999998,92.9025148979742,0.551541790892756,0.7354452511198206,1,0.0,97.149,97.1964,97.149,97.1869,3000
2019-09-10,93.985756,97.1869,96.94624285714308,53.13480616995891,100.89838090377529,97.09161999999996,93.2848590962246,0.5158223090651289,0.6915206627088823,-1,0.0,97.149,97.1964,97.149,97.1869,3000
2019-09-11,93.845894,96.6749,97.0717761904764,50.47588013050922,100.77203537119932,97.22342999999996,93.67482462880062,0.4411153382991557,0.6414395978269369,1,-1.0,97.1869,97.1869,96.6749,96.6749,2500
2019-09-12,94.00532,95.4137,97.13725238095259,44.56058130803855,100.63885257593388,97.29217999999996,93.94550742406605,0.2769487334164324,0.5685414249448362,0,-1.0,94.8258,97.6705,93.4034,95.4137,57000
2019-09-13,93.631645,93.337,97.1038380952383,36.893689116069325,100.75094056699541,97.25709499999996,93.76324943300452,-0.0204906149494235,0.4507350169659842,-1,-1.0,93.4887,94.8258,90.7957,93.337,31500
2019-09-16,92.72906,90.2457,96.92321904761928,28.91770319060852,101.54422967981763,97.05179999999996,92.55937032018228,-0.4998930603648546,0.2606094014998164,-1,-1.0,90.8051,92.7396,89.6103,90.2457,9000
2019-09-17,91.19076,90.0371,96.71776666666688,28.47041855467457,102.15250401462824,96.71611999999996,91.27973598537169,-0.88643693571467,0.0312001340569191,-1,0.0,90.0845,91.0327,89.1362,90.0371,3500
2019-09-18,89.79281999999998,90.0276,96.39761904761929,28.448837200636397,102.37376230301105,96.28703499999996,90.20030769698884,-1.1799406906387022,-0.2110280308822051,0,0.0,89.1457,90.9379,89.1362,90.0276,3000
2019-09-19,88.69448,89.3259,95.95555238095258,26.83100198894877,102.2930816088301,95.75174499999994,89.21040839116979,-1.4524232257998335,-0.4593070698657308,-1,0.0,88.2354,90.0276,88.2354,89.3259,3500
2019-09-20,87.80174,89.1362,95.43671904761923,26.394007819772085,102.12199656472012,95.22925499999994,88.33651343527973,-1.6644876254183885,-0.7003431809762624,0,0.0,92.9198,92.9198,88.18799999999996,89.1362,7000
2019-09-23,86.98145,86.3389,94.80590476190494,20.97026520817609,102.17248427350998,94.56831999999994,86.9641557264899,-2.034812865855514,-0.9672371179521126,0,-1.0,89.9896,89.9896,84.6794,86.3389,106
2019-09-24,86.06991,86.3863,94.1787000000002,21.265510327536926,101.94088133034971,93.90975499999992,85.87862866965014,-2.2979837765585955,-1.2333864496734093,0,0.0,82.8682,88.0931,82.8682,86.3863,20500
2019-09-25,85.33549000000002,84.9449,93.4828571428573,18.947406735089587,101.84394482133119,93.22605999999992,84.60817517866869,-2.5929674384876904,-1.5053026474362654,1,-1.0,86.1966,86.1966,84.3949,84.9449,3000
2019-09-26,84.28341,83.4277,92.75947142857164,16.863630382861274,102.11393751398147,92.60210499999992,83.09027248601836,-2.915560707081852,-1.7873542593653826,0,-1.0,84.1958,85.0587,82.0717,83.4277,21000
2019-09-27,83.29304499999998,85.2958,92.25418571428592,27.444335712808925,101.7801821932946,92.00707499999993,82.23396780670527,-2.986056735671795,-2.027094754626665,0,1.0,86.6707,86.6707,85.2484,85.2958,502000
2019-09-30,82.58694,86.7276,91.75567142857165,34.3416562314264,101.01188613629162,91.42863499999993,81.84538386370824,-2.8930418664967164,-2.200284177000676,-1,1.0,84.8691,88.3776,84.8691,86.7276,17000
2019-10-01,82.94317,85.4759,91.14517142857164,31.52063341259893,100.37668516834934,90.84260999999992,81.30853483165049,-2.8870485431658466,-2.3376370502337096,0,-1.0,85.3527,86.6707,84.4234,85.4759,20500
2019-10-02,82.90691,84.7932,90.55454285714303,30.06975956617204,99.92366573549893,90.30304999999993,80.68243426450094,-2.9039124802352063,-2.450892136234009,1,-1.0,83.4751,84.8501,83.4656,84.7932,3000
2019-10-03,82.61323,85.8173,90.08944285714304,34.90978422118712,99.05500343646294,89.74831999999992,80.44163656353692,-2.802337359930746,-2.5211811809733566,1,1.0,83.7217,86.1966,83.7217,85.8173,4500
2019-10-04,82.96229,88.8992,89.70788571428591,46.83506694200511,97.99448944791108,89.33393499999994,80.67338055208877,-2.4449706718297506,-2.5059390791446354,1,1.0,86.2914,89.1362,85.3432,88.8992,30000
2019-10-07,83.981705,91.5069,89.43740952380972,54.44097635406217,97.0056325096612,89.04993499999996,81.09423749033866,-1.9290979598209503,-2.3905708552798983,1,1.0,90.9853,93.337,89.1457,91.5069,11
2019-10-08,85.21547,90.7008,89.12854761904781,51.96605390933257,95.8090937784438,88.72562999999994,81.64216622155604,-1.56724443377621,-2.2259055709791613,0,-1.0,89.1362,90.8336,89.1362,90.7008,2500
2019-10-09,86.16171,90.0845,88.7903380952383,50.09112666850323,94.51756833994841,88.39610999999994,82.27465166005149,-1.3150441562907105,-2.0437332880414707,1,-1.0,90.5017,90.5017,89.1362,90.0845,1500
2019-10-10,86.83366,92.0758,88.57133333333357,55.6579752527495,93.72644578114952,88.22921499999994,82.7319842188504,-0.9436149456534508,-1.823709619563867,-1,1.0,90.5586,92.0758,90.5586,92.0758,1500
2019-10-11,87.87994,92.9387,88.4534761904764,57.8518825999148,93.63478763744915,88.20929999999994,82.78381236255076,-0.5730203795341993,-1.5735717715579332,1,1.0,92.9292,94.8258,92.4551,92.9387,93000
2019-10-14,88.86068,93.7536,88.4733142857145,59.871124213607565,94.26953399406081,88.38469499999994,82.49985600593907,-0.2111320969104753,-1.3010838366284416,0,1.0,93.7536,93.7536,93.7536,93.7536,500
2019-10-15,89.43786999999998,95.0398,88.70160476190495,62.89285982248434,95.16882234530618,88.63482999999994,82.10083765469369,0.1774075216341657,-1.0053855649759202,0,1.0,93.7635,95.0398,93.7635,95.0398,9500
2019-10-16,90.168335,97.1605,89.04081428571449,67.26920383461163,96.49705435669243,88.99147499999997,81.48589564330747,0.6489698151191874,-0.6745144889568987,-1,1.0,96.8562,99.0653,96.8562,97.1605,50500
2019-10-17,91.61722,94.2544,89.24209047619068,57.29679060433893,97.08698454866669,89.23789999999994,81.38881545133319,0.7792061440305957,-0.3837703623593997,1,-1.0,96.218,96.218,94.2544,94.2544,4000
2019-10-18,91.877525,94.2544,89.47678095238115,57.29679060433893,97.64102758710978,89.49380999999997,81.34659241289013,0.8723633117642464,-0.1325436275346705,-1,0.0,96.218,96.218,94.2544,94.2544,4000
2019-10-21,91.92486,92.2907,89.62699523809546,51.333096077427356,97.89058159397051,89.79139999999997,81.69221840602944,0.7787598014499935,0.0497170582622622,0,-1.0,90.5235,92.2907,90.5235,92.2907,1
2019-10-22,91.30036,92.2907,89.9104142857145,51.333096077427356,98.09776735818217,90.08661999999997,82.07547264181775,0.6965489622983796,0.1790834390694857,-1,0.0,90.5235,92.2907,90.5235,92.2907,1
2019-10-23,90.99308,92.4478,90.19905714285736,51.798591308408824,98.17170171810707,90.46176499999994,82.75182828189284,0.6367330745038231,0.2706133661563532,0,0.0,92.2907,93.0075,92.0355,92.4478,1500
2019-10-24,90.0845,90.3271,90.45535238095259,45.47527909627077,97.8120986480355,90.80673499999996,83.80137135196439,0.4134399080037667,0.2991786745258359,0,-1.0,90.4056,92.1435,90.3271,90.3271,25500
2019-10-25,89.41955,89.8166,90.75958571428593,44.080285329868936,97.58965963095244,91.03277499999994,84.47589036904745,0.1930599068085285,0.2779549209823744,0,0.0,89.8362,90.3271,88.3635,89.8166,17000
2019-10-28,88.46194,88.6776,90.920623809524,41.05429099176047,97.48300469388859,91.13027499999995,84.77754530611129,-0.0726629990488021,0.2078313369761391,0,-1.0,89.3453,89.3453,88.3635,88.6776,4000
2019-10-29,87.65459399999997,88.6776,91.01348095238116,41.05429099176047,97.21179541193504,91.29035999999996,85.36892458806486,-0.2800223925376173,0.1102605910733878,0,0.0,89.3453,89.3453,88.3635,88.6776,4000
2019-10-30,87.126526,88.3635,91.15098571428592,40.17230031612727,96.77986466254214,91.46887499999994,86.15788533745773,-0.46434872769224,-0.0046612726797377,-1,0.0,88.3733,88.7562,88.3635,88.3635,3000
2019-10-31,86.36976,88.3635,91.32100000000021,40.17230031612727,96.46264065408958,91.59618499999996,86.7297293459103,-0.6034722241502237,-0.1244234629738349,0,0.0,88.3733,88.7562,88.3635,88.3635,3000
2019-11-01,86.09479499999998,88.2751,91.4380380952383,39.892562572307504,96.507618073187,91.56497999999996,86.62234192681292,-0.7126467900457811,-0.2420681283882241,1,0.0,88.3635,88.3635,87.3915,88.2751,25500
2019-11-04,85.79018,88.3635,91.41252857142875,40.33995908784531,96.54396436564406,91.40780999999994,86.27165563435585,-0.7830092358038883,-0.350256349871357,1,0.0,88.3438,88.3635,88.3438,88.3635,1500
2019-11-05,85.76290999999998,88.3536,91.26237142857158,40.30377832172066,96.5905118209723,91.29044999999994,85.99038817902759,-0.8300030695368434,-0.4462056938044543,0,0.0,88.3635,88.3635,87.3817,88.3536,5500
2019-11-06,85.70196999999997,86.7926,91.07626666666685,34.97686555501943,96.75946459723284,91.12585499999993,85.49224540276703,-0.9818870923243423,-0.553341973508432,1,-1.0,88.3635,88.3635,86.5962,86.7926,5500
2019-11-07,85.32552,86.3998,90.90080476190495,33.76743441133065,96.81717235500092,90.84205499999992,84.86693764499894,-1.1210294225159885,-0.6668794633099433,1,0.0,88.3144,88.3144,86.3998,86.3998,13000
2019-11-08,84.86152,84.9271,90.56039047619065,29.630599501952247,96.85850893630159,90.44147499999993,84.02444106369826,-1.3347491464836168,-0.8004533999446779,1,-1.0,84.5344,86.3017,84.4362,84.9271,9500
2019-11-11,84.1159,84.554,90.16111904761921,28.67224226270455,96.69494687739055,89.98149499999992,83.2680431226093,-1.516745521142198,-0.943711824184182,0,0.0,86.3998,86.3998,84.4264,84.554,34000
2019-11-12,83.46169,84.2104,89.70668095238113,27.781096071673,96.18105568318498,89.44002499999992,82.69899431681486,-1.669460110733482,-1.088861481494042,0,0.0,84.4362,84.4362,83.4544,84.2104,10000
2019-11-13,82.6641,87.7646,89.36024285714304,46.354578852292725,94.73208111266638,88.97022999999994,83.2083788873335,-1.4865571810886706,-1.168400621412968,0,1.0,85.4082,88.4126,85.4082,87.7646,69500
2019-11-14,83.17312,86.93,88.87307619047638,43.5238947409758,93.88704672746373,88.60400999999996,83.32097327253615,-1.3928941201864546,-1.2132993211676653,0,-1.0,87.8726,88.8544,86.9006,86.93,4000
2019-11-15,83.38826,88.3635,88.5925571428573,49.25568348251294,92.91268535288776,88.30946499999992,83.70624464711209,-1.1892846665430028,-1.2084963902427328,0,1.0,86.5078,88.3635,86.39,88.3635,17000
2019-11-18,84.145035,89.3453,88.35879047619066,52.789727520415326,92.42217483681208,88.16219499999991,83.90221516318775,-0.9378882607933718,-1.1543747643528606,1,1.0,88.3635,90.3075,87.8726,89.3453,9000
2019-11-19,84.80389,89.1489,88.20918095238113,52.00941308431089,91.85666647322607,88.00510499999994,84.15354352677375,-0.7459043159947356,-1.0726806746812356,0,0.0,86.3998,89.1489,86.3998,89.1489,3500
2019-11-20,85.88801,88.3635,88.02217142857158,48.896735195630725,91.07898278998353,87.80088999999991,84.5227972100163,-0.6496422017964251,-0.9880729801042736,0,-1.0,89.3453,89.3453,88.3635,88.3635,1000
2019-11-21,85.81219,88.3046,87.82487619047636,48.661529914979006,90.77862593177878,87.6997649999999,84.62090406822108,-0.5715184120194436,-0.9047620664873076,-1,0.0,86.3998,88.3046,86.3998,88.3046,3000
2019-11-22,85.95286999999998,88.7464,87.74960476190492,50.58174429542635,90.61118707983569,87.64625499999991,84.68132292016415,-0.4685539794361091,-0.8175204490770678,-1,0.0,87.3817,90.278,87.3817,88.7464,9000
2019-11-25,86.06539000000002,89.1489,87.71780952380968,52.331055927043714,90.67439233205437,87.6698199999999,84.66524766794545,-0.3504359313501908,-0.7241035455316924,1,0.0,89.3453,89.3453,89.1489,89.1489,1500
2019-11-26,86.14327,87.6664,87.6696571428573,45.88799348392308,90.58811632487269,87.6192599999999,84.65040367512714,-0.372161837478302,-0.6537152039210143,0,-1.0,89.3355,89.3453,85.9089,87.6664,34500
2019-11-27,85.79966999999998,88.7562,87.67340000000017,50.69384918883632,90.63227329584488,87.6388949999999,84.64551670415494,-0.2980067857270683,-0.5825735202822251,0,1.0,85.41799999999998,88.7562,85.41799999999998,88.7562,4500
2019-11-28,85.83919499999998,90.5726,87.77859523809539,57.47321425342408,90.9940112948256,87.74934999999991,84.50468870517422,-0.0916140040333601,-0.4843816170324521,1,1.0,88.3831,91.0635,88.3831,90.5726,8500
2019-11-29,86.36349,95.0595,88.09745238095257,68.86239925654962,92.63828670288684,88.08856999999992,83.538853297113,0.4290631212712128,-0.3016926693717191,0,1.0,93.9598,95.0987,89.2471,95.0595,63500
2019-12-02,88.03846999999998,98.7216,88.59490476190494,74.79544409323465,95.10448760506806,88.60647499999992,82.10846239493179,1.1242447650708556,-0.0165051824832042,-1,1.0,97.9165,99.8114,96.7187,98.7216,173500
2019-12-03,90.10697,99.6544,89.13256666666685,76.04739762932404,97.25517921972269,89.1715149999999,81.08785078027714,1.7305022379615025,0.3328963016057371,0,0.0,101.1271,101.1271,99.1634,99.6544,25000
2019-12-04,92.40895,98.4762,89.61459523809542,71.2344161048274,98.70913832656588,89.75569499999992,80.80225167343393,2.091781998910464,0.6846734410666824,0,-1.0,99.1634,99.6544,95.4424,98.4762,200
2019-12-05,93.8267,100.0962,90.2481000000002,73.69920326015139,100.31072452934734,90.44051499999992,80.5703054706525,2.4802287404071137,1.0437845009347686,1,1.0,99.1634,100.1453,98.1816,100.0962,8500
2019-12-06,95.4009,99.1634,90.85589047619068,69.98090690622236,101.37644410971727,91.15232999999992,80.92821589028259,2.6818912445380083,1.3714058496554165,-1,-1.0,98.1816,101.1271,98.1816,99.1634,18000
2019-12-09,96.11271,94.3722,91.3056571428573,54.71210177246239,101.4887699309754,91.6432399999999,81.79771006902442,2.4271220811700545,1.582549095958344,-1,-1.0,96.7089,98.1816,94.3624,94.3722,17000
2019-12-10,95.12299,93.194,91.71708571428587,51.72346914381141,101.34222854691204,92.09241999999992,82.84261145308781,2.1058696360108944,1.687213203968854,1,-1.0,93.2725,93.2725,93.194,93.194,1000
2019-12-11,93.46113,94.6962,92.2164095238097,55.091752830459264,101.53231711951858,92.43899999999992,83.34568288048126,1.950011228709428,1.7397728089169688,1,1.0,92.7816,95.0398,92.2907,94.6962,13500
2019-12-12,92.813484,94.598,92.5418095238097,54.82247558010104,101.59524868193478,92.82239999999993,84.04955131806506,1.7978439725192883,1.7513870416374329,1,0.0,93.2725,94.598,93.2725,94.598,2500
2019-12-13,92.2869,94.2544,92.89059047619064,53.83102275280305,101.6638516875699,93.11694499999993,84.57003831242993,1.6307266752475869,1.7272549683594636,1,0.0,94.2544,95.2362,94.2544,94.2544,25000
2019-12-16,91.4641,96.8267,93.29360000000021,59.706008876436904,101.99967504123018,93.49101499999992,84.98235495876966,1.6864082608581017,1.7190856268591912,-1,1.0,96.2082,98.1816,93.518,96.8267,37500
2019-12-17,91.90604,97.6809,93.69053333333349,61.4598591753904,102.36803393548612,93.91761499999993,85.46719606451373,1.7789564175517256,1.7310597849976983,-1,0.0,99.1634,99.1634,95.6289,97.6809,18000
2019-12-18,92.91576,94.7551,93.95749523809543,52.95733107190632,102.29769698300377,94.23719499999994,86.17669301699611,1.5977954985219185,1.7044069277025422,-1,-1.0,94.3525,97.8871,94.3525,94.7551,27500
2019-12-19,92.84952,92.2416,94.14216666666687,46.94841194141946,102.08741260661684,94.43404499999994,86.78067739338304,1.2371446873330711,1.610954479628648,1,-1.0,93.2824,93.2824,91.3089,92.2416,21500
2019-12-20,91.90428,90.9751,94.26933333333356,44.22537943812091,101.92432568604751,94.54547999999996,87.16663431395241,0.8394536564890132,1.456654315000721,1,-1.0,88.3733,92.2809,88.3733,90.9751,22000
2019-12-23,91.004036,89.198,94.2908380952383,40.661623231115364,101.9196263175464,94.54793499999997,87.17624368245353,0.3765429781184366,1.2406320476242645,1,-1.0,87.8726,89.198,87.8726,89.198,1500
2019-12-24,89.66301,89.198,94.29317619047642,40.661623231115364,101.73588835577316,94.62451499999996,87.51314164422674,0.009572583633015998,0.9944201548260144,-1,0.0,87.8726,89.198,87.8726,89.198,1500
2019-12-25,88.218414,89.198,94.36610952380975,40.661623231115364,101.68732001724115,94.64660499999997,87.60588998275878,-0.2780489229710383,0.7399263392666038,-1,0.0,87.8726,89.198,87.8726,89.198,1500
2019-12-26,87.27113,88.5598,94.35675714285738,39.243218974657566,101.86863459443121,94.54596499999997,87.22329540556875,-0.5511353008178475,0.4817140112497135,0,0.0,86.4097,89.8264,86.4097,88.5598,8000
2019-12-27,86.70846,88.3635,94.25156190476211,38.79494998795853,102.00635305964336,94.21116499999997,86.4159769403566,-0.7744703797483368,0.2304771330501034,0,0.0,88.3635,90.7198,87.8726,88.3635,34000
2019-12-30,86.17130999999998,88.0689,93.91867619047642,38.091713008983824,101.6225111052465,93.67852999999997,85.7345488947534,-0.9641229871184008,-0.0084428909835974,1,0.0,88.3635,88.3635,88.0689,88.0689,2000
2019-12-31,85.92719,90.3271,93.5189380952383,46.14973893348599,100.784553177135,93.21216499999996,85.63977682286492,-0.9215827451762236,-0.1910708618221227,0,1.0,90.3271,90.3271,90.3271,90.3271,1000
2020-01-01,86.31809,90.3271,93.0747809523812,46.14973893348599,100.07104962265169,92.80470999999996,85.53837037734823,-0.8777511283249311,-0.3284069151226844,0,0.0,90.2191,90.3271,90.2191,90.3271,2700
2020-01-02,86.63063000000002,91.5544,92.74517142857164,50.23275571227321,98.83900977113498,92.37761999999996,85.91623022886492,-0.7355029826058086,-0.4098261286193092,-1,1.0,90.3271,92.2809,88.7071,91.5544,1300
2020-01-03,87.31394,91.5544,92.33841904761928,50.23275571227321,97.66257070573252,91.99716999999997,86.33176929426737,-0.6156732048189753,-0.4509955438592424,1,0.0,90.3271,92.2809,88.7071,91.5544,1300
2020-01-06,87.73814399999998,88.8544,91.84751428571451,42.09026285698006,97.43438345981251,91.72127999999996,86.00817654018743,-0.7301578723099879,-0.5068280095493916,-1,-1.0,90.3271,90.3271,88.3733,88.8544,1600
2020-01-07,87.76528,88.2653,91.55670952380974,40.54597562981851,97.33586957067128,91.47484499999996,85.61382042932865,-0.8585266816284758,-0.5771677439652084,-1,0.0,88.3831,88.3831,88.2653,88.2653,1400
2020-01-08,87.11684,88.3144,91.32434761904786,40.74112940827045,96.97525602826758,91.15575499999996,85.33625397173233,-0.9453999461186982,-0.6508141843959063,0,0.0,88.3635,88.3635,84.5344,88.3144,114300
2020-01-09,86.6917,89.0213,91.05411428571449,43.61093057576261,96.54233842148558,90.87691999999996,85.21150157851433,-0.946298373327636,-0.7099110221822522,1,1.0,88.3635,89.8362,88.3635,89.0213,8900
2020-01-10,86.51122,90.8278,90.87458095238115,50.242571906463134,96.15522836779265,90.70558999999994,85.25595163220727,-0.7921099801343274,-0.7263508137726673,-1,1.0,89.3453,92.2907,89.3453,90.8278,11300
2020-01-13,86.55485999999998,90.8082,90.7104761904764,50.17362665107772,95.07851171905516,90.40466499999994,85.7308182809447,-0.6638437463773528,-0.7138494002936044,1,0.0,91.3089,93.5573,90.3762,90.8082,12900
2020-01-14,86.98794000000002,95.3442,90.63988095238115,62.8717307844943,94.2979825572624,90.28782999999994,86.27767744273748,-0.1939389336460806,-0.6098673069640996,-1,1.0,93.5278,95.3442,93.2627,95.3442,32700
2020-01-15,88.533516,100.106,90.75536190476211,71.1762259895033,96.13058749851656,90.55537499999994,84.98016250148332,0.556288927424248,-0.3766360600864301,0,1.0,100.0373,100.106,97.7398,100.106,88200
2020-01-16,91.02356,102.5507,91.12658095238115,74.3484331250202,98.70163024614271,91.07082999999993,83.44002975385713,1.3327536171240837,-0.0347581246443273,1,1.0,105.0543,105.1034,102.1089,102.5507,198400
2020-01-17,93.92941,100.322,91.51136190476211,67.09849655764945,100.16780207349623,91.53817499999994,82.90854792650363,1.7481187886310892,0.3218172580107559,1,-1.0,103.0907,103.0907,99.6544,100.322,27000
2020-01-20,95.2542,98.4762,91.86855714285734,61.72973050888017,101.06528354406963,92.00208499999994,82.93888645593026,1.906382455325968,0.6387302974737983,-1,-1.0,100.1453,100.2925,98.1816,98.4762,18000
2020-01-21,96.16776,95.786,92.18227142857162,54.84223335225534,101.44184033978935,92.33148499999993,83.22112966021051,1.7940502003965833,0.8697942780583553,0,-1.0,98.1914,99.0554,95.2362,95.786,20800
2020-01-22,95.808716,94.7551,92.44689523809544,52.428171370477685,101.65924591651228,92.60933999999992,83.55943408348756,1.6033585453904209,1.0165071315247685,0,-1.0,97.7496,98.0834,94.3035,94.7551,10100
2020-01-23,94.82627,97.7202,92.8527142857145,58.136122240772856,102.1781278579651,93.06735999999992,83.95659214203475,1.6722165530592008,1.147649015831655,0,1.0,96.7089,99.1536,96.218,97.7202,18700
2020-01-24,94.18949,97.1605,93.26227142857162,56.75188254785056,102.51596785576092,93.50720999999993,84.49845214423894,1.6624601026223895,1.250611233189802,0,0.0,98.1816,98.1816,95.7762,97.1605,44700
2020-01-27,93.93011,94.2838,93.54419047619066,50.14338361560643,102.47688354561359,93.81795499999993,85.15902645438626,1.4063904038172268,1.2817670673152872,1,-1.0,96.218,96.2278,93.2725,94.2838,13700
2020-01-28,93.07581,93.41,93.79852857142876,48.30344714780344,102.48550546221888,93.97209999999993,85.45869453778097,1.1200339115474522,1.24942043616172,-1,0.0,94.7453,96.218,92.7816,93.41,3900
2020-01-29,92.157524,94.2544,93.98554285714306,50.20494683799146,102.51607360182257,94.16846499999994,85.82085639817734,0.95027615935264,1.189591580799904,-1,0.0,96.7089,96.7089,93.8616,94.2544,3600
2020-01-30,92.11119,95.5504,94.23427142857165,53.05879193461024,102.64704334666644,94.36826499999994,86.0894866533334,0.9098303288939888,1.133639330418721,1,1.0,94.2445,95.5798,92.978,95.5504,1500
2020-01-31,92.081184,94.706,94.38434761904782,51.007596857904645,102.70374759333264,94.52584499999992,86.34794240666723,0.8004140192310274,1.066994268181182,1,-1.0,92.3889,97.19,92.2907,94.706,2900
2020-02-03,91.705025,91.5053,94.38200952380971,44.0552876730545,102.54505588995218,94.65838999999994,86.7717241100477,0.4502409672816156,0.9436436080012688,0,-1.0,94.2544,94.2544,91.3089,91.5053,600
2020-02-04,90.89064,95.1675,94.68263333333357,52.10001556788468,102.32474401042074,95.00349999999996,87.68225598957916,0.4628992204006721,0.8474947304811495,0,1.0,95.2264,95.2362,94.9907,95.1675,3000
2020-02-05,91.17438,95.1675,95.01130952380971,52.10001556788468,101.9935252696652,95.34615499999994,88.69878473033467,0.4675414503896604,0.7715040744628517,-1,0.0,95.2264,95.2362,94.9907,95.1675,3000
2020-02-06,91.54597,96.3555,95.39421904761923,54.558399358871604,101.70057106469908,95.71286499999994,89.72515893530077,0.5606196482398502,0.7293271892182515,1,0.0,97.622,97.9853,96.218,96.3555,10500
2020-02-07,92.11283,93.95,95.62891904761923,49.06706376707261,101.49071042419297,95.86897499999996,90.24723957580694,0.4352635964331313,0.6705144706612274,0,-1.0,93.4787,95.7271,91.3089,93.95,900
2020-02-10,91.48613,90.5136,95.61395714285734,42.48797914005152,101.53022604701044,95.85424499999996,90.17826395298948,0.0579611216964366,0.5480038008682693,1,-1.0,95.1871,95.1871,89.3453,90.5136,18200
2020-02-11,91.063034,91.8096,95.66164285714306,45.45821362038078,101.61987381862072,95.67751499999994,89.73515618137917,-0.1349221405240115,0.4114186125898131,1,0.0,90.5136,92.978,90.5136,91.8096,1800
2020-02-12,90.212654,94.2544,95.60974761904785,50.63730947429981,100.99314072779038,95.38493499999996,89.77672927220955,-0.089477150633769,0.3112394599450966,0,1.0,93.2725,95.2362,90.8278,94.2544,4800
2020-02-13,90.43333,96.3849,95.43255238095259,54.67629998051381,99.65945516211895,95.07664499999996,90.49383483788095,0.1171019970082625,0.2724119673577298,0,1.0,95.2264,97.1998,95.1871,96.3849,3900
2020-02-14,91.001945,95.8547,95.11369523809546,53.50303714686481,98.78022606412172,94.85327999999996,90.92633393587818,0.23532210416929894,0.2649939947200436,0,0.0,94.4704,96.218,93.8715,95.8547,6500
2020-02-17,91.277504,99.4874,95.07395238095259,59.858716066868496,99.03670630629559,94.90383999999996,90.7709736937043,0.6150509960570645,0.3350053949874478,-1,1.0,96.7089,102.0794,96.7089,99.4874,20700
2020-02-18,92.96142,99.0947,95.10340476190494,58.921101659305656,99.57794766538738,95.06927499999996,90.56060233461254,0.8742237632505407,0.4428490686400664,0,0.0,99.1634,100.1453,98.1816,99.0947,1400
2020-02-19,94.252785,99.2125,95.26657142857164,59.12792172364462,100.14425449484983,95.29214499999996,90.44003550515006,1.0767138371115266,0.5696220223343584,1,0.0,99.1634,100.3416,97.1998,99.2125,6700
2020-02-20,95.297356,98.9671,95.46714285714307,58.46752856039394,100.35942632204315,95.35448999999996,90.34955367795678,1.2035135948417943,0.6964003368358457,-1,0.0,97.1998,98.9671,97.1998,98.9671,1000
2020-02-21,95.4035,98.9671,95.52651904761926,58.46752856039394,100.63852824464688,95.44481999999996,90.25111175535305,1.2891428797319833,0.8149488454150732,-1,0.0,101.1271,101.1271,98.1816,98.9671,200
2020-02-24,96.055626,98.6725,95.59851904761926,57.57226517676094,101.01177672524862,95.66425499999997,90.31673327475131,1.3180394091504295,0.9155669581621444,-1,0.0,99.6445,99.6445,98.6725,98.6725,5500
2020-02-25,95.867874,98.2602,95.78787142857165,56.27357408777574,101.26327479362551,95.90676499999996,90.55025520637443,1.2927687195591773,0.9910073104415512,0,0.0,98.1816,98.6725,98.1816,98.2602,1100
2020-02-26,95.699974,94.5489,95.84210476190498,46.17620576418414,101.2613427432608,95.92148999999996,90.58163725673911,0.96217921951407,0.9852416922560548,0,-1.0,95.2362,96.1198,93.2725,94.5489,2600
2020-02-27,94.58478,96.7875,95.96272857142876,51.79485839841446,101.33322128473915,95.98334499999996,90.63346871526078,0.8707831243845447,0.9623499786817528,1,1.0,88.4715,99.1634,88.4715,96.7875,10100
2020-02-28,94.17428,94.2544,95.9010142857145,45.9496428278359,101.3357687162052,95.96076499999997,90.58576128379472,0.5871823874667257,0.8873164604387475,0,-1.0,93.2725,96.7089,93.2725,94.2544,2000
2020-03-02,93.223816,97.3078,96.02490952380974,52.85610160850227,101.24555133703976,96.25088999999996,91.25622866296015,0.6018726091126894,0.8302276901735358,-1,1.0,91.7998,99.1634,91.7998,97.3078,5700
2020-03-03,93.4285,96.974,96.28532380952402,52.072753652382346,101.31955189953054,96.34121499999996,91.36287810046936,0.5798951746858734,0.7801611870760033,-1,0.0,95.2362,97.6024,94.7453,96.974,16100
2020-03-04,93.018135,96.6696,96.35685238095259,51.32572429094525,101.3668069662,96.41631999999996,91.46583303379991,0.5317852739276958,0.7304860044463418,1,0.0,92.3006,97.1998,92.3006,96.6696,8800
2020-03-05,93.68753,96.4045,96.41575714285734,50.64431571035283,101.36918264143938,96.41876999999997,91.46835735856052,0.4668845223487636,0.6777657080268262,0,0.0,96.218,97.1998,94.2544,96.4045,2100
2020-03-06,93.2638,97.0722,96.44988571428593,52.35985976268528,101.39935231130163,96.57487999999996,91.75040768869827,0.4639795514838027,0.6350084767182216,-1,0.0,93.3315,97.1998,93.3315,97.0722,10100
2020-03-09,93.879036,94.7944,96.49009523809544,46.430752405150784,100.83595340170635,96.78891999999996,92.74188659829352,0.2747112175983375,0.5629490248942448,0,-1.0,95.6289,96.2082,92.3496,94.7944,3500
2020-03-10,93.324135,94.49,96.67944761904785,45.68620953424786,100.44500118824106,96.92293999999997,93.40087881175884,0.0990108281712736,0.4701613855496506,0,0.0,91.8489,95.7271,91.5544,94.49,8400
2020-03-11,92.78098,95.1,96.83613333333356,47.50293329420961,100.37669556381788,96.96521999999996,93.553744436182,0.0088864680427178,0.377906402048264,-1,0.0,94.0,98.5,90.5,95.1,22600
2020-03-12,92.41189,93.0,96.77640000000021,42.26206076389565,100.61707820609472,96.79597499999994,92.97487179390517,-0.2293464234317213,0.2564558369522669,-1,-1.0,92.1,97.0,91.0,93.0,9500
2020-03-13,91.89477,95.44,96.73140476190494,49.26593082826453,100.62097060233368,96.77523999999994,92.92950939766621,-0.2187386156304143,0.1614169464357306,0,1.0,90.01,97.0,90.01,95.44,3100
2020-03-16,91.67339,88.29,96.37118095238115,35.62753080502397,101.35973812412632,96.21536999999994,91.07100187587356,-0.778305277716214,-0.0265274983946582,0,-1.0,95.6,95.6,88.29,88.29,9600
2020-03-17,90.04745,81.67,95.52273333333349,27.92064659218532,103.34936898366513,95.34413499999994,87.33890101633476,-1.7359337989775554,-0.3684087585112378,1,-1.0,84.01,86.0,81.67,81.67,19000
2020-03-18,87.20141,75.55,94.40155714285734,22.973091223112146,105.73051036067787,94.16100999999992,82.59150963932198,-2.9546349618008065,-0.8856539991691516,1,-1.0,77.0,77.0,75.55,75.55,1300
2020-03-19,82.53593000000002,69.89,93.0052476190478,19.526840549521857,108.15368361383508,92.70715499999993,77.26062638616477,-4.327296727980837,-1.5739825449314888,1,-1.0,70.0,74.0,69.89,69.89,7800
2020-03-20,78.17199000000002,72.1,91.7258619047621,24.301839483097872,108.92712601622273,91.36379999999993,73.80047398377714,-5.1771337615637085,-2.294612788257933,0,1.0,65.5,74.73,65.0,72.1,8600
2020-03-23,74.24792,72.1,90.44647619047636,24.301839483097872,109.13870404935713,90.03517499999992,70.93164595064273,-5.783961821931328,-2.992482594992612,-1,0.0,65.5,74.73,65.0,72.1,8600
2020-03-24,71.87254,66.7,88.92397619047638,20.803723861798826,109.67885746561696,88.45716499999996,67.2354725343829,-6.62425204789534,-3.718836485573157,-1,-1.0,66.7,66.7,66.7,66.7,700
2020-03-25,69.286385,66.7,87.42110952380972,20.80372386179883,110.08335630840293,87.06471999999994,64.04608369159696,-7.207109039201683,-4.416490996298863,-1,0.0,63.6,67.8,61.7,66.7,300
2020-03-26,67.18918599999999,67.49,86.13259047619066,22.69181599097085,109.66229759457208,85.59984499999993,61.53739240542778,-7.518611137356758,-5.036915024510441,0,0.0,67.0,71.6,65.96,67.49,35000
2020-03-27,66.76406999999999,69.5,84.83318571428592,27.43222564169721,109.05492879032774,84.36212499999993,59.669321209672134,-7.516641429217786,-5.53286030545191,1,1.0,70.0,71.0,69.0,69.5,1200
2020-03-30,66.882774,74.71,83.9025000000002,38.03799573507403,107.51685063503172,83.23223499999993,58.94761936496814,-7.013825943590746,-5.829053433079678,-1,1.0,67.0,74.71,67.0,74.71,5800
2020-03-31,67.73054499999999,78.39,83.00165238095258,44.23722324789893,105.82347574581136,82.30303499999994,58.78259425418851,-6.246391293101298,-5.912521005084001,1,1.0,75.0,79.9,73.0,78.39,12500
2020-04-01,70.26233,78.37,82.11574761904781,44.211334407295475,104.00832233170999,81.38805499999994,58.76778766828987,-5.57553632427792,-5.845124068922784,0,0.0,78.5,81.93,75.0,78.37,5900
2020-04-02,72.41459,78.76,81.26290952380974,44.88864077695093,102.0661134138266,80.50582999999993,58.94554658617326,-4.955287715378943,-5.667156798214017,1,0.0,74.02,83.0,74.02,78.76,11000
2020-04-03,74.12633000000002,80.13,80.48793333333354,47.308661370842074,99.83580517399193,79.65871999999993,59.48163482600794,-4.303579686009344,-5.394441375773082,-1,1.0,80.0,81.2,80.0,80.13,3000
2020-04-06,75.94999,79.05,79.62973333333355,45.60841902174602,97.81595172075797,78.87149999999993,59.92704827924189,-3.8300924301099712,-5.081571586640458,1,-1.0,77.16,79.99,76.0,79.05,5700
2020-04-07,76.79517,79.7,78.9109523809526,46.84657597311134,95.68348381192123,78.13199999999992,60.58051618807861,-3.363627002495248,-4.7379826698114185,1,0.0,79.7,79.7,79.7,79.7,800
2020-04-08,77.00891999999997,76.83,78.0700000000002,42.271057111093775,92.94977747514903,77.21849999999992,61.487222524850786,-3.1887765734239366,-4.428141450533921,1,-1.0,75.7,78.49,75.7,76.83,3200
2020-04-09,76.45153,78.41,77.27523809523831,45.430925250855246,90.4824697627187,76.48899999999993,62.4955302372812,-2.8894062763062607,-4.120394415688391,-1,1.0,77.98,78.9,77.89,78.41,1700
2020-04-10,76.47094,77.66,76.54476190476213,44.194321150544866,86.60463902179981,75.59999999999994,64.59536097820006,-2.68175825119917,-3.8326671827905456,-1,0.0,79.44,79.44,76.8,77.66,700
2020-04-13,75.944084,76.6,75.64761904761927,42.436215258708884,84.38183861229247,75.01549999999993,65.6491613877074,-2.5730681090075933,-3.580747368033955,-1,-1.0,75.0,77.99,74.5,76.6,3500
2020-04-14,75.66895,77.45,75.13142857142878,44.34807699552447,83.74201078321722,74.80449999999993,65.86698921678264,-2.3907830333987192,-3.342754501106908,0,1.0,81.17,81.17,77.45,77.45,900
2020-04-15,75.086,77.81,74.94761904761927,45.178550749565524,83.94653510903134,74.91749999999993,65.88846489096852,-2.1920037515581607,-3.1126043511971586,0,0.0,79.0,79.0,75.0,77.81,3400
2020-04-16,75.3966,78.91,75.10761904761927,47.74452561833407,84.24784293740966,75.36849999999993,66.4891570625902,-1.9235356104972248,-2.874790603057172,0,1.0,77.5,79.75,77.5,78.91,1400
2020-04-17,75.665886,84.0,75.77952380952401,57.62764920031541,85.46037164281631,75.96349999999994,66.46662835718354,-1.2852368035634782,-2.556879843158433,0,1.0,81.0,84.0,81.0,84.0,5700
2020-04-20,77.1104,82.9,76.29380952380974,55.19799042857127,86.28418765476722,76.50349999999995,66.72281234523265,-0.8582478601987162,-2.2171534465664897,-1,-1.0,84.0,84.0,82.9,82.9,1600
2020-04-21,78.39999399999998,79.61,76.6514285714288,48.59830281348747,85.90705435014692,77.14899999999993,68.39094564985294,-0.7763819033152259,-1.9289991379162368,-1,-1.0,80.01,81.75,78.25,79.61,9700
2020-04-22,78.5089,74.18,77.00761904761927,40.080592582386046,85.01103605761358,77.52299999999994,70.0349639423863,-1.1365566447504851,-1.7705106392830865,1,-1.0,77.01,77.01,73.64,74.18,30700
2020-04-23,76.92557,76.5,77.47428571428594,44.55215473157958,83.91790669874827,77.97349999999993,72.02909330125159,-1.2207213949376552,-1.6605527904140005,1,1.0,77.5,77.5,76.5,76.5,7300
2020-04-24,76.467834,74.95,77.82952380952403,42.281899684965225,82.99017706247577,78.24599999999994,73.50182293752411,-1.3963978072502528,-1.607721793781251,1,-1.0,76.5,76.5,73.25,74.95,3700
2020-04-27,75.04916,75.01,78.09190476190498,42.40424874004404,82.9620632839948,78.26099999999994,73.55993671600508,-1.513336331913976,-1.5888447014077958,1,0.0,75.25,75.25,75.0,75.01,2800
2020-04-28,74.00733000000002,76.48,78.1761904761907,45.4549168806102,82.92938276515417,78.16549999999992,73.40161723484567,-1.4704438787939296,-1.5651645368850224,-1,0.0,76.0,76.5,75.5,76.48,1300
2020-04-29,73.26425,78.46,78.17952380952403,49.34666814748675,82.93481689051431,78.16999999999993,73.40518310948555,-1.2621327673318492,-1.5045581829743877,1,1.0,76.71,79.71,76.5,78.46,2200
2020-04-30,74.3949,79.38,78.22761904761927,51.09277109057847,82.98877986128485,78.20099999999994,73.41322013871503,-1.0111524632822864,-1.4058770390359674,-1,1.0,79.0,84.34,79.0,79.38,26200
2020-05-01,75.05685,79.38,78.25714285714308,51.09277109057847,82.90174978236982,78.16349999999993,73.42525021763004,-0.8029923679353885,-1.2853001048158517,1,0.0,79.0,84.34,79.0,79.38,26200
2020-05-04,75.799736,77.17,78.1161904761907,46.615945857799424,82.80826555656927,78.06949999999993,73.3307344434306,-0.8070493602654807,-1.1896499559057774,1,-1.0,79.0,80.0,77.0,77.17,21000
2020-05-05,75.918816,77.19,78.02761904761927,46.66149434237464,82.63610997314933,77.94399999999993,73.25189002685053,-0.799435330207686,-1.1116070307661592,1,0.0,77.5,77.95,77.0,77.19,2900
2020-05-06,75.896385,77.44,77.92000000000024,47.26716729207532,82.64512940085379,77.97449999999995,73.30387059914611,-0.7644165279663042,-1.0421689302061885,1,0.0,77.19,78.99,76.01,77.44,5600
2020-05-07,75.70824,76.57,77.90761904761929,45.33777106020157,82.58755207198871,77.88249999999994,73.17744792801116,-0.7976705543815541,-0.9932692550412614,1,-1.0,76.5,77.74,76.0,76.57,700
2020-05-08,75.34434,77.57,77.86761904761927,47.96687174034293,82.5840667228728,77.87799999999993,73.17193327712705,-0.7348619362808932,-0.9415877912891878,0,1.0,76.0,78.4,76.0,77.57,1300
2020-05-11,75.01525,76.5,77.81238095238115,45.44801613390764,82.58469650976448,77.87299999999993,73.16130349023538,-0.7626345353612152,-0.9057971401035932,-1,-1.0,77.0,77.0,76.5,76.5,1600
2020-05-12,74.84125,75.08,77.7400000000002,42.27525509899804,82.6195076053522,77.75449999999992,72.88949239464766,-0.8889790556052191,-0.9024335232039185,1,-1.0,75.25,77.49,75.0,75.08,5100
2020-05-13,74.40881,77.41,77.73809523809545,48.61421089124664,82.60171881572242,77.73449999999994,72.86728118427745,-0.791967166273821,-0.8803402518178991,0,1.0,75.5,78.99,75.5,77.41,3500
2020-05-14,74.37368000000002,79.69,77.82761904761927,53.9439505187696,82.69002021252146,77.77349999999993,72.85697978747837,-0.5250550915409775,-0.8092832197625147,0,1.0,78.99,80.0,78.99,79.69,48300
2020-05-15,75.28055,77.08,77.74047619047641,47.82835503852717,81.4319518975923,77.42749999999992,73.42304810240755,-0.5181575390689089,-0.7510580836237936,0,-1.0,77.5,77.99,76.1,77.08,12600
2020-05-18,75.26325,75.99,77.35904761904783,45.508000078577965,80.24139614485644,77.08199999999992,73.92260385514341,-0.5938001114732003,-0.7196064891936749,1,-1.0,76.1,76.5,75.8,75.99,6500
2020-05-19,74.79409,78.0,77.12571428571451,50.29660773614175,79.97576478312243,77.00149999999994,74.02723521687744,-0.4859554019725891,-0.6728762717494577,-1,1.0,77.0,78.25,76.5,78.0,4300
2020-05-20,75.20237,78.0,77.04904761904784,50.29660773614175,79.89574897117036,77.19249999999992,74.48925102882949,-0.3959237304040499,-0.6174857634803762,-1,0.0,77.0,78.25,76.5,78.0,4300
2020-05-21,75.6399,76.25,77.14761904761927,46.19735255375579,79.89821264807186,77.17999999999992,74.46178735192798,-0.4604752842417667,-0.5860836676326543,-1,-1.0,78.0,78.0,76.0,76.25,6000
2020-05-22,74.99381,76.25,77.1357142857145,46.1973525537558,79.80433194410891,77.24499999999992,74.68566805589094,-0.5058022818725476,-0.5700273904806329,0,0.0,78.0,78.0,76.0,76.25,6000
2020-05-25,74.576195,76.25,77.19761904761927,46.197352553755806,79.7015279284501,77.30699999999993,74.91247207154977,-0.5355507582855807,-0.5631320640416225,1,0.0,78.0,78.0,76.0,76.25,6000
2020-05-26,74.62574000000002,76.25,77.25666666666687,46.197352553755806,79.70794668337612,77.29549999999992,74.88305331662372,-0.5527548266059341,-0.5610566165544848,1,0.0,78.0,78.0,76.0,76.25,6000
2020-05-27,74.45661,76.25,77.2457142857145,46.1973525537558,79.57633017380167,77.18499999999992,74.79366982619818,-0.5599345972089793,-0.5608322126853837,1,0.0,78.0,78.0,76.0,76.25,6000
2020-05-28,74.11949,76.0,77.12857142857162,45.431146926702134,79.23443548478072,77.01599999999992,74.79756451521912,-0.5791217724995903,-0.564490124648225,-1,0.0,77.4,79.0,76.0,76.0,15500
2020-05-29,74.05841,76.55,76.99380952380974,47.49434852134586,78.81540159465514,76.8744999999999,74.93359840534468,-0.543680137499365,-0.560328127218453,1,0.0,72.61,77.85,72.61,76.55,1900
2020-06-01,74.135796,75.0,76.7852380952383,42.60540289180445,78.86487970120697,76.7659999999999,74.66712029879284,-0.6333634133538908,-0.5749351844455406,-1,-1.0,76.0,76.0,72.0,75.0,9700
2020-06-02,73.83465,75.11,76.68714285714306,43.053411803081566,78.86983695053488,76.66199999999989,74.45416304946491,-0.6876353427173569,-0.5974752160999038,0,0.0,76.25,76.25,75.11,75.11,2600
2020-06-03,73.58984,79.0,76.77333333333353,56.102890543318026,79.15296498112716,76.73999999999991,74.32703501887264,-0.4120063945808425,-0.5603814517960916,0,1.0,78.3,80.0,77.0,79.0,29800
2020-06-04,74.27215600000002,79.78,76.8847619047621,58.17263008379627,79.6503907251287,76.90049999999991,74.15060927487109,-0.1291403367008854,-0.4741332287770503,1,0.0,77.1,80.4,77.1,79.78,7700
2020-06-05,75.32632,78.33,76.96857142857162,53.15517590070079,79.74477350772304,76.93849999999989,74.13222649227673,-0.0217194613054658,-0.3836504752827334,1,-1.0,79.9,79.9,77.01,78.33,3500
2020-06-08,75.60134000000002,79.01,77.03714285714305,55.110570432938545,80.00201565689267,77.06399999999991,74.12598434310713,0.1169347226801846,-0.2835334356901498,0,0.0,79.0,82.5,77.5,79.01,7900
2020-06-09,75.98781,80.0,77.20380952380972,57.86794873117189,80.36395481304825,77.3099999999999,74.25604518695155,0.3032086876526279,-0.1661850110215942,0,1.0,81.5,81.5,79.1,80.0,37500
2020-06-10,76.942635,83.6,77.609523809524,66.03758650745279,81.72489876262395,77.61949999999989,73.51410123737583,0.7328739458201879,0.0136267803467622,-1,1.0,79.21,84.9,79.21,83.6,19700
2020-06-11,78.19689,82.0,77.82809523809544,60.42918497374171,82.18261733967235,77.7349999999999,73.28738266032742,0.9335191031216112,0.197605244901732,-1,-1.0,84.0,85.0,82.0,82.0,8800
2020-06-12,78.59087,80.26,77.85523809523829,54.96245092225857,82.46231434997102,77.89399999999989,73.32568565002876,0.9412779117979682,0.3463397782809792,1,-1.0,81.5,81.99,80.0,80.26,11100
2020-06-15,78.73326,77.5,77.87523809523829,47.60572010034958,82.45867575955171,77.96949999999991,73.48032424044807,0.7164589965239259,0.4203636219295685,1,-1.0,79.1,79.1,77.01,77.5,3600
2020-06-16,77.88308,77.29,77.93714285714304,47.08926145704422,82.43286830215698,77.93399999999987,73.43513169784278,0.5154019090981166,0.4393712793632781,0,0.0,77.0,78.95,76.5,77.29,1000
2020-06-17,77.39912,77.35,77.90619047619066,47.26529263315803,82.40737738405672,77.90149999999987,73.39562261594305,0.3567913487605381,0.4228552932427301,1,0.0,79.0,80.5,77.35,77.35,4000
2020-06-18,76.35576,80.0,78.00142857142876,54.470091359360254,82.61642266639132,78.08899999999987,73.56157733360845,0.4398538288520655,0.4262550003645972,0,1.0,75.02,80.1,75.02,80.0,2900
2020-06-19,76.382835,80.0,78.18000000000019,54.470091359360254,82.7943458362536,78.27649999999987,73.75865416374617,0.499918691273038,0.4409877385462853,1,0.0,75.02,80.1,75.02,80.0,2900
2020-06-22,76.4473,80.0,78.35857142857161,54.47009135936025,82.94094717415274,78.46399999999987,73.98705282584704,0.541280977314841,0.4610463862999965,1,0.0,75.02,80.1,75.02,80.0,2900
2020-06-23,76.9246,80.0,78.53714285714305,54.470091359360254,83.05535410750106,78.65149999999987,74.24764589249871,0.5675188825918696,0.4823408855583711,1,0.0,79.5,80.0,79.5,80.0,300
2020-06-24,77.1889,80.0,78.71571428571447,54.470091359360254,83.13592401610202,78.83899999999987,74.54207598389776,0.5816081943320911,0.5021943473131151,-1,0.0,79.93,80.0,79.93,80.0,300
2020-06-25,77.70876,80.0,78.89428571428591,54.470091359360254,83.15739240482898,79.0389999999999,74.9206075951708,0.5860188152757644,0.5189592409056449,0,0.0,79.75,80.0,79.75,80.0,300
2020-06-26,77.70876,79.6,79.06571428571445,52.772416522064674,83.15281935094369,79.19149999999988,75.23018064905607,0.5508873209692382,0.5253448569183636,-1,0.0,78.01,81.99,76.2,79.6,7100
2020-06-29,77.6108,80.38,79.24809523809543,55.67361861134317,82.94925034935936,79.46049999999988,75.9717496506404,0.5793069499772939,0.5361372755301497,-1,0.0,77.05,82.0,77.01,80.38,3600
2020-06-30,77.710655,81.8,79.57190476190493,60.438317259641344,82.80051160372949,79.79499999999989,76.78948839627027,0.7082476057530869,0.5705593415747371,0,1.0,81.0,84.9,81.0,81.8,24600
2020-07-01,78.15880600000001,82.25,79.91190476190494,61.83825971261777,83.12080128191211,79.95749999999991,76.7941987180877,0.8370957251699878,0.6238666182937872,1,0.0,84.0,84.0,82.0,82.25,11500
2020-07-02,78.705635,82.5,80.07857142857159,62.62944312874172,83.4429851843458,80.09349999999989,76.74401481565397,0.9484485739989594,0.6887830094348216,1,0.0,83.45,84.0,82.5,82.5,14000
2020-07-03,79.14083000000002,82.5,80.20809523809541,62.62944312874172,83.70514912987251,80.30199999999991,76.89885087012728,1.0248823037196644,0.7560028682917902,0,0.0,83.45,84.0,82.5,82.5,14000
2020-07-06,79.57293,83.7,80.46380952380972,66.4962543563712,84.1884708377998,80.5364999999999,76.88452916220001,1.1688132053103146,0.8385649356954951,-1,1.0,83.6,84.1,83.5,83.7,4500
2020-07-07,80.23755,83.7,80.68714285714304,66.4962543563712,84.61302553636007,80.7214999999999,76.82997446363973,1.2682597725928986,0.9245039030749758,0,0.0,84.1,84.1,81.67,83.7,5500
2020-07-08,80.62162,82.0,80.78238095238115,56.83418633994064,84.35473726687896,80.64149999999991,76.92826273312086,1.1961081113744854,0.9788247447348776,1,-1.0,83.7,83.7,82.0,82.0,9000
2020-07-09,80.48886999999998,81.01,80.65904761904781,52.08763178873858,84.25756735037638,80.5919999999999,76.92643264962342,1.0469738114298792,0.992454558073878,-1,-1.0,81.0,82.45,81.0,81.01,17000
2020-07-10,79.97125,81.35,80.62809523809544,53.523230850248574,84.32309774793752,80.6464999999999,76.96990225206228,0.9453218805737862,0.9830280225738596,0,0.0,81.0,81.95,80.01,81.35,11000
2020-07-13,79.72525,83.0,80.7585714285716,59.81583217719768,84.43469953890265,80.92149999999991,77.40830046109714,0.9865310871045097,0.9837286354799896,1,1.0,81.5,83.0,81.5,83.0,39500
2020-07-14,79.85392,83.33,81.03619047619065,60.95445645394378,84.46392759526319,81.2234999999999,77.98307240473662,1.033899769291196,0.9937628622422308,-1,0.0,82.0,85.0,82.0,83.33,117500
2020-07-15,79.95701,83.02,81.30904761904779,59.25586383982596,84.30406346015664,81.5069999999999,78.70993653984317,1.0345003063971063,1.001910351073206,-1,0.0,84.89,85.5,83.0,83.02,319000
2020-07-16,80.11655400000002,84.85,81.66619047619065,65.38767319043319,84.8104245335597,81.7494999999999,78.6885754664401,1.1691645413786915,1.035361189134303,1,1.0,83.0,86.0,83.0,84.85,544000
2020-07-17,80.78208000000002,91.21,82.20000000000019,77.85897814166427,87.34990872934654,82.3099999999999,77.27009127065327,1.7686973233001169,1.182028415967466,-1,1.0,85.99,91.21,85.0,91.21,510000
2020-07-20,83.056816,97.41,83.02904761904782,83.93562698670544,91.360009704141,83.18049999999991,75.00099029585884,2.712847539069898,1.4881922405879524,-1,1.0,93.99,97.9,93.99,97.41,741500
2020-07-21,86.39765,96.87,83.83238095238114,81.82912846385737,93.9997594197202,84.02399999999993,74.04824058027961,3.378573804541148,1.8662685533785919,0,0.0,98.0,99.75,96.01,96.87,855500
2020-07-22,88.95208000000002,96.83,84.63380952380972,81.66563324052177,96.10131323270089,84.8654999999999,73.62968676729894,3.858461063191939,2.264707055341261,-1,0.0,95.0,97.96,95.0,96.83,71500
2020-07-23,90.995476,94.82,85.339523809524,73.6972671896327,97.40187922239693,85.60649999999991,73.81112077760287,4.030128162554334,2.617791276783876,0,-1.0,97.5,97.5,94.01,94.82,26000
2020-07-24,92.277405,93.15,85.9657142857145,67.77980671607226,98.17770488956869,86.2839999999999,74.39029511043113,3.985478418037076,2.891328705034516,0,-1.0,92.01,94.99,92.01,93.15,21500
2020-07-27,92.59256,91.9,86.55142857142876,63.65953667472086,98.6697231127634,86.85999999999994,75.05027688723645,3.8053627672838095,3.0741355174843745,0,-1.0,93.1,93.1,91.6,91.9,16500
2020-07-28,91.38799,91.49,87.0804761904764,62.32133783441786,99.07894753706526,87.34449999999994,75.61005246293459,3.5881740065251786,3.1769432152925354,-1,0.0,92.11,93.0,91.0,91.49,26000
2020-07-29,90.472305,92.76,87.60238095238117,64.79035107063598,99.58611710423452,87.86999999999992,76.15388289576529,3.4784315414689786,3.2372408805278234,0,0.0,91.0,93.9,90.9,92.76,15500
2020-07-30,89.906715,92.17,88.07476190476211,62.733694475453774,99.94068822666388,88.35349999999994,76.76631177333599,3.3057452051261578,3.2509417454474905,-1,0.0,93.64,93.68,92.0,92.17,4000
2020-07-31,89.53582,92.17,88.5352380952383,62.733694475453795,100.21189709844154,88.83699999999996,77.46210290155831,3.132777332434472,3.227308862844887,-1,0.0,93.64,93.68,92.0,92.17,4000
2020-08-03,89.37507,92.3,89.00190476190498,63.03355537506889,100.48169589423357,89.26699999999992,78.0523041057663,2.971930397050002,3.1762331696859105,-1,0.0,91.51,93.9,91.5,92.3,25000
2020-08-04,89.32422,93.16,89.45238095238115,65.03776205779059,100.77210224753829,89.73999999999992,78.70789775246158,2.88064655426102,3.117115846600932,-1,0.0,93.9,94.6,92.75,93.16,43500
2020-08-05,89.76017,93.0,89.8952380952383,64.33886305631562,100.8086158785333,90.28999999999996,79.77138412146655,2.7635364602894725,3.04639996933864,0,0.0,93.89,94.0,92.0,93.0,35500
2020-08-06,89.827065,97.04,90.61142857142879,72.40298385313734,101.08952435484841,91.09149999999993,81.09347564515143,2.9625694469466453,3.029633864860241,-1,1.0,95.0,97.88,93.9,97.04,88500
2020-08-07,90.97028,98.93,91.46476190476211,75.22547330866014,101.4667613169675,91.97049999999993,82.47423868303234,3.2355147276957434,3.070810037427342,1,1.0,96.0,99.0,96.0,98.93,36000
2020-08-10,92.41572,99.55,92.3314285714288,76.08939683496178,101.89941439558383,92.79799999999993,83.69658560441603,3.4619474721265675,3.149037524367187,1,0.0,99.4,101.0,97.25,99.55,124500
2020-08-11,93.9473,100.0,93.14095238095258,76.72383154305113,102.14631127213876,93.63149999999992,85.11668872786109,3.6357970870267735,3.2463894368991038,0,0.0,100.0,101.0,99.0,100.0,70500
2020-08-12,94.902885,100.0,93.93476190476211,76.72383154305113,101.91081486547772,94.48049999999996,87.05018513452214,3.7305704652303286,3.3432256425653493,1,0.0,100.05,100.1,100.0,100.0,18000
2020-08-13,96.11523,99.9,94.73857142857166,76.20272830001227,101.57882098708558,95.23299999999996,88.88717901291436,3.7543322804584136,3.425446970143962,-1,0.0,99.9,99.9,99.89,99.9,6500
2020-08-14,96.61086,99.9,95.4552380952383,76.20272830001227,102.04194546608863,95.66749999999996,89.29305453391126,3.730164673808517,3.4863905108768733,0,0.0,99.9,99.9,99.89,99.9,6500
2020-08-17,96.74999,97.25,95.74285714285736,63.04303303272179,102.02557406492686,95.65949999999997,89.29342593507305,3.457324928726038,3.4805773944467058,1,-1.0,99.9,99.9,96.0,97.25,15500
2020-08-18,96.16412,97.0,95.72333333333357,61.95601289066638,102.03726800567536,95.66599999999994,89.29473199432451,3.184218861453715,3.421305687848108,0,0.0,98.9,98.9,97.0,97.0,12500
2020-08-19,95.48771,96.3,95.6961904761907,58.89395144710005,101.99557260815511,95.63949999999994,89.28342739184475,2.8781190211525565,3.3126683545089977,-1,-1.0,96.7,96.7,96.25,96.3,18500
2020-08-20,94.702866,95.99,95.6561904761907,57.537727276306754,102.04435517443922,95.69799999999996,89.35164482556068,2.580768787057324,3.1662884410186627,1,0.0,95.5,96.0,95.5,95.99,21000
2020-08-21,94.17483,94.0,95.61714285714308,49.635818055546274,102.02915478462116,95.74049999999994,89.45184521537874,2.159645170178635,2.964959786850657,0,-1.0,96.0,96.0,92.5,94.0,8500
2020-08-24,92.94413,96.75,95.78857142857166,58.1825679187825,102.02997312712242,95.98299999999992,89.93602687287745,2.024466892906972,2.77686120806192,0,1.0,94.0,96.75,94.0,96.75,5000
2020-08-25,92.99222,97.04,96.03333333333357,58.973240024571616,101.95645461710704,96.26049999999994,90.56454538289283,1.918621041564137,2.6052131747623632,-1,0.0,96.99,97.6,94.05,97.04,18500
2020-08-26,93.12914,96.7,96.28142857142879,57.5982054684729,101.923448682538,96.45749999999994,90.99155131746186,1.7867062458788467,2.44151178898566,1,0.0,96.01,98.7,96.01,96.7,10500
2020-08-27,93.41949,98.1,96.53571428571449,61.57145936315847,101.8909228143065,96.75399999999992,91.61707718569332,1.774673784918818,2.3081441881722915,-1,0.0,97.51,98.5,97.51,98.1,25500
2020-08-28,93.60187,98.05,96.81571428571449,61.350350688119285,101.75709163216827,97.04799999999993,92.33890836783155,1.7410338364752818,2.1947221178328897,-1,0.0,98.0,98.1,98.0,98.05,1000
2020-08-31,94.40845,98.5,97.11714285714308,62.65034115315986,101.56562450797941,97.35799999999992,93.15037549202043,1.7307343459685145,2.1019245634600146,1,0.0,98.0,99.0,98.0,98.5,34500
2020-09-01,94.81518,101.04,97.53333333333354,68.99044085498869,101.78560186435793,97.75199999999992,93.7183981356419,1.9055625588652845,2.0626521625410685,1,1.0,100.0,101.9,100.0,101.04,36500
2020-09-02,95.5926,106.19,98.15380952380971,77.3760705712302,103.33631989519957,98.41149999999992,93.48668010480029,2.4316466281278224,2.13645105565842,0,1.0,100.1,108.61,100.1,106.19,147500
2020-09-03,97.79725,106.67,98.8047619047621,77.97392559505413,104.94203661752373,98.89299999999993,92.84396338247612,2.8544002820727883,2.2800409009412927,0,0.0,107.9,109.0,106.0,106.67,211500
2020-09-04,99.5905,106.45,99.25285714285734,76.9699682079912,106.15715766371115,99.26899999999992,92.38084233628868,3.1355388966214406,2.4511405000773228,-1,0.0,107.5,107.99,105.0,106.45,16500
2020-09-07,100.99072,108.7,99.71809523809543,79.8302620824228,107.750367583662,99.72649999999993,91.70263241633785,3.4995587354088817,2.660824147143635,-1,1.0,105.0,112.0,103.0,108.7,862500
2020-09-08,102.573845,108.29,100.13428571428592,77.93088262981598,108.99238158708224,100.14099999999992,91.28961841291763,3.7121718998673288,2.8710936976883734,-1,0.0,108.7,109.8,105.0,108.29,17500
2020-09-09,104.00851,111.0,100.65809523809544,81.12720466144305,110.72676384736788,100.69099999999992,90.65523615263196,4.052627548376165,3.107400467825932,1,1.0,107.7,111.0,106.95,111.0,11500
2020-09-10,105.117165,108.86,101.08000000000021,72.23075211046185,111.77549923612752,101.13899999999992,90.50250076387232,4.1024702638930535,3.306414427039356,1,-1.0,110.0,110.0,106.25,108.86,27000
2020-09-11,105.26823,106.51,101.39476190476212,63.93885369442553,112.3396747456128,101.46949999999993,90.59932525438705,3.907304639139696,3.426592469459424,0,-1.0,108.0,108.0,106.51,106.51,7500
2020-09-14,105.16536,104.5,101.61380952380972,57.82442305678336,112.59819821479056,101.83199999999992,91.06580178520927,3.5495275298413134,3.4511794815358017,-1,-1.0,101.05,105.0,100.0,104.5,24000
2020-09-15,103.85735,102.01,101.8404761904764,51.28192678075961,112.61799785250605,102.08249999999992,91.5470021474938,3.0301348940110566,3.366970564030853,1,-1.0,105.0,105.0,101.5,102.01,6500
2020-09-16,102.62145,102.0,102.07857142857165,51.25684436413165,112.56483862339321,102.36749999999992,92.17016137660666,2.58787416914106,3.2111512850528943,1,0.0,102.0,102.05,100.0,102.0,20000
2020-09-17,101.01969,100.13,102.26095238095259,46.660806730545644,112.40715472800468,102.57449999999993,92.74184527199516,2.0627083685262164,2.981462701747559,1,-1.0,102.01,103.99,100.0,100.13,22000
2020-09-18,99.42966,100.3,102.46619047619072,47.12497377742219,111.97874963900436,102.88949999999993,93.80025036099548,1.6413082869216993,2.7134318187823867,1,0.0,100.0,100.6,100.0,100.3,7000
2020-09-21,98.43513,100.1,102.7566666666669,46.6110689673007,111.8045598883426,103.05699999999992,94.30944011165728,1.2764927439332894,2.4260440038125672,-1,0.0,101.0,101.0,100.0,100.1,13500
2020-09-22,97.572075,100.0,102.9114285714288,46.33896642991046,111.63473190559105,103.20499999999993,94.7752680944088,0.9681444667322978,2.1344640963965134,-1,0.0,100.0,100.0,100.0,100.0,10000
2020-09-23,97.36518,103.54,103.22095238095258,56.10736051415851,111.4306516919594,103.54699999999994,95.66334830804048,0.9979212356861497,1.907155524254441,1,1.0,101.0,104.0,101.0,103.54,26000
2020-09-24,97.83146,102.0,103.47333333333357,51.698332894211376,111.26161062822727,103.74199999999992,96.22238937177259,0.8870292884484456,1.7031302770932415,-1,-1.0,101.1,102.1,101.0,102.0,25000
2020-09-25,98.243225,102.5,103.6828571428574,52.989990156140564,111.04794965395529,103.96449999999996,96.88105034604463,0.8299255772115117,1.5284893371168955,1,0.0,105.98,105.98,102.5,102.5,8000
2020-09-28,98.68606,100.4,103.79476190476214,47.27223822943226,110.893835300534,104.05949999999996,97.2251646994659,0.6082069934536634,1.3444328683842492,-1,-1.0,102.5,102.5,100.0,100.4,12000
2020-09-29,98.26438,101.2,103.92333333333357,49.507427694062926,110.88803920156842,104.06749999999997,97.24696079843149,0.4913823823219729,1.173822771171794,-1,0.0,104.9,104.9,100.0,101.2,21500
2020-09-30,98.63915,104.66,104.09571428571451,57.83307056166112,110.74862946602856,103.99099999999994,97.23337053397131,0.6702647253689804,1.0731111620112312,-1,1.0,103.99,105.99,103.99,104.66,5000
2020-10-01,99.00101,101.21,103.85857142857165,49.13353661882592,110.461798929398,103.71799999999992,96.97420107060185,0.5275626895753902,0.964001467524063,-1,-1.0,100.33,101.9,99.5,101.21,19500
2020-10-02,98.99809,100.15,103.5480952380955,46.803976401745345,110.19529592995977,103.40299999999992,96.61070407004007,0.3251885852974965,0.8362388910787497,1,-1.0,100.55,100.55,100.0,100.15,18000
2020-10-05,98.32058,100.45,103.2623809523812,47.56175809788743,109.43930291218064,102.99049999999993,96.54169708781922,0.1868591465008933,0.7063629421631784,0,0.0,100.0,102.9,100.0,100.45,43000
2020-10-06,97.917366,101.5,102.91952380952404,50.23385187991581,108.64711507562656,102.65099999999993,96.65488492437328,0.1601126158596741,0.5971128769024776,-1,0.0,101.0,102.0,100.51,101.5,20500
2020-10-07,98.38485,102.51,102.64428571428594,52.72910254201764,106.84119511453913,102.22649999999993,97.61180488546071,0.2179025121850912,0.5212708039590004,1,0.0,102.5,102.51,102.5,102.51,2500
2020-10-08,98.18364,105.27,102.3714285714288,58.80727558030432,105.81773520684538,102.04699999999994,98.27626479315451,0.4808672171444925,0.5131900865960988,1,1.0,104.51,106.51,104.5,105.27,206000
2020-10-09,99.12476,105.08,102.19142857142886,58.25198647294437,105.4474071128347,101.97549999999993,98.50359288716517,0.6662570319458041,0.5438034756660398,-1,0.0,105.0,107.0,105.0,105.08,576000
2020-10-12,100.0504,105.73,102.15428571428595,59.65550083797449,105.72259954419135,102.03699999999996,98.35140045580853,0.8557646414688236,0.6061957088265966,-1,0.0,106.0,110.0,105.0,105.73,88500
2020-10-13,101.02516,107.0,102.27333333333358,62.320867661487206,106.55976233692085,102.28649999999992,98.01323766307905,1.0957975020185415,0.7041160674649856,0,1.0,106.99,107.0,104.1,107.0,9000
2020-10-14,101.89327,106.0,102.46333333333357,59.014779644931394,107.05184456532514,102.48649999999996,97.92115543467472,1.1915976349048665,0.8016123809529617,-1,-1.0,103.12,106.0,103.05,106.0,2000
2020-10-15,102.59167,105.0,102.60619047619072,55.825460930857936,107.2861079882012,102.72999999999992,98.17389201179869,1.173303179076143,0.875950540577598,-1,-1.0,103.03,105.99,103.03,105.0,3000
2020-10-19,102.398285,104.5,102.81428571428594,54.24688094775985,107.41518938148629,102.93999999999993,98.46481061851354,1.1057128996767034,0.9219030123974192,1,0.0,109.99,109.99,103.5,104.5,23500
2020-10-20,102.08456,102.0,102.8952380952383,47.07863605749668,107.3425306151146,103.03499999999993,98.72746938488524,0.8407266363332582,0.9056677371845868,1,-1.0,104.0,104.0,102.0,102.0,6000
2020-10-21,101.304474,103.1,103.0380952380955,50.197027876413266,107.26643471677849,103.18999999999993,99.11356528322132,0.7112846734706153,0.8667911244417926,-1,0.0,104.0,104.01,103.0,103.1,43500
2020-10-22,100.6194,102.44,103.15428571428595,48.355895489221496,107.22073371625713,103.13499999999992,99.0492662837427,0.5491146493079242,0.8032558294150189,-1,0.0,103.0,104.0,102.0,102.44,59000
2020-10-23,99.96618,104.0,103.17619047619073,52.76579757342096,107.30258159108729,103.23499999999993,99.16741840891257,0.5402450902139719,0.7506536815748095,-1,1.0,104.0,105.0,104.0,104.0,6500
2020-10-26,100.10171,107.0,103.41428571428595,59.863656175941685,107.82688905287868,103.45999999999992,99.09311094712118,0.7664556055652838,0.7538140663729044,-1,1.0,106.0,107.0,105.0,107.0,58000
2020-10-27,100.679146,105.0,103.53333333333357,54.03414105103393,107.86848297832664,103.68999999999993,99.51151702167317,0.7754073699508979,0.7581327270885031,1,-1.0,105.0,105.0,105.0,105.0,2500
2020-10-28,101.32705,105.25,103.76428571428593,54.62890299453196,107.95973431832444,103.89249999999993,99.82526568167542,0.7935273292849132,0.7652116475277851,1,0.0,105.25,105.25,105.25,105.25,500
2020-10-29,101.55796,97.38,103.58238095238121,37.972095584368034,108.46582022459076,103.52849999999992,98.59117977540907,0.1708745643268372,0.6463442308875955,0,-1.0,104.0,104.0,97.36,97.38,137000
2020-11-02,99.844604,100.0,103.36047619047643,44.0845083626147,108.54515116971695,103.46799999999992,98.39084883028288,-0.1099032380115687,0.4950947371077626,1,1.0,94.0,101.0,94.0,100.0,10500
2020-11-03,99.11719,105.2,103.55047619047643,53.81275106019702,108.6113668965912,103.7204999999999,98.82963310340864,0.0861814266863945,0.413312075023489,-1,1.0,105.2,105.2,105.2,105.2,96500
2020-11-12,99.06158,99.24,103.50714285714308,44.29950514496832,108.73756634621091,103.65999999999993,98.58243365378887,-0.2366147069740236,0.2833267186239864,-1,-1.0,98.01,103.5,98.0,99.24,7000
2020-11-13,98.621124,103.36,103.64571428571452,50.77752948538572,108.73616806862572,103.7529999999999,98.76983193137407,-0.1581602281384704,0.195029329271495,0,1.0,102.5,105.4,98.02,103.36,6500
2020-11-16,98.065094,98.01,103.47952380952404,43.67437204769303,109.08829351744718,103.5279999999999,97.96770648255264,-0.5216712748839569,0.0516892084404046,0,-1.0,100.01,100.01,97.61,98.01,3000
2020-11-17,97.45621,99.29,103.3261904761907,45.6338889439464,109.02075931821771,103.2289999999999,97.43724068178207,-0.6984201431331627,-0.0983326618743088,0,0.0,99.88,99.88,99.0,99.29,1500
2020-11-18,97.84649,97.4,102.95142857142879,43.24176905855074,109.09518879716049,102.84499999999993,96.59481120283935,-0.9797086280220526,-0.2746078551038575,-1,-1.0,100.0,100.0,96.01,97.4,3500
2020-11-19,95.82635,101.9,102.80000000000021,49.96672965348665,108.77168036675495,102.65349999999992,96.53531963324488,-0.8299522144390181,-0.3856767269708896,0,1.0,101.85,101.9,101.85,101.9,501000
2020-11-20,97.06623,97.9,102.42714285714311,44.87676678608531,108.30953681875246,102.19849999999992,96.0874631812474,-1.0222518651709436,-0.5129917546109004,1,-1.0,98.51,98.51,97.11,97.9,3000
2020-11-23,95.81716,95.84,101.89571428571458,42.47694560989164,108.1331965627873,101.69049999999993,95.24780343721253,-1.3255948751156694,-0.6755123787118542,1,-1.0,99.5,99.5,95.5,95.84,7000
2020-11-24,95.39178,93.85,101.31714285714311,40.23838722284839,108.23012927881076,101.13299999999992,94.03587072118908,-1.7068967219371558,-0.8817892473569146,0,-1.0,96.7,98.0,90.6,93.85,16000
2020-11-25,93.65081,95.06,100.84380952380975,42.231905251060965,108.04930400025259,100.66099999999993,93.27269599974724,-1.8896614540971512,-1.0833636887049618,-1,0.0,87.61,97.0,87.61,95.06,11000
2020-11-26,93.57232,98.92,100.5780952380955,48.17145461574109,107.90563527957345,100.50699999999992,93.10836472042641,-1.7033983644322177,-1.2073706238504132,0,1.0,99.99,102.18,97.0,98.92,21000
2020-11-27,93.46949,99.21,100.44523809523837,48.59904899009671,107.63234938370636,100.31249999999993,92.99265061629343,-1.5149198940174389,-1.268880477883818,0,0.0,104.0,104.0,98.0,99.21,3500
2020-11-30,94.077995,101.38,100.36333333333359,51.80330107551357,107.53216244233472,100.25949999999992,92.98683755766513,-1.1768821192592185,-1.250480806158898,0,1.0,100.01,106.65,94.01,101.38,34000
2020-12-01,95.16299,100.0,100.24714285714312,49.682204628408,107.1268063468445,100.05949999999993,92.99219365315531,-1.0087114168787537,-1.2021269283028693,0,-1.0,101.11,103.85,98.55,100.0,8000
2020-12-03,95.95254,99.67,100.04095238095265,49.16380107371173,106.00218092941934,99.69299999999993,93.38381907058049,-0.8917832435962936,-1.1400581913615542,-1,0.0,102.39,102.39,99.1,99.67,18000
2020-12-04,96.79916,97.61,99.5938095238098,45.941194016558256,105.1967078968948,99.32349999999992,93.45029210310507,-0.9543405637471096,-1.1029146658386653,-1,-1.0,99.0,100.25,95.1,97.61,46000
2020-12-07,96.1885,97.36,99.23000000000029,45.55096732056301,104.18432453804293,98.9289999999999,93.67367546195688,-1.012420053167304,-1.084815743304393,0,0.0,97.8,104.93,96.1,97.36,120000
2020-12-08,95.885124,99.87,98.97380952380979,50.1309534198605,104.27400294513451,99.0534999999999,93.83299705486529,-0.8461584559532866,-1.0370842858341718,-1,1.0,99.35,100.0,99.35,99.87,29500
2020-12-09,95.73765,99.0,99.05095238095265,48.6048505200548,104.20590819238205,99.00349999999986,93.80109180761772,-0.7756553988089507,-0.9847985084291276,-1,0.0,99.0,99.0,98.0,99.0,7000
2020-12-10,95.794334,97.5,98.93190476190505,46.0044832004336,103.0054044895188,98.6184999999999,94.231595510481,-0.8312367027692602,-0.954086147297154,1,-1.0,98.9,98.9,97.0,97.5,6500
2020-12-11,95.31005,99.18,98.64523809523835,49.27757228279688,103.00078208900624,98.6154999999999,94.23021791099356,-0.7312934314815323,-0.9095276041340296,0,1.0,96.25,104.8,96.05,99.18,67000
2020-12-14,95.38407,98.2,98.59571428571456,47.46989912415292,102.16498145105957,98.3574999999999,94.55001854894024,-0.7228331086038935,-0.8721887050280024,0,-1.0,99.99,102.0,97.0,98.2,33500
2020-12-15,95.63453,99.57,98.41523809523837,50.21913630030284,102.27509099386288,98.4354999999999,94.5959090061369,-0.5986794868780692,-0.8174868613980157,-1,1.0,99.8,102.55,98.0,99.57,41500
2020-12-16,95.78438,101.5,98.58142857142886,53.88102425591633,102.59887749631723,98.5459999999999,94.49312250368256,-0.3406254586099351,-0.7221145808403996,0,1.0,101.0,101.9,100.2,101.5,16500
2020-12-17,96.231926,103.0,98.75809523809549,56.55583298914127,103.27764868337229,98.82599999999992,94.37435131662748,-0.0149064853672626,-0.5806729617457722,-1,0.0,101.5,103.0,101.5,103.0,4000
2020-12-18,97.55337,104.78,99.10952380952408,59.553654637779466,103.96343168574131,98.96999999999987,93.97656831425844,0.3824506188583854,-0.3880482456249406,0,1.0,103.0,110.45,102.0,104.78,119000
2020-12-21,98.644485,105.67,99.28904761904785,61.002640688662794,105.10999119795544,99.35849999999986,93.60700880204435,0.7604090267974613,-0.1583567911404602,1,0.0,106.1,112.0,105.0,105.67,42500
2020-12-22,100.00888,102.12,99.49000000000026,52.86698611296743,105.30583604537813,99.6724999999999,94.0391639546217,0.7646737734528983,0.0262493217782114,-1,-1.0,105.68,110.0,100.01,102.12,88500
2020-12-23,100.21082,100.37,99.70571428571456,49.37144749076536,104.96099644837805,99.99849999999992,95.03600355162172,0.6196997285424573,0.1449394031310606,0,-1.0,102.1,103.8,98.25,100.37,66500
2020-12-24,99.61343,99.95,99.99619047619072,48.54189813163453,104.660008489934,100.24299999999992,95.8259915100658,0.4655496964497416,0.2090614617947968,-1,0.0,102.0,103.5,99.05,99.95,131500
2020-12-28,98.80845,99.73,100.21857142857168,48.08612967055135,104.66596175113428,100.2834999999999,95.9010382488655,0.3219216120870811,0.2316334918532537,-1,0.0,101.0,101.98,98.25,99.73,60500
2020-12-29,98.14808,98.64,100.20523809523836,45.79206204823779,104.67229102506927,100.25499999999992,95.83770897493055,0.1187722968503806,0.2090612528526791,1,-1.0,100.0,102.5,97.6,98.64,140000
2020-12-30,96.918816,99.86,100.23619047619074,48.7397732466419,104.56846876058692,100.17899999999986,95.78953123941288,0.0555781348062396,0.1783646292433912,1,0.0,99.99,103.0,98.7,99.86,97000
2020-12-31,96.55317,99.38,100.14095238095264,47.642085297131864,104.55082454796695,100.14799999999987,95.7451754520328,-0.0328569281606121,0.1361203177625905,1,0.0,99.86,103.0,98.8,99.38,94000
2021-01-01,96.391884,100.25,100.1528571428574,49.846821107464066,104.57448610005552,100.17699999999986,95.77951389994426,-0.032367511075832994,0.1024227519949058,0,0.0,99.5,100.5,99.0,100.25,41500
2021-01-04,96.60236,104.33,100.37476190476215,58.64224483192106,105.09752658408415,100.51299999999986,95.92847341591562,0.2938548813532833,0.1407091778665813,-1,1.0,100.5,105.75,100.0,104.33,47500
2021-01-05,97.60699,112.15,101.06714285714311,69.63418798591968,107.88017794934002,101.2524999999999,94.62482205065977,1.1699111160900202,0.3465495655112691,1,1.0,108.9,112.15,107.25,112.15,229000
2021-01-06,100.82349,120.56,102.17190476190504,76.78128431385386,112.95559897081944,102.28699999999986,91.61840102918036,2.5138308314411257,0.7800058186972405,0,1.0,115.21,120.56,115.0,120.56,361000
2021-01-07,105.39118,124.46,103.3428571428574,79.22343158174235,117.82549683677937,103.5599999999999,89.29450316322044,3.849222849662766,1.3938492248903456,1,1.0,125.1,128.9,122.9,124.46,322000
2021-01-08,110.206276,123.75,104.52142857142886,77.62276387452263,121.32838876360573,104.8724999999999,88.4166112363941,4.79496619328755,2.0740726185697858,0,0.0,124.75,126.0,122.0,123.75,83500
2021-01-11,114.08955,119.6,105.5738095238098,68.86451185342464,123.31548183330926,105.8934999999999,88.47151816669054,5.150235579964658,2.6893052108487607,0,-1.0,124.0,125.0,119.0,119.6,77500
2021-01-12,116.178345,122.08,106.66428571428598,70.97231027688359,125.48275686148905,107.0874999999999,88.69224313851078,5.5677231555098095,3.2649887997809706,0,1.0,120.5,124.0,120.5,122.08,55000
2021-01-13,117.79591,123.86,107.88619047619076,72.41571503277106,127.72997529337948,108.30199999999992,88.87402470662035,5.97335902631572,3.80666284508792,1,1.0,121.01,124.9,120.0,123.86,66000
2021-01-14,118.6267,127.48,109.21523809523838,75.12475987017307,130.4577091363943,109.60099999999993,88.7442908636055,6.511867369239838,4.347703749918304,1,1.0,123.86,130.0,122.01,127.48,170500
2021-01-15,119.91363,127.14,110.43619047619076,74.38583592541738,132.76212453276528,110.80799999999992,88.85387546723456,6.832443793248872,4.844651758584417,0,0.0,128.0,131.01,126.1,127.14,128500
2021-01-18,120.42455,123.27,111.40142857142885,66.38223797285137,134.14583788172084,111.73249999999986,89.31916211827894,6.697027102164795,5.215126827300493,0,-1.0,129.5,129.5,123.15,123.27,91000
2021-01-19,120.79516,121.66,112.20523809523836,63.32942528631301,135.16297841455795,112.53199999999987,89.90102158544182,6.386178958413282,5.4493372535230495,0,0.0,122.55,124.74,121.5,121.66,76000
2021-01-20,120.13167,120.03,112.88904761904787,60.305628986931715,135.75496190233414,113.42749999999992,91.10003809766563,5.939831507230027,5.547436104264445,-1,0.0,120.5,122.0,120.0,120.03,20000
2021-01-21,119.20767,118.35,113.66190476190502,57.27045243062146,135.91421157395285,114.32649999999992,92.73878842604698,5.388421606647938,5.515633204741143,0,0.0,120.1,123.0,118.2,118.35,30500
2021-01-22,117.65644,119.0,114.54904761904787,58.14811957678977,135.90499903035408,115.27899999999993,94.65300096964577,4.946850640589061,5.401876691910728,1,0.0,119.99,120.0,118.0,119.0,2500
2021-01-25,116.24163,118.13,115.41476190476222,56.47604216360215,135.5721152889814,116.19899999999993,96.82588471101843,4.47511440631969,5.2165242347925185,0,0.0,119.0,122.0,118.0,118.13,18500
2021-01-26,115.3824,117.9,116.28000000000029,56.0174388157961,134.7836657555451,117.16199999999992,99.54033424445477,4.036174457461144,4.9804542793262465,1,0.0,118.55,119.97,117.6,117.9,10500
2021-01-27,114.80164,118.0,117.20190476190506,56.18403390913184,133.8011681913258,118.06899999999992,102.33683180867399,3.6542565549940633,4.715214734459808,1,0.0,118.5,120.0,117.0,118.0,83500
2021-01-28,114.337395,115.88,117.96476190476221,51.71210916422592,132.15602156536352,118.89399999999992,105.63197843463631,3.1442723686737537,4.401026261302597,1,-1.0,117.0,118.5,115.8,115.88,41000
2021-01-29,113.83251,117.0,118.80380952380979,53.804063451499005,129.9429294298192,119.73149999999993,109.52007057018062,2.7982246743353585,4.080465943909149,1,0.0,115.25,119.9,115.2,117.0,32000
2021-02-01,113.460884,118.4,119.66809523809552,56.349697150681656,127.865139971775,120.43499999999992,113.00486002822485,2.60689699729717,3.7857521545867536,1,0.0,117.02,119.0,116.55,118.4,31000
2021-02-02,113.59307,116.31,120.23857142857172,51.76382997994398,127.32946423756049,120.64299999999993,113.95653576243936,2.260564521016008,3.4807146278726044,-1,-1.0,118.0,119.0,112.2,116.31,39500
2021-02-03,113.446175,117.85,120.51000000000029,54.68989562863923,127.30412820817577,120.50749999999992,113.71087179182406,2.0863089966246093,3.2018335016230046,1,0.0,116.31,120.6,116.31,117.85,27000
2021-02-04,113.33941000000002,119.25,120.4476190476193,57.22994995316617,126.81316509084034,120.24699999999993,113.68083490915949,2.037689323706843,2.969004666039773,1,0.0,119.9,120.0,118.75,119.25,20500
2021-02-08,113.94832,119.0,120.18761904761934,56.61955483815064,126.3927357782057,120.00949999999992,113.62626422179413,1.956432436677744,2.7664902201673667,1,0.0,119.0,119.0,119.0,119.0,25500
2021-02-09,114.593254,118.0,119.91380952380979,54.13247218013615,126.37109755031116,119.92949999999992,113.48790244968868,1.790702027333836,2.5713325816006614,-1,0.0,118.0,119.0,117.0,118.0,70500
2021-02-10,114.31579,116.5,119.76619047619076,50.54585319605246,126.1781472790868,119.65049999999992,113.12285272091304,1.520791284658884,2.3612243222123057,0,-1.0,118.0,118.0,116.5,116.5,2500
2021-02-11,114.09412,112.55,119.31238095238123,42.55073377271295,126.00384817004766,119.08499999999992,112.16615182995218,0.9768920841624578,2.084357874602336,1,-1.0,116.5,116.5,112.0,112.55,28000
2021-02-12,112.81354,112.9,118.7904761904765,43.40496101804701,124.62499800607456,118.35599999999992,112.0870019939253,0.5675477865181051,1.78099585698549,1,0.0,113.0,114.85,112.75,112.9,4500
2021-02-15,111.53896,113.11,118.10619047619078,43.943541392932175,122.8894115560952,117.65449999999994,112.41958844390469,0.2571207979190433,1.4762208451722008,1,0.0,114.99,115.0,113.0,113.11,33000
2021-02-16,110.539375,113.58,117.4604761904765,45.20047461307826,122.01550100610321,117.16999999999993,112.32449899389664,0.0484714957640051,1.1906709752905615,0,0.0,114.0,115.5,113.0,113.58,47000
2021-02-17,110.13447,113.0,116.97142857142887,43.89252231678133,121.44600031855336,116.73699999999994,112.02799968144652,-0.1618203676995051,0.9201727066925482,0,0.0,113.5,114.0,112.0,113.0,27000
2021-02-18,109.427956,109.94,116.41333333333364,37.69508977877069,121.54547233195757,116.23249999999993,110.91952766804228,-0.5688374075333087,0.6223706838473768,0,-1.0,112.0,112.49,109.5,109.94,52500
2021-02-19,108.723335,110.7,115.96904761904793,39.962452801053466,121.58300968079945,115.84999999999994,110.1169903192004,-0.8206161434995778,0.3337733183779859,-1,0.0,111.0,111.0,109.94,110.7,11500
2021-02-22,108.17521,114.91,115.8052380952384,50.671480727571534,121.20358771072908,115.64549999999993,110.0874122892708,-0.6726864791597791,0.1324813588704329,0,1.0,115.5,115.5,112.65,114.91,64500
2021-02-23,108.80138999999998,118.72,115.79190476190504,57.97686580745046,121.2914775438142,115.67499999999993,110.05852245618564,-0.2451896027777707,0.0569471665407921,1,1.0,115.0,119.98,113.1,118.72,50500
2021-02-24,110.45893,117.27,115.75095238095268,54.65917566972414,121.21660784035015,115.6434999999999,110.07039215964964,-0.0231314847829935,0.040931436276035,1,-1.0,118.7,122.0,116.0,117.27,111000
2021-02-25,111.259056,116.71,115.694285714286,53.388503427286615,121.07078987217895,115.57899999999992,110.08721012782087,0.1064369151819306,0.0540325320572141,1,0.0,115.0,118.0,115.0,116.71,15000
2021-02-26,112.113235,115.67,115.58333333333358,51.01652187232946,121.05875054074812,115.5684999999999,110.07824945925171,0.1237746995968365,0.0679809655651386,-1,-1.0,116.05,116.55,115.5,115.67,4500
2021-03-01,112.62138,107.96,115.20619047619076,37.65872364201498,121.47996218659134,115.1164999999999,108.75303781340848,-0.4790948391048459,-0.0414341953688583,0,-1.0,114.05,114.05,107.51,107.96,112000
2021-03-02,110.96717,105.3,114.6490476190479,34.3199805143244,121.9377297316346,114.46149999999993,106.98527026836523,-1.1581624852203591,-0.2647798533391584,1,-1.0,110.0,111.45,105.1,105.3,29000
2021-03-03,107.97959,106.0,114.05857142857172,35.9297905883516,122.22048221946086,113.94599999999993,105.67151778053892,-1.6211566525733048,-0.5360552131859877,0,0.0,105.0,106.5,105.0,106.0,16000
2021-03-04,105.74203,103.61,113.4538095238098,32.95945239408052,122.44038995481772,113.23399999999992,104.02761004518213,-2.1560819215526976,-0.8600605548593296,1,-1.0,101.0,106.0,101.0,103.61,14500
2021-03-05,103.87168,104.0,112.794285714286,33.9194632956741,122.07602450671914,112.47149999999992,102.86697549328069,-2.5195010705074594,-1.1919486579889556,-1,0.0,104.0,107.5,103.0,104.0,5500
2021-03-08,101.91444,103.56,112.04714285714311,33.33940819382854,121.55960441122076,111.69949999999993,101.83939558877908,-2.8106186251528413,-1.5156826514217328,0,0.0,104.5,104.5,103.12,103.56,7000
2021-03-09,100.96716,101.06,111.19285714285743,30.18127872077352,121.29532313362472,110.85249999999992,100.40967686637512,-3.2061025369102936,-1.853766628519445,1,-1.0,103.0,105.0,101.0,101.06,35500
2021-03-10,100.24675,97.97,110.23904761904792,26.80187294165808,121.43390406634457,109.9259999999999,98.41809593365524,-3.7259135499748623,-2.2281960128105283,-1,-1.0,100.0,100.0,97.9,97.97,11000
2021-03-11,98.401695,93.92,109.16380952380979,23.144045541721862,122.36694999991337,108.9944999999999,95.62205000008645,-4.413789260495804,-2.6653146623475834,0,-1.0,99.0,99.0,93.0,93.92,14500
2021-03-12,96.21607,94.99,108.32761904761931,26.01683888824525,122.65198443619707,108.09899999999986,93.5460155638027,-4.817067503661832,-3.0956652306104333,1,0.0,91.0,95.99,90.0,94.99,28500
2021-03-15,94.59645,97.01,107.57095238095265,31.242030087182087,122.41909226418751,107.29399999999993,92.16890773581228,-4.916991283878403,-3.4599304412640266,0,1.0,96.0,97.05,96.0,97.01,8500
2021-03-16,93.78207,104.03,107.13857142857172,45.61689387206213,121.71899546217622,106.8164999999999,91.91400453782356,-4.379245057166258,-3.643793364444473,0,1.0,96.5,104.28,96.5,104.03,27500
2021-03-17,95.24088,109.65,106.95142857142885,53.92221085180583,121.34358253915958,106.64899999999993,91.95441746084022,-3.4597088959853286,-3.606976470752645,1,1.0,105.0,110.0,105.0,109.65,45500
2021-03-18,97.886345,105.12,106.57619047619076,47.61057159572936,121.03673418994906,106.4079999999999,91.77926581005077,-3.061215221031788,-3.4978242208084733,1,-1.0,110.0,110.0,105.0,105.12,77500
2021-03-19,99.75937,106.0,106.38857142857172,48.86279162962421,120.66879263097324,106.17299999999993,91.67720736902659,-2.6439200030934704,-3.3270433772654724,1,0.0,106.0,106.0,106.0,106.0,7000
2021-03-22,101.16996,103.4,106.04095238095269,45.40930926566471,119.56439210240386,105.59749999999993,91.63060789759597,-2.4942565702005624,-3.1604860158524906,1,-1.0,106.0,106.0,103.1,103.4,7500
2021-03-24,101.753,103.33,105.4895238095241,45.31644595033696,117.44916729942939,104.8279999999999,92.20683270057043,-2.354158364142563,-2.999220485510505,1,0.0,102.1,104.0,102.1,103.33,5500
2021-03-25,101.996216,103.33,104.75666666666694,45.31644595033696,115.39327135173826,104.1309999999999,92.86872864826157,-2.2175667968419503,-2.842889747776794,1,0.0,0.0,103.33,103.33,103.33,500
2021-03-26,100.67965,103.0,104.07714285714316,44.815360891462966,113.11859149135842,103.44549999999992,93.77240850864142,-2.1116039814714758,-2.69663259451573,1,0.0,103.0,103.0,103.0,103.0,3500
2021-03-29,100.51703,100.1,103.28619047619075,40.56986950973671,110.63539030169831,102.66699999999986,94.69860969830142,-2.2358598499821203,-2.6044780456090084,1,-1.0,102.0,103.0,100.0,100.1,58500
2021-03-30,99.22362,100.04,102.54190476190504,40.4844165938585,109.92900470097769,102.27099999999987,94.61299529902209,-2.3125177543709867,-2.5460859873614043,1,0.0,99.51,103.0,99.51,100.04,1500
2021-03-31,98.46444,101.23,102.22142857142885,43.04667402482379,109.6081335940817,102.06749999999992,94.52686640591808,-2.2512951124606104,-2.487127812381245,-1,1.0,104.99,104.99,97.06,101.23,7500
2021-04-01,98.12644,100.74,102.004285714286,42.24027024229222,109.14234839037974,101.80449999999986,94.46665160962006,-2.21676118945436,-2.4330544877958684,-1,0.0,100.51,101.01,100.0,100.74,53500
2021-04-02,97.93993,99.27,101.6838095238098,39.82966788020674,108.95556860718484,101.58749999999986,94.21943139281495,-2.2817074185582413,-2.4027850739483427,0,-1.0,101.0,101.0,99.0,99.27,172000
2021-04-05,97.14387,98.0,101.41666666666694,37.821461835159134,108.7264807769738,101.28749999999992,93.848519223026,-2.407899393855488,-2.403807937929772,1,-1.0,98.1,98.99,98.0,98.0,19000
2021-04-07,96.49221,100.0,101.22619047619078,42.71947068611304,108.49261445124479,101.1094999999999,93.72638554875499,-2.3197831420928736,-2.3870029787623923,1,1.0,99.0,101.0,99.0,100.0,62500
2021-04-08,96.5832,103.52,101.22428571428604,50.16075449027247,108.68981017191707,101.2324999999999,93.7751898280827,-1.9435121967849227,-2.298304822366898,1,1.0,102.9,105.5,100.75,103.52,18000
2021-04-09,97.426735,109.09,101.60666666666698,59.194311181339074,109.82555238257059,101.7884999999999,93.75144761742919,-1.1822342516372686,-2.075090708220972,-1,1.0,108.25,109.98,107.99,109.09,33000
2021-04-12,99.5931,107.63,102.066666666667,56.31307473361744,110.03419417741304,102.47399999999986,94.91380582258677,-0.6887858985826938,-1.7978297462933164,-1,-1.0,108.0,113.7,107.0,107.63,668000
2021-04-13,101.07441,106.1,102.64666666666695,53.38078331421772,109.91061466262391,103.0294999999999,96.14838533737587,-0.4163829336700502,-1.5215403837686632,0,-1.0,106.1,106.1,106.1,106.1,500
2021-04-14,102.2239,109.82,103.35285714285746,58.974358294093456,110.57536602941411,103.66999999999986,96.76463397058563,0.0985354340953534,-1.1975252201958602,-1,1.0,106.25,109.99,106.25,109.82,14000
2021-04-15,103.71842,107.0,103.82857142857172,53.71303447742732,110.87454216258448,103.8184999999999,96.76245783741531,0.275881329819299,-0.902843910192828,1,-1.0,107.0,107.0,107.0,107.0,500
2021-04-16,104.519264,106.0,103.92238095238123,51.943344101715724,110.25453578974829,103.63599999999992,97.0174642102515,0.3319115178671836,-0.6558928245808258,-1,0.0,107.0,108.0,105.0,106.0,2000
2021-04-19,103.97242,106.0,103.74857142857172,51.943344101715724,110.34892195187271,103.67999999999992,97.01107804812712,0.3720273459062184,-0.4503087904834169,0,0.0,106.0,106.0,106.0,106.0,500
2021-04-20,103.2028,108.99,103.93285714285744,56.87086936868228,110.82577465156851,103.82949999999992,96.83322534843128,0.6377360163538128,-0.2326998291159709,-1,1.0,108.99,108.99,108.99,108.99,1000
2021-04-21,104.200356,105.0,103.88523809523838,49.56698033688531,110.92087497215664,103.90949999999992,96.89812502784314,0.5203540799084436,-0.0820890473110879,-1,-1.0,105.0,106.0,105.0,105.0,21500
2021-04-22,103.26641,99.03,103.67714285714315,41.068208401581224,111.0204278593342,103.6944999999999,96.36857214066559,-0.0537811019779184,-0.07642745824445403,0,-1.0,108.0,110.0,99.0,99.03,3000
2021-04-23,101.30601,96.55,103.35428571428602,38.14247583560381,111.31739292820228,103.35549999999992,95.39360707179756,-0.7008239812110729,-0.2013067628377778,1,-1.0,95.06,96.55,95.06,96.55,1500
2021-04-26,98.7605,96.45,103.02666666666694,38.02484280161527,111.54120292253012,103.0279999999999,94.51479707746971,-1.2077570178614252,-0.4025968138425073,0,0.0,96.0,98.0,95.05,96.45,4000
2021-04-27,97.1312,96.08,102.69714285714315,37.5632384930669,111.78542195926063,102.82699999999993,93.86857804073921,-1.6206788326973225,-0.6462132176134704,-1,0.0,96.75,101.5,96.0,96.08,112500
2021-04-28,95.24348,101.0,102.74000000000031,46.80983353699108,111.78332307452798,102.87499999999993,93.96667692547184,-1.5332451681647967,-0.8236196077237357,0,1.0,99.95,101.0,99.9,101.0,6500
2021-04-29,95.02081,107.0,103.07142857142887,55.470647005911424,112.212655264452,103.16349999999993,94.11434473554779,-0.9686376513012503,-0.8526232164392387,0,1.0,98.01,107.0,98.0,107.0,6000
2021-05-03,97.04995,99.09,102.96952380952412,45.0551170087654,112.24636938700121,103.0809999999999,93.91563061299856,-1.146239879954578,-0.9113465491423064,-1,-1.0,99.12,99.15,98.98,99.09,36000
2021-05-04,97.33385,99.0,102.88666666666698,44.95169453540611,112.25604912378328,103.06749999999992,93.87895087621656,-1.2795038496407471,-0.9849780092419946,-1,-0.5,99.09,100.0,96.0,99.0,4000
,97.13107299804688,,,,,,,,,,,,,,,
,96.56233978271484,,,,,,,,,,,,,,,
,96.38552856445312,,,,,,,,,,,,,,,
,94.36387634277344,,,,,,,,,,,,,,,
,93.52426147460938,,,,,,,,,,,,,,,
,92.40911865234376,,,,,,,,,,,,,,,
,91.40931701660156,,,,,,,,,,,,,,,
,90.52027893066406,,,,,,,,,,,,,,,
,89.38612365722656,,,,,,,,,,,,,,,
,88.44019317626953,,,,,,,,,,,,,,,
,87.46426391601562,,,,,,,,,,,,,,,
,86.50749969482422,,,,,,,,,,,,,,,
,85.58504486083984,,,,,,,,,,,,,,,
,84.63996124267578,,,,,,,,,,,,,,,
