,Unnamed: 0,Unnamed: 0.1,Date,Predicted Price,Original Price,21 SMA,50 SMA,100 SMA,200 SMA,RSI,21-avg volume,Upper BBand,Middle BBand,Lower BBand,52-week high,52-week low,MACD,MACD Signal,MACD Trend,Score,Close,Label,Diff,RSI change,21 SMA change,Pred
0,582.0,582.0,2019-10-25,21.382153,20.4582,20.902247619047586,20.65554599999996,21.70176799999993,21.60894850000009,46.28906953685679,23493.571428571428,21.710003612748825,20.913394999999987,20.11678638725115,26.2362,19.0021,-0.0085828642754357,0.0470780405897164,Bearish,0.0,20.4582,-1.0,1.0,-8.285045880706022,0.0307190476190442,-1.0
1,583.0,583.0,2019-10-28,21.255203,20.366,20.887328571428537,20.652781999999963,21.68103299999993,21.59763650000009,45.35005936294621,23707.85714285713,21.64159644450225,20.857179999999985,20.07276355549772,26.2362,19.0021,-0.0408597274565316,0.0294904869804668,Bearish,0.75,20.366,0.0,0.0,-0.9390101739105744,-0.014919047619049,0.0
2,584.0,584.0,2019-10-29,21.021278,20.366,20.833790476190444,20.62955999999996,21.665734999999923,21.58758650000009,45.35005936294621,28945.95238095238,21.6508723926272,20.839209999999987,20.02754760737278,26.2362,19.0021,-0.0656822302057484,0.0104559435432237,Bearish,0.1904761904761904,20.366,0.0,0.0,0.0,-0.0535380952380926,0.0
3,585.0,585.0,2019-10-30,20.845495,20.7346,20.83422857142854,20.61370999999996,21.65191199999993,21.582382000000084,50.04830632270283,32707.85714285713,21.651084259429425,20.839669999999987,20.02825574057055,26.2362,19.0021,-0.0549775559470937,-0.0026307563548397,Bearish,0.0,20.7346,1.0,0.0,4.6982469597566165,0.0004380952380955,1.0
4,586.0,586.0,2019-10-31,21.351398,20.7346,20.834666666666635,20.59030199999996,21.638088999999923,21.57508900000009,50.04830632270283,32136.42857142857,21.651084259429425,20.839669999999987,20.02825574057055,26.2362,19.0021,-0.0459641780413413,-0.01129744069214,Bearish,0.4,20.7346,0.0,1.0,0.0,0.0004380952380955,0.0
5,587.0,587.0,2019-11-01,20.368654,20.7346,20.834666666666635,20.577767999999963,21.63265199999992,21.569449500000086,50.04830632270282,32121.61904761905,21.63370669493824,20.862709999999986,20.09171330506173,26.2362,19.0021,-0.0383786064281039,-0.0167136738393328,Bearish,0.0,20.7346,0.0,-1.0,-7.105427357601002e-15,0.0,0.0
6,588.0,588.0,2019-11-04,21.36685,21.1401,20.875919047619018,20.573343999999963,21.63209899999992,21.566403000000086,55.325417318307714,31883.571428571428,21.65849388293064,20.878374999999988,20.098256117069337,26.2362,19.0021,0.0003494466184861,-0.013301049747769,Bullish,0.0,21.1401,1.0,1.0,5.277110995604893,0.0412523809523825,1.0
7,589.0,589.0,2019-11-05,21.40863,20.3752,20.854414285714256,20.55362199999996,21.623896999999925,21.557487000000087,45.55004501081245,31145.476190476187,21.652985792065166,20.84611999999999,20.03925420793481,26.2362,19.0021,-0.0303297077936548,-0.0167067813569462,Bearish,0.0,20.3752,-1.0,0.0,-9.77537230749526,-0.0215047619047616,-1.0
8,590.0,590.0,2019-11-06,21.258244,21.2875,20.867138095238065,20.57334199999996,21.621223999999923,21.55439450000009,55.62162680023079,33716.90476190476,21.686047586108437,20.859479999999987,20.032912413891548,26.2362,19.0021,0.0187556237386417,-0.0096143003378286,Bullish,0.0,21.2875,1.0,0.0,10.071581789418332,0.0127238095238091,1.0
9,591.0,591.0,2019-11-07,21.208334,21.1954,20.87547619047616,20.59177399999995,21.610165999999925,21.547403500000087,54.52513955702979,36526.42857142857,21.65730712350127,20.850264999999983,20.043222876498707,26.2362,19.0021,0.0496520444692016,0.0022389686235774,Bullish,-0.3333333333333333,21.1954,0.0,0.0,-1.0964872432009969,0.0083380952380949,-1.0
10,592.0,592.0,2019-11-08,21.662075,21.1954,20.86669999999997,20.626791999999963,21.593577999999923,21.54019500000009,54.5251395570298,37907.38095238096,21.613071527692647,20.837364999999988,20.06165847230733,26.2362,19.0021,0.0732928066430709,0.0164497362274761,Bullish,0.0,21.1954,0.0,1.0,1.4210854715202004e-14,-0.0087761904761904,0.0
11,593.0,593.0,2019-11-11,20.87242,22.2552,20.90488095238092,20.691853999999957,21.58399399999992,21.537458500000085,63.99694730378644,38693.09523809524,21.837373318350487,20.877454999999987,19.91753668164949,26.2362,19.0021,0.1755219757919057,0.048264184140362,Bullish,0.0,22.2552,1.0,-1.0,9.47180774675664,0.0381809523809515,1.0
12,594.0,594.0,2019-11-12,22.132725,23.2043,20.988257142857112,20.75967799999995,21.572842999999924,21.53946750000009,70.01941343773842,40859.76190476192,22.346045137569785,20.96499999999999,19.5839548624302,26.2362,19.0021,0.3293274846601761,0.1044768442443248,Bullish,0.2727272727272727,23.2043,1.0,1.0,6.02246613395198,0.0833761904761907,1.0
13,595.0,595.0,2019-11-13,22.535675,23.2043,21.071633333333303,20.827501999999956,21.554964999999925,21.54217300000009,70.01941343773844,50835.95238095238,22.77219454661681,21.08433499999999,19.396475453383168,26.2362,19.0021,0.4460773564554259,0.172796946686545,Bullish,-0.1034482758620689,23.2043,0.0,1.0,1.4210854715202004e-14,0.0833761904761907,0.0
14,596.0,596.0,2019-11-14,22.415262,23.0385,21.17739047619045,20.882795999999956,21.53045199999992,21.544441000000084,67.7242114213681,51190.66666666666,23.079277167683426,21.19537999999999,19.31148283231656,26.2362,19.0021,0.5192383402670266,0.2420852254026413,Bullish,0.28,23.0385,-1.0,0.0,-2.2952020163703395,0.1057571428571471,-1.0
15,597.0,597.0,2019-11-15,23.024168,22.5777,21.261204761904736,20.924265999999957,21.50243699999992,21.544187500000085,61.673408254466885,51904.95238095238,23.24427372068649,21.26679999999999,19.28932627931348,26.2362,19.0021,0.5338819789767761,0.3004445761174683,Bullish,-0.0416666666666666,22.5777,-1.0,1.0,-6.050803166901211,0.0838142857142862,-1.0
16,598.0,598.0,2019-11-18,23.479555,23.6098,21.3783714285714,20.98637799999995,21.476172999999925,21.55127050000009,68.46865918192576,52524.0,23.617144917379274,21.41055999999999,19.203975082620705,26.2362,19.0021,0.6216035537040518,0.364676371634785,Bullish,0.3076923076923077,23.6098,1.0,1.0,6.7952509274588735,0.1171666666666624,1.0
17,599.0,599.0,2019-11-19,22.847181,24.7433,21.56926190476188,21.07115999999995,21.46999899999993,21.56236700000009,73.93448760137944,57333.52380952381,24.20934842114036,21.63403499999999,19.058721578859625,26.2362,19.0021,0.7736691344310742,0.4464749241940429,Bullish,0.25,24.7433,1.0,-1.0,5.465828419453686,0.1908904761904786,1.0
18,600.0,600.0,2019-11-20,24.349983,24.8262,21.78604285714283,21.16312799999995,21.457465999999933,21.57770750000009,74.28556927443624,60071.61904761905,24.70646279419375,21.861654999999992,19.016847205806236,26.2362,19.0021,0.8906051975712685,0.5353009788694879,Bullish,0.3333333333333333,24.8262,0.0,1.0,0.3510816730567967,0.2167809523809545,0.0
19,601.0,601.0,2019-11-21,24.33464,24.8262,22.002823809523782,21.251041999999952,21.45230499999993,21.593875000000097,74.28556927443624,58262.09523809524,25.146378465909518,22.04365499999999,18.94093153409047,26.2362,19.0021,0.9720724242757336,0.6226552679507371,Bullish,0.1666666666666666,24.8262,0.0,0.0,0.0,0.2167809523809545,0.0
20,602.0,602.0,2019-11-22,24.184486,25.3515,22.201171428571406,21.343379999999957,21.45700499999993,21.609666500000092,76.60162898889719,55881.28571428573,25.61594426580964,22.28831999999999,18.96069573419034,26.2362,19.0021,1.0667265486250912,0.7114695240856079,Bullish,0.0,25.3515,1.0,0.0,2.3160597144609483,0.1983476190476203,1.0
21,603.0,603.0,2019-11-25,25.073057,25.1119,22.422776190476164,21.430003999999958,21.459308999999934,21.623694000000096,73.3561881961093,67905.0,25.94662443481676,22.52561499999999,19.104605565183228,26.2362,19.0021,1.1096159446409717,0.7910988081966807,Bullish,0.1071428571428571,25.1119,-1.0,1.0,-3.245440792787889,0.2216047619047572,-1.0
22,604.0,604.0,2019-11-26,25.506716,24.8815,22.637799999999977,21.512941999999956,21.463915999999934,21.636526000000096,70.27296946833644,69405.0,26.16850275605659,22.751389999999997,19.3342772439434,26.2362,19.0021,1.1121940646575048,0.8553178594888455,Bullish,0.1818181818181818,24.8815,-1.0,1.0,-3.0832187277728598,0.2150238095238137,-1.0
23,605.0,605.0,2019-11-27,24.720064,24.8723,22.85238571428569,21.604911999999956,21.468430999999946,21.65231450000009,70.14618627701935,62000.23809523808,26.362921448532447,22.958275,19.55362855146753,26.2362,19.0021,1.1008054798880345,0.9044153835686832,Bullish,0.2142857142857142,24.8723,0.0,-1.0,-0.126783191317088,0.2145857142857146,0.0
24,606.0,606.0,2019-11-28,25.833479,25.1119,23.06082857142855,21.69374799999996,21.484557999999925,21.67060650000009,71.58405471700905,54169.28571428573,26.54443623193521,23.17713999999999,19.809843768064773,26.2362,19.0021,1.0984513980328892,0.9432225864615243,Bullish,0.375,25.1119,1.0,1.0,1.4378684399896997,0.2084428571428596,0.0
25,607.0,607.0,2019-11-29,25.257893,25.1119,23.269271428571404,21.790323999999966,21.50695099999993,21.68628750000009,71.58405471700905,54693.09523809524,26.667477952953305,23.39600499999999,20.12453204704668,26.2362,19.0021,1.0840890672571142,0.9713958826206424,Bullish,0.2307692307692308,25.1119,0.0,-1.0,0.0,0.2084428571428525,0.0
26,608.0,608.0,2019-12-02,25.206028,24.8908,23.46718571428569,21.882663999999966,21.526118999999923,21.70573700000009,68.07509114342606,54700.76190476192,26.74438145784075,23.583539999999992,20.422698542159235,26.2362,19.0021,1.0428446306976689,0.9856856322360475,Bullish,0.0,24.8908,-1.0,0.0,-3.5089635735829887,0.1979142857142903,-1.0
27,609.0,609.0,2019-12-03,25.285696,24.0706,23.606733333333302,21.967813999999947,21.533859999999933,21.721651500000085,56.92708461796026,54705.52380952381,26.56886624610623,23.76830999999999,20.96775375389376,26.2362,19.0021,0.9332172843254796,0.975191962653934,Bearish,-0.1,24.0706,-1.0,0.0,-11.148006525465805,0.1395476190476117,-1.0
28,610.0,610.0,2019-12-04,25.364155,25.2502,23.83887619047617,22.076555999999947,21.560584999999925,21.744464500000092,65.64157368100363,55062.66666666666,26.592164200125023,23.96644499999999,21.34072579987496,26.2362,19.0021,0.930791103728172,0.9663117908687816,Bearish,0.0,25.2502,1.0,0.0,8.714489063043374,0.2321428571428647,1.0
29,611.0,611.0,2019-12-05,24.531982,26.2638,24.07584285714283,22.20556999999995,21.59744599999993,21.77273750000009,71.05978496487411,52824.57142857144,26.701264696362,24.21986499999999,21.738465303637987,26.2362,19.0021,0.9991399240154344,0.9728774174981122,Bullish,0.0,26.2638,1.0,-1.0,5.418211283870477,0.2369666666666603,1.0
30,612.0,612.0,2019-12-06,26.034235,27.4066,24.371614285714266,22.34011599999995,21.646195999999925,21.804244000000097,75.71058835756006,51324.57142857144,26.97442432150272,24.53042499999999,22.08642567849726,26.2638,19.0021,1.1324668923428831,1.0047953124670663,Bullish,0.2,27.4066,1.0,1.0,4.650803392685944,0.2957714285714345,1.0
31,613.0,613.0,2019-12-09,26.029274,28.0608,24.69853809523807,22.471525999999947,21.69918399999993,21.83684550000009,77.9000737070967,52967.428571428565,27.484060503477696,24.820705,22.15734949652229,27.4066,19.0021,1.2762066322878312,1.0590775764312192,Bullish,0.0,28.0608,1.0,0.0,2.189485349536639,0.3269238095238052,1.0
32,614.0,614.0,2019-12-10,25.963005,28.5216,24.99693809523807,22.627449999999943,21.756779999999925,21.870663000000096,79.31449196590434,61372.19047619048,28.091149418222308,25.08656999999999,22.08199058177768,28.0608,19.0021,1.4110385466915611,1.1294697704832877,Bullish,0.1739130434782608,28.5216,1.0,0.0,1.4144182588076433,0.2984000000000009,0.0
33,615.0,615.0,2019-12-11,27.64786,29.1575,25.28042380952379,22.79609199999995,21.827185999999934,21.907660000000096,81.11110527614353,76110.28571428571,28.742651909231352,25.38422999999999,22.02580809076864,28.5216,19.0021,1.5513229406353195,1.213840404513694,Bullish,0.0909090909090909,29.1575,1.0,1.0,1.796613310239195,0.2834857142857174,1.0
34,616.0,616.0,2019-12-12,28.11267,28.5769,25.53626190476188,22.952937999999943,21.891785999999925,21.94393000000009,74.72918253124611,82943.61904761905,29.112294371654865,25.661149999999992,22.21000562834512,29.1575,19.0021,1.5972378026637877,1.2905198841437129,Bullish,0.3333333333333333,28.5769,-1.0,1.0,-6.381922744897423,0.2558380952380865,-1.0
35,617.0,617.0,2019-12-13,28.077751,27.6738,25.75699047619045,23.100937999999942,21.94735499999993,21.97786050000009,66.02685670249322,86110.28571428571,29.16546486241085,25.91595499999999,22.666445137589125,29.1575,19.0021,1.5429666797212642,1.3410092432592229,Bullish,0.0,27.6738,-1.0,0.0,-8.70232582875289,0.2207285714285731,-1.0
36,618.0,618.0,2019-12-16,29.361103000000004,27.7291,26.00229523809521,23.23898399999995,22.01038799999993,22.01206750000009,66.28575696690889,86538.85714285714,29.281580868258757,26.12191999999999,22.962259131741227,29.1575,19.0021,1.4872742992993864,1.3702622544672558,Bullish,0.0689655172413793,27.7291,0.0,1.0,0.2589002644156721,0.2453047619047623,0.0
37,619.0,619.0,2019-12-17,28.046375,27.554,26.190114285714262,23.369657999999948,22.07305299999993,22.04600800000009,64.60687111230024,85967.42857142858,29.414360528708897,26.262454999999992,23.11054947129108,29.1575,19.0021,1.4127235818828223,1.3787545199503692,Bullish,0.4375,27.554,-1.0,-1.0,-1.6788858546086516,0.1878190476190511,0.0
38,620.0,620.0,2019-12-18,28.248749,26.7246,26.28446190476189,23.483743999999948,22.12742399999993,22.07693300000009,57.21471308466547,81276.95238095237,29.444221149633165,26.35737499999999,23.270528850366816,29.1575,19.0021,1.2720525231446835,1.3574141205892318,Bearish,0.0,26.7246,-1.0,0.0,-7.392158027634771,0.0943476190476282,-1.0
39,621.0,621.0,2019-12-19,27.83726,25.158,26.300261904761893,23.559309999999957,22.16612899999993,22.09745750000009,46.41263053267771,80419.80952380953,29.431139993536505,26.37396499999999,23.31679000646348,29.1575,19.0021,1.0223728899664302,1.2904058744646716,Bearish,0.1621621621621621,25.158,-1.0,-1.0,-10.80208255198776,0.0158000000000022,-1.0
40,622.0,622.0,2019-12-20,27.41440200000001,24.43,26.281395238095214,23.618841999999947,22.197553999999933,22.115125000000084,42.4059517784512,85491.23809523809,29.47185888782403,26.32788999999999,23.183921112175952,29.1575,19.0021,0.7570298965650508,1.1837306788847477,Bearish,0.0,24.43,-1.0,-1.0,-4.006678754226506,-0.0188666666666748,-1.0
41,623.0,623.0,2019-12-23,25.780785,24.1443,26.223909523809517,23.672659999999947,22.216997999999933,22.13140800000009,40.91324067074152,96443.47619047615,29.52497831622251,26.279509999999995,23.03404168377748,29.1575,19.0021,0.5177220824008337,1.0505289595879648,Bearish,0.0,24.1443,-1.0,-1.0,-1.492711107709681,-0.0574857142857041,0.0
42,624.0,624.0,2019-12-24,25.994606,24.5866,26.19889523809522,23.73532399999995,22.240864999999925,22.149249500000085,44.18863060682776,85038.71428571429,29.53806568785384,26.264764999999997,22.991464312146142,29.1575,19.0021,0.3596134293388289,0.9123458535381376,Bearish,0.2,24.5866,1.0,0.0,3.275389936086235,-0.0250142857142954,1.0
43,625.0,625.0,2019-12-25,25.045826,24.5866,26.184852380952364,23.810703999999948,22.26473199999993,22.16726500000009,44.18863060682776,84300.61904761905,29.550349231712808,26.25047999999999,22.950610768287174,29.1575,19.0021,0.2316409697678701,0.7762048767840841,Bearish,0.0,24.5866,0.0,-1.0,0.0,-0.0140428571428543,0.0
44,626.0,626.0,2019-12-26,24.84854,25.029,26.192314285714268,23.894931999999947,22.30067199999993,22.187318500000085,47.56070559610954,85324.42857142858,29.552117512069486,26.246334999999995,22.940552487930503,29.1575,19.0021,0.1640290317020998,0.6537697077676873,Bearish,0.0714285714285714,25.029,1.0,0.0,3.372074989281785,0.0074619047619037,1.0
45,627.0,627.0,2019-12-27,24.911701,24.4208,26.159404761904742,23.960361999999947,22.332649999999933,22.204679000000088,43.65561893377999,92417.28571428572,29.57816513518653,26.211779999999997,22.84539486481346,29.1575,19.0021,0.0606700599217724,0.5351497781985043,Bearish,0.0,24.4208,-1.0,0.0,-3.905086662329552,-0.032909523809522,-1.0
46,628.0,628.0,2019-12-30,25.10776,25.2041,26.163795238095226,24.04975199999995,22.372460999999934,22.22495550000009,49.416127841303975,92131.57142857143,29.571940996993337,26.227445,22.882949003006647,29.1575,19.0021,0.0414848819181337,0.4364167989424302,Bearish,0.0,25.2041,1.0,0.0,5.760508907523985,0.0043904761904798,1.0
47,629.0,629.0,2019-12-31,24.47956700000001,25.1119,26.174323809523788,24.146513999999957,22.41134999999993,22.241724500000085,48.78389911227264,94457.19047619047,29.518846733901647,26.279509999999995,23.040173266098343,29.1575,19.0021,0.0186260116085215,0.3528586414756484,Bearish,0.25,25.1119,0.0,-1.0,-0.6322287290313326,0.0105285714285621,0.0
48,630.0,630.0,2020-01-01,25.76259,25.5727,26.24585238095237,24.252491999999947,22.454846999999933,22.260797500000084,52.08346747202833,94714.28571428572,29.517479607225063,26.295634999999997,23.07379039277492,29.1575,19.0021,0.0372633524017516,0.289739583660869,Bearish,0.3125,25.5727,1.0,1.0,3.299568359755689,0.0715285714285833,1.0
49,631.0,631.0,2020-01-02,25.353622,25.8031,26.272180952380943,24.34482999999995,22.50064799999993,22.282328000000085,53.68996626357674,92619.04761904762,29.501605370079965,26.272599999999997,23.043594629920022,29.1575,19.0021,0.0698200911724953,0.2457556851631943,Bearish,0.0,25.8031,1.0,-1.0,1.606498791548411,0.0263285714285714,1.0
50,632.0,632.0,2020-01-03,25.288136,25.3423,26.22829999999999,24.442511999999947,22.54902899999993,22.299161000000087,50.07401852455028,91761.90476190476,29.378709345264177,26.169384999999995,22.96006065473581,29.1575,19.0021,0.0577728626746711,0.2081591206654896,Bearish,0.0,25.3423,-1.0,0.0,-3.61594773902646,-0.0438809523809524,-1.0
51,633.0,633.0,2020-01-06,25.740925,25.1119,26.11902857142856,24.537429999999947,22.59510599999993,22.318106000000085,48.32164994897318,90380.95238095238,29.13978659751009,26.021939999999997,22.904093402489902,29.1575,19.0021,0.029296283507719,0.1723865532339355,Bearish,0.3333333333333333,25.1119,-1.0,1.0,-1.7523685755771012,-0.1092714285714322,-1.0
52,634.0,634.0,2020-01-07,25.889446,24.8815,25.96763333333332,24.627739999999957,22.628649999999947,22.33337500000009,46.56666720456201,88285.71428571429,28.77232733069253,25.839935,22.90754266930746,29.1575,19.0021,-0.0117277746260207,0.1355636876619443,Bearish,0.1111111111111111,24.8815,-1.0,0.0,-1.7549827444111727,-0.1513952380952368,-1.0
53,635.0,635.0,2020-01-08,24.976606,23.96,25.750414285714275,24.692247999999957,22.65297899999994,22.34438450000009,40.26749780590215,79547.61904761905,28.194322483685355,25.58006,22.96579751631464,29.1575,19.0021,-0.1172454523703905,0.0850018596554773,Bearish,0.0,23.96,-1.0,-1.0,-6.299169398659863,-0.2172190476190465,-1.0
54,636.0,636.0,2020-01-09,25.692656,24.3102,25.519590476190466,24.763759999999948,22.677030999999943,22.357972000000085,43.40094784864837,62952.38095238096,27.64238313150937,25.366724999999995,23.09106686849062,29.1575,19.0021,-0.1706436847641796,0.0338727507715459,Bearish,0.2857142857142857,24.3102,1.0,1.0,3.133450042746219,-0.2308238095238088,1.0
55,637.0,637.0,2020-01-10,24.836329,24.8815,25.343619047619036,24.846697999999947,22.71223299999993,22.373589000000084,48.17698311439306,47309.52380952381,27.24780794566249,25.22711,23.206412054337505,29.1575,19.0021,-0.1649614601751068,-0.0058940914177846,Bearish,0.2307692307692308,24.8815,1.0,-1.0,4.776035265744696,-0.1759714285714331,1.0
56,638.0,638.0,2020-01-13,24.889069,25.2409,25.22776666666665,24.928713999999943,22.751028999999928,22.395224000000084,50.97941697038212,47523.809523809534,26.76683822623148,25.102699999999995,23.438561773768512,29.1575,19.0021,-0.1299595866631548,-0.0307071904668586,Bearish,0.5,25.2409,1.0,0.0,2.802433855989058,-0.1158523809523828,1.0
57,639.0,639.0,2020-01-14,25.019985,24.6972,25.08339047619045,25.015153999999956,22.78438799999993,22.418449000000084,46.85175183620776,46333.33333333334,26.19227822674136,24.95986,23.727441773258644,29.1575,19.0021,-0.1444275252317055,-0.053451257419828,Bearish,0.3333333333333333,24.6972,-1.0,0.0,-4.127665134174357,-0.1443761904762013,-1.0
58,640.0,640.0,2020-01-15,25.156704,24.6512,24.945161904761893,25.082427999999958,22.827884999999927,22.441705000000084,46.50864728193248,46857.142857142855,25.79003021952604,24.85619,23.92234978047396,29.1575,19.0021,-0.1577864226830563,-0.0743182904724737,Bearish,0.0,24.6512,0.0,0.0,-0.3431045542752855,-0.1382285714285558,0.0
59,641.0,641.0,2020-01-16,24.485151,24.4208,24.835457142857127,25.146935999999958,22.869354999999928,22.46707250000009,44.74131300717493,46738.09523809524,25.7607746093133,24.81933,23.877885390686693,29.1575,19.0021,-0.184834146638579,-0.0964214617056947,Bearish,0.3333333333333333,24.4208,-1.0,-1.0,-1.767334274757545,-0.1097047619047657,-1.0
60,642.0,642.0,2020-01-17,25.54293,24.4208,24.80035238095236,25.21144399999996,22.91911799999993,22.488088500000085,44.74131300717493,40976.19047619047,25.761083759401263,24.81887,23.87665624059873,29.1575,19.0021,-0.2039190113144044,-0.1179209716274367,Bearish,0.0,24.4208,0.0,1.0,0.0,-0.035104761904769,0.0
61,643.0,643.0,2020-01-20,24.873873,23.702,24.76568571428569,25.240379999999966,22.96611699999993,22.50394400000009,39.33327143426824,35547.619047619046,25.818655806294284,24.796755,23.77485419370571,29.1575,19.0021,-0.2738878481821949,-0.1491143469383883,Bearish,0.0,23.702,-1.0,-1.0,-5.40804157290669,-0.0346666666666664,-1.0
62,644.0,644.0,2020-01-21,24.697723,24.4208,24.77885238095236,25.264709999999948,23.01219399999993,22.52265350000009,46.32077748173669,26928.571428571428,25.819698130337557,24.788464999999995,23.75723186966244,29.1575,19.0021,-0.2682453374867926,-0.1729405450480692,Bearish,0.4,24.4208,1.0,0.0,6.98750604746845,0.0131666666666667,1.0
63,645.0,645.0,2020-01-22,24.590723,23.96,24.749014285714274,25.279823999999948,23.05366299999993,22.54245350000009,42.908793314977984,32119.04761904762,25.84738104980009,24.757135,23.666888950199905,29.1575,19.0021,-0.2975266144349895,-0.1978577589254532,Bearish,0.2,23.96,-1.0,0.0,-3.4119841667587067,-0.0298380952380838,-1.0
64,646.0,646.0,2020-01-23,24.79038,24.2825,24.734533333333324,25.304703999999948,23.09374999999993,22.56012350000009,45.91166458536666,31000.0,25.82132594977329,24.719809999999995,23.61829405022669,29.1575,19.0021,-0.2913506734179378,-0.2165563418239501,Bearish,0.0,24.2825,1.0,0.0,3.002871270388674,-0.0144809523809499,1.0
65,647.0,647.0,2020-01-24,23.869633,24.5129,24.709957142857128,25.343407999999947,23.13383699999993,22.57694400000009,48.015346555321344,33476.190476190466,25.82165404282761,24.724415,23.627175957172376,29.1575,19.0021,-0.2648122504169095,-0.2262075235425421,Bearish,0.2,24.5129,1.0,-1.0,2.1036819699546854,-0.0245761904761963,1.0
66,648.0,648.0,2020-01-27,25.052183,24.8631,24.73101904761904,25.368473999999942,23.17742599999993,22.59599400000009,51.126815407276965,26452.38095238096,25.784675481293554,24.707365,23.63005451870644,29.1575,19.0021,-0.2130660529042281,-0.2235792294148793,Bullish,0.0,24.8631,1.0,1.0,3.111468851955621,0.0210619047619111,1.0
67,649.0,649.0,2020-01-28,24.752314,24.3286,24.68932857142856,25.360179999999943,23.21566999999993,22.617027500000084,46.5474773522888,26714.28571428572,25.74077874116795,24.668199999999995,23.59562125883204,29.1575,19.0021,-0.2127342337372653,-0.2214102302793564,Bullish,-0.4,24.3286,-1.0,-1.0,-4.579338054988163,-0.0416904761904817,-1.0
68,650.0,650.0,2020-01-29,24.585962,24.3286,24.65202857142857,25.350227999999948,23.25667799999993,22.638583500000085,46.5474773522888,24738.09523809524,25.60318549830246,24.605995,23.60880450169753,29.1575,19.0021,-0.2100499397034667,-0.2191381721641785,Bullish,0.2,24.3286,0.0,0.0,0.0,-0.0372999999999876,0.0
69,651.0,651.0,2020-01-30,24.761768,24.3286,24.59278571428571,25.340275999999957,23.29565899999993,22.660183000000085,46.54747735228879,24952.38095238096,25.369781139271907,24.53227,23.694758860728093,29.1575,19.0021,-0.2055531288256631,-0.2164211634964754,Bullish,0.0,24.3286,0.0,0.0,-1.4210854715202004e-14,-0.0592428571428591,0.0
70,652.0,652.0,2020-01-31,25.042984,23.9692,24.505457142857136,25.31262999999995,23.32800499999993,22.67502450000008,43.29108415777173,25738.09523809524,25.24767540398968,24.463615,23.67955459601031,29.1575,19.0021,-0.2283575860715352,-0.2188084480114873,Bearish,0.0,23.9692,-1.0,1.0,-3.2563931945170594,-0.0873285714285749,-1.0
71,653.0,653.0,2020-02-03,24.034544,23.3702,24.411547619047607,25.27779599999995,23.35389999999993,22.68417300000009,38.46159285445353,23857.142857142862,25.23645564353269,24.376529999999995,23.516604356467305,29.1575,19.0021,-0.2914054362092244,-0.2333278456510348,Bearish,0.0,23.3702,-1.0,-1.0,-4.8294913033182,-0.0939095238095291,-1.0
72,654.0,654.0,2020-02-04,24.796825,23.4992,24.334752380952374,25.250149999999948,23.38154599999993,22.69431450000009,40.013633372807305,29071.42857142857,25.21477778582747,24.307414999999995,23.40005221417252,29.1575,19.0021,-0.3271904420298135,-0.2521003649267905,Bearish,0.0,23.4992,0.0,1.0,1.5520405183537775,-0.076795238095233,1.0
73,655.0,655.0,2020-02-05,24.12332300000001,23.4992,24.26892857142856,25.22268799999995,23.413799999999927,22.704456000000075,40.01363337280731,27928.571428571428,25.24753994927135,24.284374999999997,23.32121005072864,29.1575,19.0021,-0.3514984614957477,-0.271979984240582,Bearish,0.0,23.4992,0.0,-1.0,7.105427357601002e-15,-0.0658238095238168,0.0
74,656.0,656.0,2020-02-06,24.100704,23.4992,24.246985714285703,25.190433999999943,23.442090999999948,22.71842700000009,40.013633372807305,27500.0,25.26572327258165,24.243824999999998,23.221926727418328,29.1575,19.0021,-0.3665375256186785,-0.2908914925162013,Bearish,0.0,23.4992,0.0,0.0,-7.105427357601002e-15,-0.0219428571428537,0.0
75,657.0,657.0,2020-02-07,23.861084,23.1306,24.190814285714275,25.150807999999948,23.47056599999994,22.73051150000009,36.7095183245692,26952.38095238096,25.242626017807325,24.15627999999999,23.06993398219265,29.1575,19.0021,-0.4035471909501069,-0.3134226322029824,Bearish,0.4545454545454545,23.1306,-1.0,0.0,-3.3041150482381028,-0.056171428571428,-1.0
76,658.0,658.0,2020-02-10,24.021078,22.9555,24.09909999999999,25.112101999999947,23.497382999999942,22.745202000000084,35.221624130610365,25476.19047619048,25.128753553744613,24.042009999999998,22.955266446255376,29.1575,19.0021,-0.4419126302730234,-0.3391206318169906,Bearish,0.25,22.9555,-1.0,0.0,-1.4878941939588373,-0.0917142857142856,-1.0
77,659.0,659.0,2020-02-11,23.02757,23.0385,23.99422380952381,25.091459999999948,23.529636999999948,22.75965450000008,36.53474890559654,22261.904761904767,25.08559635865491,23.95907499999999,22.832553641345072,29.1575,19.0021,-0.4603138989132205,-0.3633592852362365,Bearish,0.0,23.0385,0.0,-1.0,1.3131247749861714,-0.1048761904761832,1.0
78,660.0,660.0,2020-02-12,23.937325,22.6698,23.897680952380945,25.039851999999943,23.558203999999947,22.77552750000008,33.305024764535645,23642.85714285713,25.07096722645673,23.860004999999997,22.64904277354327,29.1575,19.0021,-0.4988970706522586,-0.3904668423194409,Bearish,0.1428571428571428,22.6698,-1.0,1.0,-3.229724141060892,-0.096542857142861,-1.0
79,661.0,661.0,2020-02-13,23.417555,22.9187,23.815180952380945,24.972949999999948,23.589259999999943,22.78894600000008,37.332545626715095,25071.42857142857,25.03317051715775,23.7849,22.53662948284224,29.1575,19.0021,-0.5035853440016176,-0.4130905426558763,Bearish,0.1666666666666666,22.9187,1.0,-1.0,4.0275208621794505,-0.0825000000000031,1.0
80,662.0,662.0,2020-02-14,23.322422,23.0385,23.74935714285713,24.88558799999995,23.612851999999958,22.80283300000008,39.2345775824871,29333.33333333333,24.96862999484374,23.715785,22.462940005156245,29.1575,19.0021,-0.4919629331613535,-0.4288650207569717,Bearish,0.0,23.0385,0.0,0.0,1.902031955772003,-0.0658238095238132,1.0
81,663.0,663.0,2020-02-17,23.242937,23.0385,23.68353333333332,24.785141999999947,23.628333999999956,22.81780800000008,39.2345775824871,32000.0,24.96982530740001,23.68261,22.395394692599968,29.1575,19.0021,-0.4772506405296788,-0.4385421447115132,Bearish,0.3461538461538461,23.0385,0.0,0.0,0.0,-0.0658238095238097,0.0
82,664.0,664.0,2020-02-18,23.590242,23.0292,23.651495238095222,24.675293999999948,23.651371999999967,22.82855900000009,39.127658527240726,34666.666666666664,24.88344795185866,23.613029999999995,22.342612048141326,29.1575,19.0021,-0.4610270421370046,-0.4430391241966114,Bearish,0.0,23.0292,0.0,1.0,-0.1069190552463723,-0.0320380952380929,0.0
83,665.0,665.0,2020-02-19,22.714338,22.4855,23.55933809523809,24.541853999999947,23.668972999999948,22.832239500000075,33.397561706934844,32357.142857142862,24.88927070841809,23.539304999999995,22.18933929158189,29.1575,19.0021,-0.4864344560215237,-0.4517181905615939,Bearish,0.0,22.4855,-1.0,-1.0,-5.7300968203058815,-0.0921571428571361,-1.0
84,666.0,666.0,2020-02-20,23.667122,23.0385,23.515457142857127,24.431085999999947,23.692011999999966,22.83381150000008,42.60433911152389,28047.61904761905,24.798704569425343,23.477104999999995,22.15550543057465,29.1575,19.0021,-0.4566831768025956,-0.4527111878097943,Bearish,0.3333333333333333,23.0385,1.0,1.0,9.206777404589047,-0.0438809523809631,1.0
85,667.0,667.0,2020-02-21,23.318438,23.0385,23.45621904761904,24.338379999999948,23.71965899999996,22.84051850000008,42.60433911152389,29000.0,24.64788790522183,23.403385,22.15888209477816,29.1575,19.0021,-0.4281694033199308,-0.4478028309118216,Bullish,0.2222222222222222,23.0385,0.0,-1.0,0.0,-0.0592380952380899,0.0
86,668.0,668.0,2020-02-24,23.278366,22.8542,23.37723333333332,24.240881999999957,23.73993299999996,22.845651000000075,40.44343677691742,25714.28571428572,24.371863732360914,23.30294,22.23401626763908,29.1575,19.0021,-0.4156521232030848,-0.4413726893700742,Bullish,0.6,22.8542,-1.0,0.0,-2.160902334606469,-0.0789857142857144,-1.0
87,669.0,669.0,2020-02-25,23.218367,22.5777,23.26840476190475,24.14135599999995,23.755506999999948,22.84731200000008,37.380220581359616,25761.904761904767,24.21875952095189,23.215394999999997,22.212030479048096,29.1575,19.0021,-0.4231653410807325,-0.4377312197122058,Bullish,-0.3333333333333333,22.5777,-1.0,0.0,-3.063216195557807,-0.108828571428571,-1.0
88,670.0,670.0,2020-02-26,23.432852,22.6238,23.1872238095238,24.059339999999956,23.771541999999958,22.84654950000008,38.220386873187664,25523.809523809527,24.02448647428984,23.130154999999995,22.23582352571015,29.1575,19.0021,-0.4205518754170043,-0.4342953508531656,Bullish,0.0,22.6238,0.0,0.0,0.8401662918280479,-0.0811809523809508,0.0
89,671.0,671.0,2020-02-27,22.544863,21.9787,23.0753238095238,23.99575399999995,23.777531999999947,22.83899300000008,31.792241762781227,25738.09523809524,23.862674191413674,23.01266,22.16264580858632,29.1575,19.0021,-0.4651726430546289,-0.4404708092934583,Bearish,0.0,21.9787,-1.0,-1.0,-6.428145110406437,-0.1118999999999985,-1.0
90,672.0,672.0,2020-02-28,23.299133,21.9787,22.963423809523807,23.946727999999947,23.78278499999996,22.83337150000008,31.792241762781227,26595.23809523809,23.75795694875892,22.913135,22.06831305124108,29.1575,19.0021,-0.4948308211974464,-0.4513428116742559,Bearish,0.0,21.9787,0.0,1.0,0.0,-0.111899999999995,0.0
91,673.0,673.0,2020-03-02,22.785091,23.1306,22.923490476190462,23.926453999999943,23.79955699999996,22.83429300000008,49.41185740819088,25857.142857142862,23.72627715211151,22.901155,22.07603284788848,29.1575,19.0021,-0.4205387291874309,-0.4451819951768909,Bullish,0.25,23.1306,1.0,-1.0,17.619615645409656,-0.0399333333333409,1.0
92,674.0,674.0,2020-03-03,22.827526,23.0569,22.90857142857142,23.89585999999995,23.815591999999967,22.83899300000008,48.54774721258946,26261.904761904767,23.661465721461788,22.87904,22.09661427853821,29.1575,19.0021,-0.3634194123227452,-0.4288294786060617,Bullish,0.2666666666666666,23.0569,0.0,0.0,-0.8641101956014197,-0.0149190476190455,-1.0
93,675.0,675.0,2020-03-04,22.946457,22.0682,22.84042857142857,23.845491999999947,23.828097999999965,22.83621500000007,38.756028190137,23428.571428571428,23.611408537915946,22.80749,22.00357146208405,29.1575,19.0021,-0.3933969342968808,-0.4217429697442256,Bullish,0.0,22.0682,-1.0,0.0,-9.791719022452462,-0.068142857142849,-1.0
94,676.0,676.0,2020-03-05,23.099394,22.0778,22.772742857142852,23.786467999999942,23.840699999999966,22.83371550000007,38.88492127517464,25071.42857142857,23.53446648386189,22.73642000000001,21.93837351613811,29.1575,19.0021,-0.4116346289000141,-0.4197213015753832,Bullish,0.0,22.0778,0.0,0.0,0.1288930850376388,-0.0676857142857159,0.0
95,677.0,677.0,2020-03-06,22.224691,22.0778,22.705057142857147,23.739607999999947,23.84998499999997,22.831216000000072,38.88492127517465,25142.85714285713,23.50929486867558,22.68378,21.858265131324423,29.1575,19.0021,-0.4212324280460607,-0.4200235268695187,Bearish,0.4285714285714285,22.0778,0.0,-1.0,7.105427357601002e-15,-0.0676857142857088,0.0
96,678.0,678.0,2020-03-09,23.088806,20.6571,22.58727142857143,23.648667999999947,23.84920999999996,22.82050700000008,28.566315625107784,25071.42857142857,23.766928606384877,22.56886,21.37079139361513,29.1575,19.0021,-0.5372838954334611,-0.4434756005823072,Bearish,0.2,20.6571,-1.0,1.0,-10.318605650066864,-0.1177857142857163,-1.0
97,679.0,679.0,2020-03-10,22.34858,20.6667,22.47828095238095,23.559763999999948,23.853138999999967,22.809846000000075,28.703991721070665,27476.19047619048,23.88506762350125,22.45027,21.015472376498742,29.1575,19.0021,-0.6213187044072548,-0.4790442213472967,Bearish,0.0,20.6667,0.0,-1.0,0.1376760959628811,-0.1089904761904811,0.0
98,680.0,680.0,2020-03-11,22.11137,20.7819,22.37082380952381,23.46394799999994,23.858219999999967,22.799761000000075,30.436607148642462,27023.809523809527,23.959014283875437,22.355875,20.75273571612457,29.1575,19.0021,-0.6708876435815121,-0.5174129057941398,Bearish,0.0,20.7819,0.0,0.0,1.7326154275717975,-0.1074571428571431,1.0
99,681.0,681.0,2020-03-12,21.473356,20.398,22.26264285714285,23.355845999999943,23.850337999999965,22.787756500000075,27.99504156280156,26095.23809523809,24.021436155835428,22.22984000000001,20.43824384416457,29.1575,19.0021,-0.7327027652299307,-0.560470877681298,Bearish,0.0,20.398,-1.0,-1.0,-2.4415655858409053,-0.1081809523809518,-1.0
100,682.0,682.0,2020-03-13,21.66345,19.7068,22.109695238095235,23.24313599999993,23.84282399999997,22.772296000000075,24.226801686024533,24547.61904761905,24.12266620369503,22.063255,20.00384379630497,29.1575,19.0021,-0.8279219885700861,-0.6139610998590557,Bearish,0.1428571428571428,19.7068,-1.0,0.0,-3.768239876777024,-0.1529476190476195,-1.0
101,683.0,683.0,2020-03-16,20.236898,18.3438,21.88613809523809,23.107773999999928,23.822601999999968,22.75181750000008,18.841117410965914,20285.714285714286,24.39706452217688,21.82852,19.25997547782313,29.1575,19.0021,-1.0018182804910616,-0.6915325359854568,Bearish,0.1666666666666666,18.3438,-1.0,-1.0,-5.385684275058619,-0.2235571428571461,-1.0
102,684.0,684.0,2020-03-17,20.47729,17.7582,21.63469523809524,22.96530799999993,23.79652399999997,22.73112950000008,17.083913851879,18428.571428571428,24.62189018875289,21.56497,18.5080498112471,29.1575,18.3438,-1.173359611420704,-0.7878979510725063,Bearish,0.032258064516129,17.7582,-1.0,0.0,-1.7572035590869142,-0.2514428571428482,-1.0
103,685.0,685.0,2020-03-18,19.835297,16.4624,21.321990476190468,22.81535599999993,23.75380199999997,22.70285700000008,13.977457887367434,20000.0,25.00811102583777,21.263815,17.519518974162224,29.1575,17.7582,-1.3977551315345735,-0.9098693871649196,Bearish,0.0,16.4624,-1.0,-1.0,-3.106455964511566,-0.3127047619047722,-1.0
104,686.0,686.0,2020-03-19,19.466187,15.2721,20.978495238095235,22.63459399999993,23.699176999999967,22.66863300000008,11.846515961342195,20809.52380952381,25.34391881583312,20.875495,16.40707118416688,29.1575,16.4624,-1.6525874606091475,-1.0584130018537654,Bearish,0.04,15.2721,-1.0,-1.0,-2.130941926025237,-0.3434952380952332,-1.0
105,687.0,687.0,2020-03-20,17.62586,16.4144,20.6630619047619,22.465251999999925,23.65597499999997,22.64431350000008,23.84557026112568,30857.142857142862,25.295350932423915,20.54429,15.793229067576087,29.1575,15.2721,-1.7422858670281585,-1.195187574888644,Bearish,0.4137931034482759,16.4144,1.0,-1.0,11.999054299783484,-0.3154333333333348,1.0
106,688.0,688.0,2020-03-23,17.482382,16.4144,20.347628571428565,22.288721999999925,23.608717999999968,22.620408500000075,23.84557026112568,32785.71428571428,25.1722425435054,20.2223,15.272357456494603,29.1575,15.2721,-1.7927072866780591,-1.314691517246527,Bearish,0.0,16.4144,0.0,0.0,0.0,-0.3154333333333348,0.0
107,689.0,689.0,2020-03-24,16.281948,16.3184,20.0364,22.121145999999925,23.568149999999967,22.59602350000008,23.533356646812468,35357.142857142855,25.0131226159872,19.909335,14.805547384012804,29.1575,15.2721,-1.8194396549316487,-1.4156411447835515,Bearish,0.0,16.3184,0.0,-1.0,-0.3122136143132117,-0.3112285714285647,0.0
108,690.0,690.0,2020-03-25,16.833088,16.3088,19.737880952380948,21.95429799999993,23.518362999999965,22.56979350000008,23.50022059609186,35833.333333333336,24.76745803565757,19.593585,14.419711964342428,29.1575,15.2721,-1.8204152750171485,-1.4965959708302707,Bearish,0.1818181818181818,16.3088,0.0,1.0,-0.0331360507206071,-0.2985190476190524,-1.0
109,691.0,691.0,2020-03-26,17.120884,17.4798,19.492928571428568,21.81547799999993,23.48120699999997,22.54568650000008,35.441263000491944,36071.42857142857,24.49917836060156,19.368640000000006,14.238101639398446,29.1575,15.2721,-1.7070210710953369,-1.538680990883284,Bearish,0.4347826086956521,17.4798,1.0,1.0,11.941042404400084,-0.2449523809523803,1.0
110,692.0,692.0,2020-03-27,17.115757000000002,18.6509,19.334461904761906,21.700079999999925,23.455761999999968,22.524670000000075,44.73250199311969,38666.66666666666,24.19747059993396,19.20225,14.207029400066038,29.1575,15.2721,-1.5053051441355656,-1.5320058215337402,Bullish,0.0,18.6509,1.0,0.0,9.291238992627749,-0.1584666666666621,1.0
111,693.0,693.0,2020-03-30,17.593882,20.014,19.24090476190476,21.626319999999925,23.433349999999965,22.508672000000075,53.17901692512863,39619.04761904762,23.72621676422004,19.04642,14.366623235779963,29.1575,15.2721,-1.221373803706847,-1.4698794179683614,Bullish,0.0,20.014,1.0,1.0,8.446514932008938,-0.0935571428571435,1.0
112,694.0,694.0,2020-03-31,18.515766,21.2715,19.152376190476183,21.56333399999993,23.414021999999967,22.493432500000075,59.35097345830614,57523.80952380952,23.389082700076127,18.95715,14.525217299923868,29.1575,15.2721,-0.8846882942119052,-1.35284119321707,Bullish,0.0,21.2715,1.0,1.0,6.171956533177514,-0.0885285714285792,1.0
113,695.0,695.0,2020-04-01,18.926483,21.3195,19.069642857142853,21.510523999999933,23.395173999999965,22.47506950000007,59.57005380579321,71476.19047619047,23.257552597824954,18.919715000000004,14.581877402175056,29.1575,15.2721,-0.6069923731635996,-1.203671429206376,Bullish,0.0,21.3195,0.0,1.0,0.2190803474870648,-0.08273333333333,0.0
114,696.0,696.0,2020-04-02,20.937159,21.0987,19.023476190476188,21.44684799999993,23.375775999999966,22.45311400000007,58.02094964900852,70214.28571428571,23.08527582149173,18.87076,14.65624417850826,29.1575,15.2721,-0.4001207270640563,-1.042961288777912,Bullish,0.1578947368421052,21.0987,-1.0,1.0,-1.5491041567846864,-0.0461666666666644,-1.0
115,697.0,697.0,2020-04-03,21.300358,21.1179,18.977766666666664,21.378947999999934,23.361177999999967,22.43180750000008,58.12292982560415,69142.85714285714,22.910042339880928,18.822765,14.735487660119071,29.1575,15.2721,-0.2319503977602686,-0.8807591105743834,Bullish,0.0,21.1179,0.0,1.0,0.1019801765956316,-0.0457095238095242,0.0
116,698.0,698.0,2020-04-06,21.375364,20.1868,18.887719047619047,21.28542199999993,23.32694799999997,22.40156050000008,51.579037230865744,71857.14285714286,22.849285252933512,18.79925,14.749214747066492,29.1575,15.2721,-0.1718254913511998,-0.7389723867297466,Bullish,0.2307692307692308,20.1868,-1.0,0.0,-6.543892594738409,-0.0900476190476169,-1.0
117,699.0,699.0,2020-04-07,21.268454,19.678,18.84109523809523,21.19240999999993,23.27629499999997,22.373147000000067,48.37397892029442,89428.57142857142,22.731017919357928,18.749815,14.768612080642068,29.1575,15.2721,-0.1633489921264193,-0.6238477078090812,Bullish,0.0,19.678,-1.0,0.0,-3.2050583105713244,-0.0466238095238153,-1.0
118,700.0,700.0,2020-04-08,21.378029,19.3997,18.7807619047619,21.093831999999924,23.222029999999968,22.339748000000068,46.66588025562299,87880.95238095237,22.565221460243748,18.680705,14.796188539756251,29.1575,15.2721,-0.1770469030799191,-0.5344875468632487,Bullish,0.3333333333333333,19.3997,-1.0,0.0,-1.7080986646714322,-0.0603333333333324,-1.0
119,701.0,701.0,2020-04-09,20.007275,20.2732,18.75653809523809,21.01272399999993,23.176499999999965,22.314402500000067,52.35275102394991,89595.23809523809,22.54831321864573,18.674465,14.800616781354265,29.1575,15.2721,-0.1160803443901556,-0.4508061063686301,Bullish,0.0,20.2732,1.0,-1.0,5.686870768326919,-0.0242238095238107,1.0
120,702.0,702.0,2020-04-10,20.676434,20.158,18.74510952380952,20.936499999999928,23.124564999999965,22.290785000000067,51.57174513522597,90833.33333333331,22.59980558767137,18.697025,14.794244412328634,29.1575,15.2721,-0.0761814127170907,-0.3758811676383222,Bullish,0.0,20.158,0.0,1.0,-0.7810058887239322,-0.0114285714285706,0.0
121,703.0,703.0,2020-04-13,20.663555,19.1693,18.71951428571428,20.852481999999927,23.065138999999967,22.262224000000053,45.32252736708251,90785.71428571428,22.64272530572734,18.7383,14.833874694272664,29.1575,15.2721,-0.1229240569878591,-0.3252897455082296,Bullish,0.1666666666666666,19.1693,-1.0,0.0,-6.249217768143467,-0.0255952380952386,-1.0
122,704.0,704.0,2020-04-14,20.308037,18.7277,18.73779523809523,20.757051999999927,23.003600999999968,22.233758500000068,42.826357245296,97833.33333333331,22.665310926803432,18.786775,14.908239073196572,29.1575,15.2721,-0.1933722933027013,-0.298906255067124,Bullish,0.1176470588235294,18.7277,-1.0,-1.0,-2.496170121786505,0.0182809523809517,-1.0
123,705.0,705.0,2020-04-15,19.819479,18.7181,18.783504761904755,20.661429999999925,22.942058999999965,22.205245000000065,42.77120814519998,138500.0,22.62951422674386,18.89956,15.16960577325614,29.1575,15.2721,-0.2471289195516206,-0.2885507879640233,Bullish,0.15,18.7181,0.0,-1.0,-0.055149100096024,0.0457095238095242,0.0
124,706.0,706.0,2020-04-16,20.121092,18.7181,18.890919047619047,20.56580799999993,22.878120999999968,22.181339500000067,42.77120814519998,134119.04761904766,22.413820758238355,19.07186,15.72989924176164,29.1575,15.2721,-0.2864296504355153,-0.2881265604583217,Bullish,0.0425531914893617,18.7181,0.0,1.0,0.0,0.1074142857142916,0.0
125,707.0,707.0,2020-04-17,18.856539,19.4381,19.089299999999994,20.491957999999933,22.821382999999965,22.164167000000067,48.53573539137746,137095.2380952381,22.33619159306384,19.22304500000001,16.109898406936164,29.1575,15.2721,-0.2565207683595254,-0.2818054020385625,Bullish,0.1666666666666666,19.4381,1.0,-1.0,5.76452724617748,0.1983809523809476,1.0
126,708.0,708.0,2020-04-20,19.624453,19.678,19.24470952380952,20.42640799999993,22.76925499999997,22.147687000000065,50.33095412210823,128309.52380952385,22.22327810551368,19.386225,16.549171894486314,29.1575,15.2721,-0.2110272480052941,-0.2676497712319088,Bullish,0.0344827586206896,19.678,1.0,1.0,1.795218730730774,0.1554095238095243,1.0
127,709.0,709.0,2020-04-21,19.906006,19.2845,19.381380952380944,20.35132799999993,22.721393999999968,22.127627000000054,47.40964525251239,126142.85714285714,22.000427885234817,19.53453,17.068632114765173,29.1575,15.2721,-0.2043696209698673,-0.2549937411795005,Bullish,0.037037037037037,19.2845,-1.0,1.0,-2.9213088695958405,0.1366714285714252,-1.0
128,710.0,710.0,2020-04-22,19.67326,19.1885,19.51805238095237,20.281701999999925,22.660776999999968,22.110681000000067,46.69753465857057,123357.14285714286,21.66361101911487,19.678515,17.693418980885124,29.1575,15.2721,-0.2044826525407472,-0.2448915234517498,Bullish,0.0,19.1885,0.0,0.0,-0.7121105939418229,0.1366714285714252,0.0
129,711.0,711.0,2020-04-23,19.633347,19.1981,19.65563809523809,20.20728999999993,22.590119999999967,22.093783000000062,46.783616348220576,123595.23809523803,21.493698874526405,19.76443,18.03516112547359,29.1575,15.2721,-0.2014751114348456,-0.236208241048369,Bullish,0.5357142857142857,19.1981,0.0,0.0,0.0860816896500082,0.1375857142857164,0.0
130,712.0,712.0,2020-04-24,20.080044,19.8028,19.76625714285713,20.142575999999927,22.514081999999966,22.080139000000067,52.03791724188589,123523.80952380953,21.474116626849337,19.822025,18.169933373150656,29.1575,15.2721,-0.1485845865064625,-0.2186835101399877,Bullish,0.0,19.8028,1.0,1.0,5.254300893665317,0.1106190476190427,1.0
131,713.0,713.0,2020-04-27,19.256672,19.5628,19.809680952380944,20.07306199999993,22.42910199999997,22.064143000000065,49.93077504175511,120857.14285714286,21.45277669750472,19.799464999999994,18.146153302495275,29.1575,15.2721,-0.1245981685539554,-0.1998664418227812,Bullish,0.0,19.5628,-1.0,-1.0,-2.107142200130781,0.0434238095238157,-1.0
132,714.0,714.0,2020-04-28,20.15881700000001,19.0061,19.761685714285704,19.992599999999925,22.333946999999966,22.04536350000005,45.34418232973725,120690.47619047615,21.22717760662018,19.686194999999994,18.145212393379808,29.1575,15.2721,-0.1487945856161907,-0.1896520705814632,Bullish,0.0,19.0061,-1.0,1.0,-4.586592712017861,-0.0479952380952397,-1.0
133,715.0,715.0,2020-04-29,20.083899,18.6317,19.635980952380947,19.91552399999993,22.228688999999967,22.027937500000053,42.51559597060452,103047.61904761904,20.962917894812392,19.551804999999995,18.1406921051876,29.1575,15.2721,-0.1959228943046476,-0.1909062353261,Bearish,0.0,18.6317,-1.0,0.0,-2.8285863591327285,-0.1257047619047568,-1.0
134,716.0,716.0,2020-04-30,19.876284,19.2461,19.53724761904761,19.83967599999993,22.135380999999967,22.013583500000067,48.22354670337016,90214.28571428572,20.68270784202172,19.459174999999995,18.23564215797827,29.1575,15.2721,-0.1816020775300266,-0.1890454037668853,Bullish,0.0,19.2461,1.0,0.0,5.707950732765632,-0.0987333333333388,1.0
135,717.0,717.0,2020-05-01,19.555904,19.2461,19.449028571428567,19.76382799999993,22.051103999999967,21.999229500000062,48.22354670337016,102547.61904761904,20.325169664896947,19.365585,18.406000335103048,29.1575,15.2721,-0.1683125250424453,-0.1848988280219973,Bullish,0.0,19.2461,0.0,-1.0,0.0,-0.0882190476190416,0.0
136,718.0,718.0,2020-05-04,19.89287,19.0061,19.348466666666656,19.686865999999927,21.963873999999965,21.987131000000065,46.14763428725328,115571.42857142857,20.199762898477037,19.306549999999994,18.41333710152296,29.1575,15.2721,-0.1751276901870184,-0.1829446004550016,Bullish,0.0,19.0061,-1.0,1.0,-2.0759124161168714,-0.1005619047619106,-1.0
137,719.0,719.0,2020-05-05,18.91047,18.9101,19.28767142857141,19.613513999999928,21.877434999999966,21.975244000000053,45.30746972028694,114023.80952380953,20.16021557972831,19.268155,18.376094420271684,29.1575,15.2721,-0.1861295695431728,-0.1835815942726358,Bearish,0.0,18.9101,0.0,-1.0,-0.8401645669663438,-0.0607952380952419,0.0
138,720.0,720.0,2020-05-06,19.711266,19.0637,19.25841904761904,19.542311999999924,21.800825999999965,21.964125000000053,46.9710085886684,98690.47619047615,20.14552649915737,19.251355,18.35718350084262,29.1575,15.2721,-0.1803751494428027,-0.1829403053066692,Bullish,0.3157894736842105,19.0637,1.0,1.0,1.6635388683814585,-0.029252380952375,1.0
139,721.0,721.0,2020-05-07,19.820995,19.4477,19.26070476190475,19.49169199999993,21.743722999999967,21.954926000000054,50.98484791050601,103285.71428571428,19.979238630196186,19.21008,18.440921369803807,29.1575,15.2721,-0.1431786647551298,-0.1749879771963613,Bullish,1.0,19.4477,1.0,0.0,4.013839321837615,0.002285714285712,1.0
140,722.0,722.0,2020-05-08,19.693653,19.3613,19.217280952380943,19.43934399999993,21.693035999999967,21.94529500000005,50.0665959128476,104238.09523809524,19.81065168477596,19.170244999999998,18.529838315224037,29.1575,15.2721,-0.1192967617690001,-0.1638497341108891,Bullish,-0.1111111111111111,19.3613,0.0,0.0,-0.9182519976584088,-0.043423809523805,0.0
141,723.0,723.0,2020-05-11,19.55874,19.3613,19.179342857142853,19.363957999999933,21.645205999999977,21.93110200000005,50.0665959128476,103380.95238095238,19.825640870152515,19.179845,18.53404912984747,29.1575,15.2721,-0.0992263618594258,-0.1509250596605964,Bullish,0.0,19.3613,0.0,0.0,0.0,-0.0379380952380934,0.0
142,724.0,724.0,2020-05-12,19.960415,19.1981,19.18071428571428,19.28678199999993,21.591320999999976,21.916093000000053,48.16622176703992,102952.38095238096,19.814936069545947,19.203364999999994,18.59179393045404,29.1575,15.2721,-0.095389708233867,-0.1398179893752505,Bullish,0.5,19.1981,-1.0,1.0,-1.9003741458076815,0.0013714285714279,-1.0
143,725.0,725.0,2020-05-13,19.146128,19.2077,19.203571428571426,19.22957199999993,21.537531999999967,21.90113200000005,48.29055770212874,103357.14285714288,19.797519842261497,19.227844999999995,18.658170157738493,29.1575,15.2721,-0.0905309088607495,-0.1299605732723503,Bullish,0.0,19.2077,0.0,-1.0,0.1243359350888226,0.0228571428571449,0.0
144,726.0,726.0,2020-05-14,19.974283,19.3325,19.232828571428566,19.17466599999993,21.480566999999965,21.890619500000053,49.97066330146621,61809.52380952381,19.77911960146485,19.258564999999997,18.73801039853513,29.1575,15.2721,-0.0757369103905212,-0.1191158406959845,Bullish,0.1304347826086956,19.3325,0.0,1.0,1.680105599337466,0.0292571428571406,1.0
145,727.0,727.0,2020-05-15,20.022146,19.2077,19.256142857142848,19.11726399999993,21.428435999999973,21.880543000000053,48.28127253217446,64642.857142857145,19.76135729608701,19.247045,18.73273270391298,29.1575,15.2721,-0.0732386277099657,-0.1099403980987807,Bullish,0.2083333333333333,19.2077,0.0,0.0,-1.689390769291748,0.0233142857142816,-1.0
146,728.0,728.0,2020-05-18,19.839718,19.2077,19.24517142857141,19.08827599999993,21.368471999999976,21.87046650000005,48.28127253217446,61071.42857142857,19.69836731993868,19.22352999999999,18.7486926800613,29.1575,15.2721,-0.0704466554934626,-0.1020416495777171,Bullish,0.3103448275862069,19.2077,0.0,0.0,0.0,-0.0109714285714339,0.0
147,729.0,729.0,2020-05-19,19.592018,18.9581,19.210890476190464,19.054103999999928,21.306933999999973,21.85914200000005,44.77047288010071,58547.61904761905,19.69480846144793,19.20721,18.71961153855205,29.1575,15.2721,-0.087367513095991,-0.0991068222813719,Bullish,0.0,18.9581,-1.0,0.0,-3.510799652073757,-0.0342809523809499,-1.0
148,730.0,730.0,2020-05-20,19.912733,19.4381,19.21820476190475,19.02722799999993,21.24558799999997,21.850217500000053,51.9991323435202,58452.38095238096,19.71740606725732,19.21969,18.721973932742667,29.1575,15.2721,-0.0613383557977336,-0.0915531289846442,Bullish,0.3095238095238095,19.4381,1.0,1.0,7.228659463419497,0.0073142857142869,1.0
149,731.0,731.0,2020-05-21,19.063427,19.1981,19.2186619047619,19.003229999999927,21.17953799999997,21.840093000000053,48.575711434649584,59142.857142857145,19.71740606725732,19.21969,18.721973932742667,29.1575,15.2721,-0.0593914279338818,-0.0851207887744917,Bullish,0.2727272727272727,19.1981,-1.0,-1.0,-3.423420908870618,0.0004571428571473,-1.0
150,732.0,732.0,2020-05-22,19.90086,19.1981,19.2186619047619,18.993055999999925,21.118095999999973,21.833562500000053,48.57571143464959,58833.33333333334,19.60916255759912,19.189454999999995,18.76974744240087,29.1575,15.2721,-0.0571892317108222,-0.0795344773617578,Bullish,1.0,19.1981,0.0,1.0,7.105427357601002e-15,0.0,0.0
151,733.0,733.0,2020-05-25,19.950886,19.1981,19.18986666666666,19.010141999999927,21.058957999999976,21.82703200000005,48.575711434649584,58904.76190476192,19.55457626042261,19.17122,18.787863739577396,29.1575,15.2721,-0.054812135163285,-0.0745900089220633,Bullish,0.0,19.1981,0.0,0.0,-7.105427357601002e-15,-0.0287952380952383,0.0
152,734.0,734.0,2020-05-26,19.758999,19.1981,19.1725,19.03893999999993,21.002123999999977,21.81538700000004,48.575711434649584,58928.57142857143,19.55669892519462,19.18082,18.80494107480537,29.1575,15.2721,-0.0523250978663476,-0.0701370267109201,Bullish,0.0,19.1981,0.0,0.0,0.0,-0.0173666666666605,0.0
153,735.0,735.0,2020-05-27,19.597437,19.1981,19.18164285714285,19.09365399999993,20.954504999999976,21.80374200000004,48.575711434649584,57333.33333333334,19.48812036060889,19.20914,18.93015963939111,29.1575,15.2721,-0.0497802669600133,-0.0660656747607388,Bullish,0.0,19.1981,0.0,0.0,0.0,0.0091428571428515,0.0
154,736.0,736.0,2020-05-28,19.930763,18.5261,19.17661428571428,19.158733999999924,20.896663999999976,21.78684750000004,38.338516857293946,57476.19047619048,19.58018000000694,19.17314,18.76609999999305,29.1575,15.2721,-0.1008259946891243,-0.0730177387464159,Bearish,0.2272727272727273,18.5261,-1.0,1.0,-10.237194577355638,-0.0050285714285713,-1.0
155,737.0,737.0,2020-05-29,18.907602,18.5837,19.145071428571427,19.20211999999993,20.833685999999982,21.77295950000004,39.51516385289025,57261.90476190476,19.61930811210556,19.14002,18.660731887894432,29.1575,15.2721,-0.1350752002354163,-0.0854292310442159,Bearish,0.0,18.5837,0.0,-1.0,1.1766469955963004,-0.0315428571428526,1.0
156,738.0,738.0,2020-06-01,19.533978,19.1981,19.142785714285708,19.25779399999992,20.773257999999984,21.762143500000047,50.38983847990336,43619.04761904762,19.625473126926504,19.149619999999995,18.67376687307349,29.1575,15.2721,-0.1113573390510538,-0.0906148526455835,Bearish,0.0952380952380952,19.1981,1.0,1.0,10.874674627013109,-0.0022857142857191,1.0
157,739.0,739.0,2020-06-02,19.678905,18.9101,19.13821428571428,19.309627999999925,20.715386999999986,21.74988750000005,46.19698788751067,30571.42857142857,19.625473126926504,19.149619999999995,18.67376687307349,29.1575,15.2721,-0.1144802986467681,-0.0953879418458204,Bearish,0.1176470588235294,18.9101,-1.0,0.0,-4.192850592392681,-0.0045714285714275,-1.0
158,740.0,740.0,2020-06-03,19.466877,18.9101,19.13821428571428,19.361653999999927,20.65797599999998,21.74293050000005,46.19698788751067,29357.142857142862,19.62794183703904,19.14194,18.655938162960958,29.1575,15.2721,-0.1156224430747876,-0.0994348420916139,Bearish,0.0,18.9101,0.0,0.0,0.0,0.0,0.0
159,741.0,741.0,2020-06-04,19.2213,19.486,19.158323809523804,19.40177799999993,20.60862799999998,21.738991500000047,54.89995518736996,27190.47619047619,19.634936192783663,19.143854999999995,18.652773807216327,29.1575,15.2721,-0.0692589101557175,-0.0933996557044346,Bullish,0.2222222222222222,19.486,1.0,0.0,8.702967299859282,0.0201095238095234,1.0
160,742.0,742.0,2020-06-05,19.739283,18.8621,19.130438095238084,19.40600199999993,20.553040999999983,21.73607950000005,46.18417038069372,22690.47619047619,19.61396008855477,19.118894999999995,18.62382991144522,29.1575,15.2721,-0.0819147301176315,-0.091102670587074,Bullish,0.1851851851851852,18.8621,-1.0,1.0,-8.715784806676233,-0.0278857142857198,-1.0
161,743.0,743.0,2020-06-08,18.941147,18.7085,19.09935238095237,19.379891999999927,20.50310599999998,21.734611500000053,44.31872441252698,19976.19047619048,19.59885692928373,19.086255,18.57365307071626,29.1575,15.2721,-0.1031497488328909,-0.0935120862362374,Bearish,0.3333333333333333,18.7085,0.0,-1.0,-1.865445968166739,-0.0310857142857123,-1.0
162,744.0,744.0,2020-06-09,19.653755,19.1981,19.091580952380948,19.338423999999925,20.45087899999998,21.731536500000047,51.09892868255025,21190.47619047619,19.59885692928373,19.086255,18.57365307071626,29.1575,15.2721,-0.0795549657883469,-0.0907206621466593,Bullish,0.0,19.1981,1.0,1.0,6.780204270023269,-0.0077714285714236,1.0
163,745.0,745.0,2020-06-10,19.769573,19.2941,19.09615238095237,19.29791599999993,20.40421999999998,21.728941500000047,52.32478830328743,31619.04761904762,19.60862540247585,19.090575,18.57252459752414,29.1575,15.2721,-0.0525042957017305,-0.0830773888576735,Bullish,-0.05,19.2941,0.0,0.0,1.2258596207371752,0.004571428571424,1.0
164,746.0,746.0,2020-06-11,19.689255,19.0829,19.09020952380952,19.257599999999925,20.352223999999985,21.722987000000053,49.39132660942983,24142.85714285713,19.5841181792175,19.078095,18.572071820782487,29.1575,15.2721,-0.0475602744577798,-0.0759739659776948,Bullish,0.25,19.0829,-1.0,0.0,-2.933461693857602,-0.0059428571428519,-1.0
165,747.0,747.0,2020-06-12,19.42496,19.0829,19.078323809523805,19.216899999999924,20.29792399999998,21.715880500000047,49.39132660942983,24404.761904761905,19.57439737025864,19.071855,18.569312629741365,29.1575,15.2721,-0.0431447561104363,-0.0694081240042431,Bullish,0.0,19.0829,0.0,0.0,0.0,-0.0118857142857145,0.0
166,748.0,748.0,2020-06-15,19.79634,19.8796,19.110319047619047,19.210755999999925,20.248088999999982,21.71275750000005,59.35925431302439,21666.666666666668,19.71768685123128,19.10545,18.49321314876872,29.1575,15.2721,0.0243607896729294,-0.0506543412688086,Bullish,0.0,19.8796,1.0,1.0,9.967927703594562,0.0319952380952415,1.0
167,749.0,749.0,2020-06-16,19.158747,19.8796,19.14231428571428,19.214787999999928,20.203598999999983,21.70963450000005,59.35925431302439,23119.04761904762,19.845687502232163,19.151525,18.45736249776784,29.1575,15.2721,0.0769721342077858,-0.0251290461734897,Bullish,0.0,19.8796,0.0,-1.0,0.0,0.0319952380952344,0.0
168,750.0,750.0,2020-06-17,20.220901,19.918,19.18802380952381,19.225153999999925,20.15949299999998,21.708085500000053,59.801834465811474,24571.42857142857,19.93751099627563,19.17552,18.41352900372437,29.1575,15.2721,0.1203779211315847,0.0039723472875251,Bullish,0.0,19.918,0.0,1.0,0.4425801527870874,0.0457095238095277,0.0
169,751.0,751.0,2020-06-18,20.366066,19.1981,19.176595238095235,19.203651999999927,20.10818799999998,21.70192350000004,49.023325906069495,28452.38095238096,19.93751099627563,19.17552,18.41352900372437,29.1575,15.2721,0.0955855556601257,0.0222949889620452,Bullish,0.0,19.1981,-1.0,0.0,-10.77850855974198,-0.0114285714285742,-1.0
170,752.0,752.0,2020-06-19,20.1386,20.4747,19.237385714285708,19.20998599999993,20.07324299999998,21.700624000000047,62.07658487832693,241952.3809523809,20.18898412217864,19.239349999999995,18.289715877821347,29.1575,15.2721,0.1769090806535977,0.0532178073003557,Bullish,0.1666666666666666,20.4747,1.0,0.0,13.05325897225744,0.0607904761904727,1.0
171,753.0,753.0,2020-06-22,20.230606,19.966,19.27395238095237,19.225919999999928,20.039200999999977,21.696550500000047,55.93063788071628,243714.2857142857,20.278330825357173,19.277745,18.27715917464282,29.1575,15.2721,0.1980279782336254,0.0821798414870097,Bullish,0.0,19.966,-1.0,0.0,-6.14594699761065,0.0365666666666619,-1.0
172,754.0,754.0,2020-06-23,20.638613,21.0699,19.36308571428571,19.272763999999928,20.014907999999977,21.698227000000053,64.21121533762225,243595.23809523808,20.63910110031424,19.371334999999995,18.103568899685744,29.1575,15.2721,0.3003777928250031,0.1258194317546084,Bullish,0.1333333333333333,21.0699,1.0,1.0,8.280577456905966,0.0891333333333399,1.0
173,755.0,755.0,2020-06-24,20.015585,21.4347,19.469590476190472,19.327095999999926,19.994262999999982,21.704031500000053,66.45442022024129,245285.7142857143,21.033229528045727,19.483165,17.93310047195427,29.1575,15.2721,0.4062441399512977,0.1819043733939462,Bullish,0.0,21.4347,1.0,-1.0,2.24320488261904,0.1065047619047625,1.0
174,756.0,756.0,2020-06-25,21.359444,21.3675,19.57289523809523,19.38008399999992,19.972945999999983,21.70751850000005,65.63825488760118,248595.23809523808,21.31310747655317,19.625235,17.937362523446826,29.1575,15.2721,0.4791976126006574,0.2413630212352885,Bullish,0.25,21.3675,0.0,1.0,-0.8161653326401108,0.1033047619047593,0.0
175,757.0,757.0,2020-06-26,21.594494,20.8107,19.68168571428571,19.40753599999992,19.94974699999998,21.710156500000053,59.15544032903836,248523.80952380956,21.42875066242952,19.736585,18.04441933757047,29.1575,15.2721,0.486476856270663,0.2903857882423634,Bullish,0.0,20.8107,-1.0,0.0,-6.482814558562815,0.1087904761904781,-1.0
176,758.0,758.0,2020-06-29,21.348099,21.7322,19.83161428571428,19.448619999999927,19.937513999999982,21.717448500000053,65.26912570482595,248071.4285714285,21.74417027997689,19.86329,17.982409720023092,29.1575,15.2721,0.5601460431201453,0.3443378392179197,Bullish,0.0769230769230769,21.7322,1.0,0.0,6.11368537578759,0.1499285714285712,1.0
177,759.0,759.0,2020-06-30,21.627733,21.7418,19.95274285714285,19.497765999999928,19.924546999999976,21.72709200000005,65.32735163814985,250452.3809523809,22.00026245799059,20.004874999999995,18.0094875420094,29.1575,15.2721,0.6122464482800538,0.3979195610303466,Bullish,0.125,21.7418,0.0,1.0,0.0582259333238965,0.1211285714285708,0.0
178,760.0,760.0,2020-07-01,22.129223,21.5978,20.080728571428565,19.545951999999925,19.91382699999998,21.736015500000047,63.60482190964882,250523.80952380956,22.183057775125,20.13926,18.095462224875,29.1575,15.2721,0.6346015070431719,0.4452559502329117,Bullish,0.0,21.5978,0.0,1.0,-1.72252972850103,0.1279857142857139,-1.0
179,761.0,761.0,2020-07-02,21.29053900000001,20.8779,20.17443333333333,19.579547999999924,19.89341899999998,21.74133950000005,55.69794129293349,250476.1904761905,22.253727507983363,20.208855,18.16398249201663,29.1575,15.2721,0.5874563079881412,0.4736960217839575,Bullish,0.032258064516129,20.8779,-1.0,-1.0,-7.906880616715327,0.0937047619047639,-1.0
180,762.0,762.0,2020-07-03,22.129604,20.7819,20.23614285714285,19.599129999999928,19.870852999999983,21.741852500000046,54.72103438263117,250880.9523809524,22.266368275902128,20.304845,18.343321724097866,29.1575,15.2721,0.536166407782769,0.4861900989837198,Bullish,0.0,20.7819,0.0,1.0,-0.9769069103023256,0.0617095238095188,0.0
181,763.0,763.0,2020-07-06,21.805273,21.1179,20.343561904761906,19.63023199999992,19.851646999999986,21.739990500000047,57.528802708632,250023.80952380956,22.27249384708152,20.425315,18.57813615291848,29.1575,15.2721,0.5166752733451396,0.4922871338560038,Bullish,0.0909090909090909,21.1179,1.0,-1.0,2.807768326000833,0.1074190476190573,1.0
182,764.0,764.0,2020-07-07,21.763802,20.6475,20.43589523809523,19.663059999999927,19.827829999999977,21.739601000000047,52.61014095578057,250119.0476190477,22.258388303730207,20.497785,18.737181696269783,29.1575,15.2721,0.4579916178929189,0.4854280306633868,Bearish,0.5,20.6475,-1.0,0.0,-4.918661752851428,0.0923333333333253,-1.0
183,765.0,765.0,2020-07-08,21.305017000000007,20.8299,20.5136,19.70702399999992,19.81127399999998,21.74012350000004,54.24377223343875,248190.4761904761,22.250410831907764,20.574575,18.898739168092217,29.1575,15.2721,0.4213455446139101,0.4726115334534914,Bearish,0.6666666666666666,20.8299,1.0,-1.0,1.633631277658175,0.0777047619047692,1.0
184,766.0,766.0,2020-07-09,21.55322,22.385,20.66078571428571,19.769801999999927,19.80473899999998,21.748375500000048,65.24428676237578,238119.0476190477,22.44552171786413,20.73968,19.033838282135864,29.1575,15.2721,0.5118861362658116,0.4804664540159554,Bullish,0.2142857142857142,22.385,1.0,0.0,11.000514528937032,0.1471857142857082,1.0
185,767.0,767.0,2020-07-10,20.981262,22.0778,20.8034,19.826435999999926,19.79513199999998,21.757395500000047,62.069680497119606,241023.80952380956,22.510946119044014,20.889425,19.267903880955966,29.1575,15.2721,0.5524830540983174,0.4948697740324278,Bullish,0.0434782608695652,22.0778,-1.0,-1.0,-3.1746062652561733,0.1426142857142913,-1.0
186,768.0,768.0,2020-07-13,22.333927,21.8378,20.93458571428571,19.883069999999925,19.78496799999998,21.76245050000005,59.62862912210446,241214.2857142857,22.5894957251164,20.987335,19.38517427488361,29.1575,15.2721,0.5588483537779361,0.5076654899815295,Bullish,0.3333333333333333,21.8378,-1.0,1.0,-2.4410513750151424,0.13118571428571,-1.0
187,769.0,769.0,2020-07-14,22.218918,21.6074,21.0168619047619,19.937015999999925,19.77526499999998,21.765386000000053,57.298929987949045,241261.9047619048,22.612733387080908,21.073725,19.534716612919084,29.1575,15.2721,0.5390872825436972,0.5139498484939631,Bullish,0.25,21.6074,-1.0,0.0,-2.329699134155419,0.0822761904761897,-1.0
188,770.0,770.0,2020-07-15,22.141794,21.2043,21.07994285714285,19.979827999999927,19.761069999999982,21.766306000000046,53.37014381031689,239928.57142857145,22.583125135763964,21.13804,19.69295486423603,29.1575,15.2721,0.4853053916046974,0.5082209571161099,Bearish,0.1111111111111111,21.2043,-1.0,0.0,-3.928786177632155,0.0630809523809503,-1.0
189,771.0,771.0,2020-07-16,22.070555,21.1755,21.139823809523804,20.01438399999992,19.753037999999982,21.76528500000005,53.09005906056893,239023.80952380956,22.37567123555621,21.23691,20.098148764443785,29.1575,15.2721,0.4353406007937437,0.4936448858516367,Bearish,0.4285714285714285,21.1755,0.0,0.0,-0.2800847497479566,0.0598809523809542,0.0
190,772.0,772.0,2020-07-17,22.272755,21.2331,21.236728571428564,20.05181999999992,19.745581999999985,21.764183500000048,53.61437036894064,235452.3809523809,22.358728303534747,21.27483,20.190931696465253,29.1575,15.2721,0.3958281225140077,0.4740815331841109,Bearish,0.3333333333333333,21.2331,0.0,0.0,0.5243113083717077,0.09690476190476,0.0
191,773.0,773.0,2020-07-20,21.154634,21.5114,21.286095238095232,20.09482199999992,19.729389999999984,21.764473500000047,56.16374239050656,23166.66666666667,22.25738382290064,21.3521,20.44681617709936,29.1575,15.2721,0.3825607606422601,0.4557773786757408,Bearish,0.0,21.5114,1.0,-1.0,2.5493720215659224,0.0493666666666676,1.0
192,774.0,774.0,2020-07-21,22.066109,22.5865,21.410880952380943,20.162589999999927,19.724685999999984,21.770139000000047,64.32159002635603,38619.04761904762,22.469735811274703,21.42793,20.386124188725287,29.1575,15.2721,0.453569400080152,0.4553357829566229,Bearish,0.4,22.5865,1.0,1.0,8.157847635849471,0.1247857142857142,1.0
193,775.0,775.0,2020-07-22,22.198757,22.5385,21.480814285714285,20.229205999999927,19.729388999999983,21.77874350000004,63.75115363177609,40761.90476190476,22.631962714389697,21.48311999999999,20.33427728561029,29.1575,15.2721,0.5002050076160494,0.4643096278885082,Bullish,0.2,22.5385,0.0,0.0,-0.5704363945799429,0.0699333333333385,0.0
194,776.0,776.0,2020-07-23,22.102936,22.3658,21.52515238095237,20.289871999999924,19.732268999999985,21.78648450000004,61.63327304323946,40023.809523809534,22.742590601494413,21.53303499999999,20.323479398505565,29.1575,15.2721,0.517265896624334,0.4749008816356734,Bullish,0.0,22.3658,-1.0,0.0,-2.1178805885366287,0.0443380952380891,-1.0
195,777.0,777.0,2020-07-24,22.464222,22.0778,21.55897619047618,20.347273999999928,19.732268999999985,21.79112700000004,58.16314019692362,36928.57142857143,22.780437946498104,21.59638999999999,20.41234205350188,29.1575,15.2721,0.5017635629798356,0.4802734179045058,Bullish,0.25,22.0778,-1.0,1.0,-3.470132846315842,0.0338238095238061,-1.0
196,778.0,778.0,2020-07-27,22.86091,22.6249,21.64536666666666,20.415617999999927,19.751946999999983,21.80057850000004,62.48432236528475,36833.333333333336,22.90667823035417,21.641025,20.37537176964583,29.1575,15.2721,0.5275430615434935,0.4897273466323034,Bullish,0.0,22.6249,1.0,1.0,4.321182168361126,0.0863904761904805,1.0
197,779.0,779.0,2020-07-28,22.175219,22.7977,21.69610476190476,20.49240999999992,19.773256999999987,21.81319800000004,63.75759728334764,36785.71428571428,23.05627262024264,21.693819999999995,20.33136737975736,29.1575,15.2721,0.5555134030216458,0.5028845579101718,Bullish,0.15,22.7977,1.0,-1.0,1.2732749180628955,0.0507380952380991,0.0
198,780.0,780.0,2020-07-29,23.27504200000001,23.0761,21.75964285714285,20.565169999999927,19.796198999999987,21.82720950000004,65.77311640477863,38595.23809523808,23.25592822169737,21.767734999999995,20.279541778302622,29.1575,15.2721,0.5933053981624035,0.5209687259606182,Bullish,0.1538461538461538,23.0761,1.0,1.0,2.015519121430991,0.0635380952380941,1.0
199,781.0,781.0,2020-07-30,23.126116,22.7305,21.813580952380946,20.63581799999993,19.819523999999987,21.83493100000004,61.22152498092862,43214.28571428572,23.346103813219123,21.860364999999994,20.37462618678088,29.1575,15.2721,0.5885839653164169,0.5344917738317779,Bullish,0.0,22.7305,-1.0,0.0,-4.551591423850013,0.0539380952380881,-1.0
200,782.0,782.0,2020-07-31,22.972725,22.7305,21.901799999999994,20.706465999999924,19.849760999999987,21.84629250000004,61.22152498092861,47595.23809523808,23.40287597832107,21.957795,20.512714021678928,29.1575,15.2721,0.5781773274420239,0.5432288845538271,Bullish,0.25,22.7305,0.0,0.0,-7.105427357601002e-15,0.0882190476190523,0.0
201,783.0,783.0,2020-08-03,23.110472,22.2794,21.97310952380952,20.768091999999925,19.889116999999985,21.85585950000004,55.41627845012292,51523.809523809534,23.41385764100608,22.01587,20.61788235899391,29.1575,15.2721,0.527449878082404,0.5400730832595425,Bearish,0.0,22.2794,-1.0,0.0,-5.805246530805697,0.0713095238095249,-1.0
202,784.0,784.0,2020-08-04,23.374195,22.0394,22.01699047619047,20.82491799999993,19.931928999999982,21.86422650000004,52.56065842233863,63095.23809523808,23.3347123850706,22.085465,20.83621761492939,29.1575,15.2721,0.4625500259848962,0.5245684718046133,Bearish,0.0,22.0394,-1.0,1.0,-2.8556200277842905,0.0438809523809489,-1.0
203,785.0,785.0,2020-08-05,22.276657,22.049,22.08372857142857,20.881935999999925,19.987794999999984,21.87079850000004,52.66572955763489,72595.23809523809,23.255804616084752,22.14642000000001,21.03703538391525,29.1575,15.2721,0.4071971501138023,0.5010942074664511,Bearish,0.1428571428571428,22.049,0.0,-1.0,0.1050711352962636,0.0667380952380973,0.0
204,786.0,786.0,2020-08-06,23.029446,22.5481,22.165547619047608,20.96237599999993,20.060554999999983,21.87986600000004,57.88791763964648,75190.47619047617,23.27321412478781,22.154574999999998,21.035935875212186,29.1575,15.2721,0.3990033339741856,0.480676032767998,Bearish,0.3,22.5481,1.0,1.0,5.222188082011584,0.0818190476190423,1.0
205,787.0,787.0,2020-08-07,22.792542,22.4809,22.170114285714284,21.040319999999934,20.121219999999983,21.88859750000004,56.97645549425962,84880.95238095237,23.301605022531856,22.17473,21.047854977468127,29.1575,15.2721,0.3826759471528405,0.4610760156449665,Bearish,0.0,22.4809,0.0,0.0,-0.9114621453868564,0.0045666666666761,0.0
206,788.0,788.0,2020-08-10,22.651306,22.337,22.182457142857128,21.10309799999993,20.180445999999986,21.89458200000004,54.9801241328707,84380.95238095237,23.31768698371968,22.19969,21.081693016280312,29.1575,15.2721,0.3540436532369426,0.4396695431633617,Bearish,-0.1666666666666666,22.337,0.0,0.0,-1.9963313613889184,0.0123428571428441,-1.0
207,789.0,789.0,2020-08-11,22.64293,23.94,22.28256190476189,21.203695999999933,20.256661999999984,21.91240600000004,68.30331947416319,86452.38095238095,23.632025635165583,22.316319999999997,21.0006143648344,29.1575,15.2721,0.4554509026961426,0.4428258150699179,Bullish,0.3333333333333333,23.94,1.0,0.0,13.32319534129249,0.1001047619047632,1.0
208,790.0,790.0,2020-08-12,23.2896,24.4,22.415542857142853,21.31349399999993,20.337573999999982,21.927968500000038,70.95927360369261,168119.04761904766,23.97609936862492,22.476105,20.976110631375068,29.1575,15.2721,0.5664058599340223,0.4675418240427388,Bullish,0.0,24.4,1.0,1.0,2.65595412952942,0.1329809523809615,1.0
209,791.0,791.0,2020-08-13,23.009018,24.09,22.552957142857128,21.40557399999993,20.403675999999983,21.94244150000004,66.89141617100951,186642.8571428572,24.15403649535457,22.621829999999992,21.08962350464541,29.1575,15.2721,0.6221522696225712,0.4984639131587053,Bullish,0.0,24.09,-1.0,-1.0,-4.067857432683098,0.137414285714275,-1.0
210,792.0,792.0,2020-08-14,24.54139,24.09,22.691742857142845,21.510131999999924,20.458066999999986,21.95691450000004,66.89141617100951,192952.38095238092,24.28501325036004,22.76467499999999,21.244336749639945,29.1575,15.2721,0.6587381772745964,0.5305187659818835,Bullish,0.0,24.09,0.0,1.0,0.0,0.1387857142857171,0.0
211,793.0,793.0,2020-08-17,24.2081,25.89,22.913499999999992,21.65376199999993,20.51682699999998,21.97508850000004,76.11289018494767,198785.7142857143,24.92244450906404,22.98360499999999,21.044765490935944,29.1575,15.2721,0.8234851057509758,0.589112033935702,Bullish,0.2777777777777778,25.89,1.0,-1.0,9.221474013938163,0.2217571428571467,1.0
212,794.0,794.0,2020-08-18,24.5942,26.49,23.15057619047618,21.799599999999923,20.56901199999998,21.99151700000004,78.28409640989194,289142.8571428572,25.63523032972521,23.17878,20.72232967027477,29.1575,15.2721,0.9910391368278972,0.669497454514141,Bullish,0.1111111111111111,26.49,1.0,1.0,2.171206224944271,0.2370761904761877,1.0
213,795.0,795.0,2020-08-19,25.48522,25.75,23.30121904761904,21.928717999999925,20.61331699999998,22.00424550000004,69.85120471236682,315357.14285714284,26.017274651876697,23.33935499999999,20.66143534812328,29.1575,15.2721,1.0519884302718945,0.7459956496656917,Bullish,0.0555555555555555,25.75,-1.0,1.0,-8.432891697525122,0.1506428571428593,-1.0
214,796.0,796.0,2020-08-20,25.745077,23.82,23.362242857142853,22.023459999999925,20.64052999999998,22.00815300000004,53.62604384924781,329547.61904761905,26.059091395997573,23.41206499999999,20.765038604002413,29.1575,15.2721,0.9337921396052592,0.7835549476536052,Bullish,0.2307692307692308,23.82,-1.0,1.0,-16.225160863119015,0.0610238095238138,-1.0
215,797.0,797.0,2020-08-21,24.995,23.34,23.408633333333324,22.108601999999923,20.662750999999982,22.01196450000004,50.48519007390149,449190.47619047615,26.051180300364965,23.47517499999999,20.899169699635014,29.1575,15.2721,0.7922561040162428,0.7852951789261328,Bullish,0.0,23.34,-1.0,-1.0,-3.140853775346315,0.0463904761904707,-1.0
216,798.0,798.0,2020-08-24,25.537605,22.87,23.446357142857128,22.168409999999923,20.68958299999998,22.00826550000004,47.54855114889205,452214.2857142858,26.04943242162412,23.48742999999999,20.92542757837586,29.1575,15.2721,0.6348446105602754,0.7552050652529613,Bearish,0.1764705882352941,22.87,-1.0,1.0,-2.93663892500944,0.0377238095238041,-1.0
217,799.0,799.0,2020-08-25,24.370157,23.49,23.487552380952373,22.240617999999923,20.727702999999977,22.00199900000004,51.552056533825045,455142.8571428572,26.0644689304074,23.52204499999999,20.97962106959257,29.1575,15.2721,0.5537405104388142,0.7149121542901319,Bearish,0.5,23.49,1.0,-1.0,4.003505384932993,0.0411952380952449,1.0
218,800.0,800.0,2020-08-26,24.343252,23.6,23.525757142857127,22.314257999999924,20.76970599999997,21.99586800000004,52.24845220062622,459952.380952381,26.082528211235594,23.54823999999999,21.013951788764388,29.1575,15.2721,0.4926619076605867,0.6704621049642229,Bearish,0.0,23.6,0.0,0.0,0.6963956668011733,0.0382047619047547,0.0
219,801.0,801.0,2020-08-27,23.73625,23.51,23.54641904761904,22.400495999999915,20.80207399999998,21.98928700000004,51.59498660825152,463214.2857142858,26.09382491243317,23.58721499999999,21.08060508756681,29.1575,15.2721,0.4320144336017435,0.622772570691727,Bearish,-0.0833333333333333,23.51,0.0,-1.0,-0.6534655923746939,0.0206619047619085,0.0
220,802.0,802.0,2020-08-28,23.990665,24.04,23.60877619047617,22.471801999999915,20.84089399999998,21.98272950000004,55.15218910408186,460666.66666666674,26.13465617293797,23.65268999999999,21.17072382706201,29.1575,15.2721,0.4218545672183005,0.5825889699970417,Bearish,0.0625,24.04,1.0,0.0,3.5572024958303388,0.0623571428571345,1.0
221,803.0,803.0,2020-08-31,23.28874,23.99,23.668752380952373,22.552281999999924,20.889100999999982,21.977120000000035,54.74346584631082,458309.5238095239,26.141647777655876,23.73821999999999,21.334792222344117,29.1575,15.2721,0.4050984944994376,0.5470908748975208,Bearish,0.25,23.99,0.0,-1.0,-0.4087232577710438,0.0599761904762026,0.0
222,804.0,804.0,2020-09-01,24.6015,23.9,23.7459238095238,22.608883999999925,20.940823999999974,21.972212500000037,53.96818052546932,454928.5714285714,26.10498776720352,23.83124999999999,21.55751223279645,29.1575,15.2721,0.3801745230587379,0.5137076045297643,Bearish,1.0,23.9,0.0,1.0,-0.7752853208414976,0.0771714285714288,0.0
223,805.0,805.0,2020-09-02,24.188274,23.99,23.838809523809516,22.65998999999992,20.993542999999978,21.967801000000037,54.65969047898782,444547.6190476191,26.050083665694466,23.92829999999999,21.80651633430552,29.1575,15.2721,0.3634942089891453,0.4836649254216405,Bearish,0.1818181818181818,23.99,0.0,-1.0,0.6915099535184979,0.0928857142857104,0.0
224,806.0,806.0,2020-09-03,24.136482,23.88,23.92599999999999,22.710239999999924,21.045161999999976,21.961641500000034,53.59985424761621,435428.5714285714,26.020654738445568,23.994895,21.969135261554413,29.1575,15.2721,0.3375082739318991,0.4544335951236922,Bearish,0.0555555555555555,23.88,0.0,0.0,-1.0598362313716052,0.0871904761904787,0.0
225,807.0,807.0,2020-09-04,24.260921,23.9,23.99037619047617,22.77202599999992,21.08978099999998,21.95558200000003,53.77535024554613,434095.2380952381,25.97029976568228,24.06584999999999,22.1614002343177,29.1575,15.2721,0.314898116563036,0.4265264994115609,Bearish,0.0,23.9,0.0,0.0,0.1754959979299144,0.0643761904761781,0.0
226,808.0,808.0,2020-09-07,24.529112,23.41,24.03461904761903,22.80558199999993,21.127100999999985,21.948178000000038,48.89589805417535,424333.33333333326,25.88122046591015,24.11949999999999,22.357779534089843,29.1575,15.2721,0.2545067041907032,0.3921225403673894,Bearish,0.3333333333333333,23.41,-1.0,1.0,-4.879452191370781,0.0442428571428621,-1.0
227,809.0,809.0,2020-09-08,23.530094,23.33,24.08190476190475,22.83734599999993,21.167555999999976,21.944475000000036,48.1280684683572,498404.7619047619,25.882921960400253,24.08899999999999,22.295078039599733,29.1575,15.2721,0.1979093673839926,0.3532799057707101,Bearish,0.0,23.33,0.0,-1.0,-0.7678295858181485,0.0472857142857172,0.0
228,810.0,810.0,2020-09-09,24.42647,23.03,24.038571428571416,22.865989999999925,21.205970999999977,21.933374000000025,45.25792873792491,570285.7142857143,25.86558509289031,24.02049999999999,22.17541490710968,29.1575,15.2721,0.1273797232490032,0.3080998692663687,Bearish,0.0,23.03,-1.0,1.0,-2.8701397304322924,-0.043333333333333,-1.0
229,811.0,811.0,2020-09-10,23.79691,23.2,23.981428571428555,22.912431999999924,21.24598999999997,21.918055000000027,47.18019588844554,488904.7619047619,25.85485497045564,23.975999999999992,22.097145029544357,29.1575,15.2721,0.0842310878355618,0.2633261129802073,Bearish,0.25,23.2,1.0,-1.0,1.922267150520632,-0.0571428571428604,1.0
230,812.0,812.0,2020-09-11,23.759903,23.12,23.935238095238084,22.95919399999992,21.27916199999997,21.896622000000026,46.35526542857359,472880.9523809524,25.84182364035069,23.927499999999995,22.013176359649297,29.1575,15.2721,0.043083512080468,0.2192775928002594,Bearish,0.0,23.12,0.0,0.0,-0.8249304598719505,-0.0461904761904712,0.0
231,813.0,813.0,2020-09-14,23.513523,23.74,23.91857142857142,23.011635999999925,21.32093399999997,21.875018000000026,53.18671825205468,467261.9047619047,25.509721870606235,23.82,22.130278129393744,29.1575,15.2721,0.0598130921916535,0.1873846926785382,Bearish,0.1875,23.74,1.0,0.0,6.831452823481094,-0.0166666666666657,1.0
232,814.0,814.0,2020-09-15,23.91002000000001,23.4,23.79999999999999,23.06668599999993,21.364872999999967,21.84941000000002,49.46649484156557,464642.8571428572,24.835619224697083,23.665499999999994,22.495380775302905,29.1575,15.2721,0.0451161752737334,0.1589309891975772,Bearish,-0.1111111111111111,23.4,-1.0,1.0,-3.720223410489112,-0.1185714285714283,-1.0
233,815.0,815.0,2020-09-16,23.080824,23.3,23.64809523809523,23.11608799999993,21.41155599999997,21.82012250000001,48.39431909899143,382142.8571428572,24.2262598334492,23.543000000000006,22.859740166550782,29.1575,15.2721,0.0251101443520163,0.1321668202284651,Bearish,0.3333333333333333,23.3,0.0,-1.0,-1.0721757425741387,-0.1519047619047597,0.0
234,816.0,816.0,2020-09-17,24.18771,23.1,23.521904761904757,23.130387999999925,21.450094999999973,21.79273800000001,46.235837990464994,340761.9047619048,24.20382422461093,23.507,22.81017577538908,29.1575,15.2721,-0.006804667844225,0.104372522613927,Bearish,0.5,23.1,-1.0,1.0,-2.1584811085264377,-0.1261904761904766,-1.0
235,817.0,817.0,2020-09-18,23.689724,23.01,23.483333333333324,23.149031999999924,21.487733999999985,21.769419000000024,45.257604277042745,325976.19047619053,24.217341798471345,23.4905,22.76365820152865,29.1575,15.2721,-0.0389110914413457,0.0757157998028725,Bearish,0.125,23.01,0.0,-1.0,-0.9782337134222489,-0.03857142857143,0.0
236,818.0,818.0,2020-09-21,23.698668,22.9,23.462380952380943,23.17027599999993,21.526672999999978,21.745273500000025,44.03140434146717,206309.52380952387,24.2138199221448,23.492,22.7701800778552,29.1575,15.2721,-0.0723971943571371,0.0460932009708705,Bearish,-0.25,22.9,0.0,0.0,-1.226199935575572,-0.0209523809523801,-1.0
237,819.0,819.0,2020-09-22,23.419832,22.28,23.434285714285704,23.183727999999924,21.56037199999998,21.718903500000025,37.81280826508773,202952.38095238092,24.326022777801533,23.4315,22.53697722219845,29.1575,15.2721,-0.1472663952813917,0.0074212817204181,Bearish,0.3333333333333333,22.28,-1.0,-1.0,-6.218596076379441,-0.0280952380952399,-1.0
238,820.0,820.0,2020-09-23,23.571619,22.6,23.39190476190475,23.211641999999923,21.595734999999976,21.698280500000028,42.33921266042281,201714.2857142857,24.342109702223024,23.3815,22.42089029777697,29.1575,15.2721,-0.1787192860877908,-0.0298068318412236,Bearish,0.5,22.6,1.0,0.0,4.526404395335078,-0.0423809523809524,1.0
239,821.0,821.0,2020-09-24,22.481466,22.25,23.32761904761904,23.233131999999923,21.623757999999967,21.683740500000027,38.99592048347889,196285.7142857143,24.395370930058647,23.3185,22.241629069941336,29.1575,15.2721,-0.2292454052541934,-0.0696945465238176,Bearish,0.5,22.25,-1.0,-1.0,-3.343292176943919,-0.0642857142857131,-1.0
240,822.0,822.0,2020-09-25,23.29835,22.05,23.25809523809523,23.249469999999924,21.650644999999976,21.671840500000037,37.18878712135212,189071.4285714285,24.375614023780336,23.218999999999998,22.062385976219648,29.1575,15.2721,-0.2821733287577395,-0.112190302970602,Bearish,0.0,22.05,-1.0,1.0,-1.8071333621267696,-0.0695238095238082,-1.0
241,823.0,823.0,2020-09-28,22.830374,22.0,23.160952380952374,23.25924199999992,21.677031999999976,21.661119000000028,36.7305157304636,187571.4285714285,24.3345962924826,23.119499999999995,21.90440370751739,29.1575,15.2721,-0.3244140286108568,-0.1546350480986529,Bearish,0.0,22.0,0.0,-1.0,-0.4582713908885196,-0.097142857142856,0.0
242,824.0,824.0,2020-09-29,22.67524,22.5,23.08999999999999,23.257511999999924,21.710050999999968,21.650686000000032,44.14313918114788,186833.33333333328,24.237683066705408,23.049499999999995,21.86131693329457,29.1575,15.2721,-0.313925528169726,-0.1864931441128676,Bearish,0.25,22.5,1.0,0.0,7.412623450684279,-0.0709523809523844,1.0
243,825.0,825.0,2020-09-30,22.59215,23.31,23.06190476190476,23.272941999999908,21.751073999999967,21.644303000000036,53.622601894659866,186976.19047619047,24.130766335906024,23.0155,21.900233664093967,29.1575,15.2721,-0.237515158557219,-0.1966975470017378,Bearish,0.2333333333333333,23.31,1.0,0.0,9.479462713511984,-0.0280952380952292,1.0
244,826.0,826.0,2020-10-01,23.083689,22.7,23.00047619047617,23.279625999999908,21.784748999999973,21.632658000000028,47.13505229884957,190928.57142857145,24.005466634362165,22.956499999999995,21.90753336563782,29.1575,15.2721,-0.2236037275667151,-0.2020787831147332,Bearish,0.2857142857142857,22.7,-1.0,1.0,-6.487549595810293,-0.0614285714285891,-1.0
245,827.0,827.0,2020-10-02,22.367216,22.21,22.92095238095237,23.282269999999908,21.814771999999977,21.621604000000037,42.66925695763057,191428.57142857145,23.87458864945001,22.872,21.86941135054997,29.1575,15.2721,-0.2492445867329387,-0.2115119438383744,Bearish,0.2,22.21,-1.0,-1.0,-4.465795341219,-0.0795238095237991,-1.0
246,828.0,828.0,2020-10-05,23.386896,22.5,22.85428571428569,23.27977199999991,21.847694999999977,21.608083500000035,45.934118104463046,190619.0476190477,23.80970445483405,22.82649999999999,21.843295545165933,29.1575,15.2721,-0.2433592816724825,-0.217881411405196,Bearish,0.0,22.5,1.0,1.0,3.264861146832473,-0.066666666666677,1.0
247,829.0,829.0,2020-10-06,23.031189,21.94,22.78428571428569,23.26261799999991,21.877513999999977,21.592224000000037,41.07027588934727,191619.0476190477,23.783569042980517,22.756999999999994,21.730430957019475,29.1575,15.2721,-0.2806473272043455,-0.230434594565026,Bearish,0.0,21.94,-1.0,-1.0,-4.863842215115774,-0.0700000000000002,-1.0
248,830.0,830.0,2020-10-07,23.019236,22.75,22.75666666666665,23.25609599999991,21.91063299999998,21.578110500000037,49.41393691094874,115452.38095238096,23.761903332021983,22.742999999999995,21.72409666797801,29.1575,15.2721,-0.2420479631372352,-0.2327572682794678,Bearish,0.2222222222222222,22.75,1.0,0.0,8.34366102160147,-0.0276190476190443,1.0
249,831.0,831.0,2020-10-08,22.736782,22.98,22.754285714285704,23.261085999999917,21.948451999999985,21.563995000000027,51.51322964004496,41285.71428571428,23.73556564309745,22.732,21.728434356902536,29.1575,15.2721,-0.1907003364392174,-0.2243458819114177,Bullish,0.5,22.98,1.0,-1.0,2.099292729096213,-0.0023809523809461,1.0
250,,,,23.13849449157715,,,,,,,,,,,,,,,,,,,,,,
251,,,,23.31983757019043,,,,,,,,,,,,,,,,,,,,,,
252,,,,23.44322395324707,,,,,,,,,,,,,,,,,,,,,,
253,,,,23.748748779296875,,,,,,,,,,,,,,,,,,,,,,
254,,,,23.938570022583008,,,,,,,,,,,,,,,,,,,,,,
255,,,,24.122392654418945,,,,,,,,,,,,,,,,,,,,,,
256,,,,24.307546615600582,,,,,,,,,,,,,,,,,,,,,,
257,,,,24.491365432739254,,,,,,,,,,,,,,,,,,,,,,
258,,,,24.69355583190918,,,,,,,,,,,,,,,,,,,,,,
259,,,,24.871828079223636,,,,,,,,,,,,,,,,,,,,,,
260,,,,25.047948837280277,,,,,,,,,,,,,,,,,,,,,,
261,,,,25.221921920776367,,,,,,,,,,,,,,,,,,,,,,
262,,,,25.39380645751953,,,,,,,,,,,,,,,,,,,,,,
263,,,,25.564044952392575,,,,,,,,,,,,,,,,,,,,,,
